2026-06-03T19:40:01+02:00 OK health label=production container=odoo-production
2026-06-03T19:40:01+02:00 OK health label=staging container=odoo-staging
2026-06-03T19:40:01+02:00 OK disk path=/opt/odoo used=20%
2026-06-03T19:40:01+02:00 SUMMARY status=ok
2026-06-03T19:45:02+02:00 OK health label=production container=odoo-production
2026-06-03T19:45:02+02:00 OK health label=staging container=odoo-staging
2026-06-03T19:45:02+02:00 OK disk path=/opt/odoo used=20%
2026-06-03T19:45:02+02:00 SUMMARY status=ok
2026-06-03T19:50:01+02:00 OK health label=production container=odoo-production
2026-06-03T19:50:01+02:00 OK health label=staging container=odoo-staging
2026-06-03T19:50:01+02:00 OK disk path=/opt/odoo used=20%
2026-06-03T19:50:01+02:00 SUMMARY status=ok
2026-06-03T19:55:01+02:00 OK health label=production container=odoo-production
2026-06-03T19:55:01+02:00 OK health label=staging container=odoo-staging
2026-06-03T19:55:01+02:00 OK disk path=/opt/odoo used=20%
2026-06-03T19:55:01+02:00 SUMMARY status=ok
2026-06-03T20:00:02+02:00 ERROR container_not_running name=odoo-staging state=exited
2026-06-03T20:00:02+02:00 OK health label=production container=odoo-production
2026-06-03T20:00:02+02:00 ERROR health_failed label=staging container=odoo-staging
2026-06-03T20:00:02+02:00 OK disk path=/opt/odoo used=20%
2026-06-03T20:00:02+02:00 SUMMARY status=fail errors=2
2026-06-03T20:05:01+02:00 ERROR container_not_running name=odoo-staging state=exited
2026-06-03T20:05:01+02:00 OK health label=production container=odoo-production
2026-06-03T20:05:01+02:00 ERROR health_failed label=staging container=odoo-staging
2026-06-03T20:05:01+02:00 OK disk path=/opt/odoo used=20%
2026-06-03T20:05:01+02:00 SUMMARY status=fail errors=2
2026-06-03T20:10:01+02:00 OK health label=production container=odoo-production
2026-06-03T20:10:01+02:00 OK health label=staging container=odoo-staging
2026-06-03T20:10:01+02:00 OK disk path=/opt/odoo used=20%
2026-06-03T20:10:01+02:00 SUMMARY status=ok
2026-06-03T20:15:02+02:00 OK health label=production container=odoo-production
2026-06-03T20:15:02+02:00 OK health label=staging container=odoo-staging
2026-06-03T20:15:02+02:00 OK disk path=/opt/odoo used=20%
2026-06-03T20:15:02+02:00 SUMMARY status=ok
2026-06-03T20:20:03+02:00 OK health label=production container=odoo-production
2026-06-03T20:20:03+02:00 OK health label=staging container=odoo-staging
2026-06-03T20:20:03+02:00 OK disk path=/opt/odoo used=20%
2026-06-03T20:20:03+02:00 SUMMARY status=ok
2026-06-03T20:25:01+02:00 OK health label=production container=odoo-production
2026-06-03T20:25:01+02:00 OK health label=staging container=odoo-staging
2026-06-03T20:25:01+02:00 OK disk path=/opt/odoo used=20%
2026-06-03T20:25:01+02:00 SUMMARY status=ok
2026-06-03T20:30:01+02:00 OK health label=production container=odoo-production
2026-06-03T20:30:01+02:00 OK health label=staging container=odoo-staging
2026-06-03T20:30:01+02:00 OK disk path=/opt/odoo used=20%
2026-06-03T20:30:01+02:00 SUMMARY status=ok
2026-06-03T20:35:01+02:00 OK health label=production container=odoo-production
2026-06-03T20:35:01+02:00 OK health label=staging container=odoo-staging
2026-06-03T20:35:01+02:00 OK disk path=/opt/odoo used=20%
2026-06-03T20:35:01+02:00 SUMMARY status=ok
2026-06-03T20:40:02+02:00 OK health label=production container=odoo-production
2026-06-03T20:40:02+02:00 ERROR health_failed label=staging container=odoo-staging
2026-06-03T20:40:02+02:00 OK disk path=/opt/odoo used=20%
2026-06-03T20:40:02+02:00 SUMMARY status=fail errors=1
2026-06-03T20:45:01+02:00 OK health label=production container=odoo-production
2026-06-03T20:45:01+02:00 OK health label=staging container=odoo-staging
2026-06-03T20:45:01+02:00 OK disk path=/opt/odoo used=20%
2026-06-03T20:45:01+02:00 SUMMARY status=ok
2026-06-03T20:50:02+02:00 OK health label=production container=odoo-production
2026-06-03T20:50:02+02:00 OK health label=staging container=odoo-staging
2026-06-03T20:50:02+02:00 OK disk path=/opt/odoo used=20%
2026-06-03T20:50:02+02:00 SUMMARY status=ok
2026-06-03T20:55:01+02:00 OK health label=production container=odoo-production
2026-06-03T20:55:01+02:00 OK health label=staging container=odoo-staging
2026-06-03T20:55:01+02:00 OK disk path=/opt/odoo used=20%
2026-06-03T20:55:01+02:00 SUMMARY status=ok
2026-06-03T21:00:01+02:00 OK health label=production container=odoo-production
2026-06-03T21:00:01+02:00 OK health label=staging container=odoo-staging
2026-06-03T21:00:01+02:00 OK disk path=/opt/odoo used=20%
2026-06-03T21:00:01+02:00 SUMMARY status=ok
2026-06-03T21:05:02+02:00 OK health label=production container=odoo-production
2026-06-03T21:05:02+02:00 OK health label=staging container=odoo-staging
2026-06-03T21:05:02+02:00 OK disk path=/opt/odoo used=20%
2026-06-03T21:05:02+02:00 SUMMARY status=ok
2026-06-03T21:10:01+02:00 OK health label=production container=odoo-production
2026-06-03T21:10:01+02:00 OK health label=staging container=odoo-staging
2026-06-03T21:10:01+02:00 OK disk path=/opt/odoo used=20%
2026-06-03T21:10:01+02:00 SUMMARY status=ok
2026-06-03T21:15:01+02:00 ERROR container_not_running name=odoo-staging state=exited
2026-06-03T21:15:01+02:00 OK health label=production container=odoo-production
2026-06-03T21:15:01+02:00 ERROR health_failed label=staging container=odoo-staging
2026-06-03T21:15:01+02:00 OK disk path=/opt/odoo used=20%
2026-06-03T21:15:01+02:00 SUMMARY status=fail errors=2
2026-06-03T21:20:03+02:00 OK health label=production container=odoo-production
2026-06-03T21:20:03+02:00 OK health label=staging container=odoo-staging
2026-06-03T21:20:03+02:00 OK disk path=/opt/odoo used=20%
2026-06-03T21:20:03+02:00 SUMMARY status=ok
2026-06-03T21:25:02+02:00 OK health label=production container=odoo-production
2026-06-03T21:25:02+02:00 OK health label=staging container=odoo-staging
2026-06-03T21:25:02+02:00 OK disk path=/opt/odoo used=20%
2026-06-03T21:25:02+02:00 SUMMARY status=ok
2026-06-03T21:30:01+02:00 ERROR container_not_running name=odoo-staging state=exited
2026-06-03T21:30:01+02:00 OK health label=production container=odoo-production
2026-06-03T21:30:01+02:00 ERROR health_failed label=staging container=odoo-staging
2026-06-03T21:30:01+02:00 OK disk path=/opt/odoo used=20%
2026-06-03T21:30:01+02:00 SUMMARY status=fail errors=2
2026-06-03T21:35:02+02:00 ERROR container_not_running name=odoo-staging state=removing
2026-06-03T21:35:02+02:00 ERROR container_not_running name=odoo-staging-db state=created
2026-06-03T21:35:02+02:00 OK health label=production container=odoo-production
2026-06-03T21:35:02+02:00 ERROR health_failed label=staging container=odoo-staging
2026-06-03T21:35:02+02:00 OK disk path=/opt/odoo used=20%
2026-06-03T21:35:02+02:00 SUMMARY status=fail errors=3
2026-06-03T21:40:01+02:00 ERROR container_not_running name=odoo-staging state=exited
2026-06-03T21:40:01+02:00 OK health label=production container=odoo-production
2026-06-03T21:40:01+02:00 ERROR health_failed label=staging container=odoo-staging
2026-06-03T21:40:01+02:00 OK disk path=/opt/odoo used=20%
2026-06-03T21:40:01+02:00 SUMMARY status=fail errors=2
2026-06-03T21:45:01+02:00 OK health label=production container=odoo-production
2026-06-03T21:45:01+02:00 OK health label=staging container=odoo-staging
2026-06-03T21:45:01+02:00 OK disk path=/opt/odoo used=20%
2026-06-03T21:45:01+02:00 SUMMARY status=ok
2026-06-03T21:50:02+02:00 OK health label=production container=odoo-production
2026-06-03T21:50:02+02:00 OK health label=staging container=odoo-staging
2026-06-03T21:50:02+02:00 OK disk path=/opt/odoo used=20%
2026-06-03T21:50:02+02:00 SUMMARY status=ok
2026-06-03T21:55:02+02:00 ERROR container_not_running name=odoo-staging state=exited
2026-06-03T21:55:02+02:00 OK health label=production container=odoo-production
2026-06-03T21:55:02+02:00 ERROR health_failed label=staging container=odoo-staging
2026-06-03T21:55:02+02:00 OK disk path=/opt/odoo used=20%
2026-06-03T21:55:02+02:00 SUMMARY status=fail errors=2
2026-06-03T22:00:01+02:00 ERROR container_unhealthy name=odoo-staging health=starting
2026-06-03T22:00:01+02:00 OK health label=production container=odoo-production
2026-06-03T22:00:01+02:00 OK health label=staging container=odoo-staging
2026-06-03T22:00:01+02:00 OK disk path=/opt/odoo used=20%
2026-06-03T22:00:01+02:00 SUMMARY status=fail errors=1
2026-06-03T22:05:01+02:00 OK health label=production container=odoo-production
2026-06-03T22:05:01+02:00 OK health label=staging container=odoo-staging
2026-06-03T22:05:01+02:00 OK disk path=/opt/odoo used=20%
2026-06-03T22:05:01+02:00 SUMMARY status=ok
2026-06-03T22:10:01+02:00 OK health label=production container=odoo-production
2026-06-03T22:10:01+02:00 OK health label=staging container=odoo-staging
2026-06-03T22:10:01+02:00 OK disk path=/opt/odoo used=20%
2026-06-03T22:10:01+02:00 SUMMARY status=ok
2026-06-03T22:15:02+02:00 ERROR container_not_running name=odoo-staging state=exited
2026-06-03T22:15:02+02:00 OK health label=production container=odoo-production
2026-06-03T22:15:02+02:00 ERROR health_failed label=staging container=odoo-staging
2026-06-03T22:15:02+02:00 OK disk path=/opt/odoo used=20%
2026-06-03T22:15:02+02:00 SUMMARY status=fail errors=2
2026-06-03T22:20:01+02:00 ERROR container_not_running name=odoo-staging state=exited
2026-06-03T22:20:01+02:00 OK health label=production container=odoo-production
2026-06-03T22:20:01+02:00 ERROR health_failed label=staging container=odoo-staging
2026-06-03T22:20:01+02:00 OK disk path=/opt/odoo used=20%
2026-06-03T22:20:01+02:00 SUMMARY status=fail errors=2
2026-06-03T22:25:01+02:00 ERROR container_not_running name=odoo-staging state=exited
2026-06-03T22:25:01+02:00 OK health label=production container=odoo-production
2026-06-03T22:25:01+02:00 ERROR health_failed label=staging container=odoo-staging
2026-06-03T22:25:01+02:00 OK disk path=/opt/odoo used=20%
2026-06-03T22:25:01+02:00 SUMMARY status=fail errors=2
2026-06-03T22:30:01+02:00 OK health label=production container=odoo-production
2026-06-03T22:30:01+02:00 OK health label=staging container=odoo-staging
2026-06-03T22:30:01+02:00 OK disk path=/opt/odoo used=20%
2026-06-03T22:30:01+02:00 SUMMARY status=ok
2026-06-03T22:35:02+02:00 OK health label=production container=odoo-production
2026-06-03T22:35:02+02:00 OK health label=staging container=odoo-staging
2026-06-03T22:35:02+02:00 OK disk path=/opt/odoo used=20%
2026-06-03T22:35:02+02:00 SUMMARY status=ok
2026-06-03T22:40:02+02:00 OK health label=production container=odoo-production
2026-06-03T22:40:02+02:00 OK health label=staging container=odoo-staging
2026-06-03T22:40:02+02:00 OK disk path=/opt/odoo used=20%
2026-06-03T22:40:02+02:00 SUMMARY status=ok
2026-06-03T22:45:01+02:00 OK health label=production container=odoo-production
2026-06-03T22:45:01+02:00 OK health label=staging container=odoo-staging
2026-06-03T22:45:01+02:00 OK disk path=/opt/odoo used=20%
2026-06-03T22:45:01+02:00 SUMMARY status=ok
2026-06-03T22:50:02+02:00 OK health label=production container=odoo-production
2026-06-03T22:50:02+02:00 OK health label=staging container=odoo-staging
2026-06-03T22:50:02+02:00 OK disk path=/opt/odoo used=20%
2026-06-03T22:50:02+02:00 SUMMARY status=ok
2026-06-03T22:55:01+02:00 OK health label=production container=odoo-production
2026-06-03T22:55:01+02:00 OK health label=staging container=odoo-staging
2026-06-03T22:55:01+02:00 OK disk path=/opt/odoo used=20%
2026-06-03T22:55:01+02:00 SUMMARY status=ok
2026-06-03T23:00:01+02:00 OK health label=production container=odoo-production
2026-06-03T23:00:01+02:00 OK health label=staging container=odoo-staging
2026-06-03T23:00:01+02:00 OK disk path=/opt/odoo used=20%
2026-06-03T23:00:01+02:00 SUMMARY status=ok
2026-06-03T23:05:01+02:00 OK health label=production container=odoo-production
2026-06-03T23:05:01+02:00 OK health label=staging container=odoo-staging
2026-06-03T23:05:01+02:00 OK disk path=/opt/odoo used=20%
2026-06-03T23:05:01+02:00 SUMMARY status=ok
2026-06-03T23:10:01+02:00 OK health label=production container=odoo-production
2026-06-03T23:10:01+02:00 OK health label=staging container=odoo-staging
2026-06-03T23:10:01+02:00 OK disk path=/opt/odoo used=20%
2026-06-03T23:10:01+02:00 SUMMARY status=ok
2026-06-03T23:15:02+02:00 OK health label=production container=odoo-production
2026-06-03T23:15:02+02:00 OK health label=staging container=odoo-staging
2026-06-03T23:15:02+02:00 OK disk path=/opt/odoo used=20%
2026-06-03T23:15:02+02:00 SUMMARY status=ok
2026-06-03T23:20:02+02:00 OK health label=production container=odoo-production
2026-06-03T23:20:02+02:00 OK health label=staging container=odoo-staging
2026-06-03T23:20:02+02:00 OK disk path=/opt/odoo used=20%
2026-06-03T23:20:02+02:00 SUMMARY status=ok
2026-06-03T23:25:02+02:00 OK health label=production container=odoo-production
2026-06-03T23:25:02+02:00 OK health label=staging container=odoo-staging
2026-06-03T23:25:02+02:00 OK disk path=/opt/odoo used=20%
2026-06-03T23:25:02+02:00 SUMMARY status=ok
2026-06-03T23:30:01+02:00 OK health label=production container=odoo-production
2026-06-03T23:30:01+02:00 OK health label=staging container=odoo-staging
2026-06-03T23:30:01+02:00 OK disk path=/opt/odoo used=20%
2026-06-03T23:30:01+02:00 SUMMARY status=ok
2026-06-03T23:35:01+02:00 OK health label=production container=odoo-production
2026-06-03T23:35:01+02:00 OK health label=staging container=odoo-staging
2026-06-03T23:35:01+02:00 OK disk path=/opt/odoo used=20%
2026-06-03T23:35:01+02:00 SUMMARY status=ok
2026-06-03T23:40:01+02:00 OK health label=production container=odoo-production
2026-06-03T23:40:01+02:00 OK health label=staging container=odoo-staging
2026-06-03T23:40:01+02:00 OK disk path=/opt/odoo used=20%
2026-06-03T23:40:01+02:00 SUMMARY status=ok
2026-06-03T23:45:01+02:00 OK health label=production container=odoo-production
2026-06-03T23:45:01+02:00 OK health label=staging container=odoo-staging
2026-06-03T23:45:01+02:00 OK disk path=/opt/odoo used=20%
2026-06-03T23:45:01+02:00 SUMMARY status=ok
2026-06-03T23:50:02+02:00 OK health label=production container=odoo-production
2026-06-03T23:50:02+02:00 OK health label=staging container=odoo-staging
2026-06-03T23:50:02+02:00 OK disk path=/opt/odoo used=20%
2026-06-03T23:50:02+02:00 SUMMARY status=ok
2026-06-03T23:55:01+02:00 OK health label=production container=odoo-production
2026-06-03T23:55:01+02:00 OK health label=staging container=odoo-staging
2026-06-03T23:55:01+02:00 OK disk path=/opt/odoo used=20%
2026-06-03T23:55:01+02:00 SUMMARY status=ok
2026-06-04T00:00:02+02:00 OK health label=production container=odoo-production
2026-06-04T00:00:02+02:00 OK health label=staging container=odoo-staging
2026-06-04T00:00:02+02:00 OK disk path=/opt/odoo used=20%
2026-06-04T00:00:02+02:00 SUMMARY status=ok
2026-06-04T00:05:02+02:00 OK health label=production container=odoo-production
2026-06-04T00:05:02+02:00 OK health label=staging container=odoo-staging
2026-06-04T00:05:02+02:00 OK disk path=/opt/odoo used=20%
2026-06-04T00:05:02+02:00 SUMMARY status=ok
2026-06-04T00:10:02+02:00 OK health label=production container=odoo-production
2026-06-04T00:10:02+02:00 OK health label=staging container=odoo-staging
2026-06-04T00:10:02+02:00 OK disk path=/opt/odoo used=20%
2026-06-04T00:10:02+02:00 SUMMARY status=ok
2026-06-04T00:15:02+02:00 OK health label=production container=odoo-production
2026-06-04T00:15:02+02:00 OK health label=staging container=odoo-staging
2026-06-04T00:15:02+02:00 OK disk path=/opt/odoo used=20%
2026-06-04T00:15:02+02:00 SUMMARY status=ok
2026-06-04T00:20:02+02:00 OK health label=production container=odoo-production
2026-06-04T00:20:02+02:00 OK health label=staging container=odoo-staging
2026-06-04T00:20:02+02:00 OK disk path=/opt/odoo used=20%
2026-06-04T00:20:02+02:00 SUMMARY status=ok
2026-06-04T00:25:02+02:00 OK health label=production container=odoo-production
2026-06-04T00:25:02+02:00 OK health label=staging container=odoo-staging
2026-06-04T00:25:02+02:00 OK disk path=/opt/odoo used=20%
2026-06-04T00:25:02+02:00 SUMMARY status=ok
2026-06-04T00:30:01+02:00 OK health label=production container=odoo-production
2026-06-04T00:30:01+02:00 OK health label=staging container=odoo-staging
2026-06-04T00:30:01+02:00 OK disk path=/opt/odoo used=20%
2026-06-04T00:30:01+02:00 SUMMARY status=ok
2026-06-04T00:35:02+02:00 OK health label=production container=odoo-production
2026-06-04T00:35:02+02:00 OK health label=staging container=odoo-staging
2026-06-04T00:35:02+02:00 OK disk path=/opt/odoo used=20%
2026-06-04T00:35:02+02:00 SUMMARY status=ok
2026-06-04T00:40:01+02:00 OK health label=production container=odoo-production
2026-06-04T00:40:01+02:00 OK health label=staging container=odoo-staging
2026-06-04T00:40:01+02:00 OK disk path=/opt/odoo used=20%
2026-06-04T00:40:01+02:00 SUMMARY status=ok
2026-06-04T00:45:02+02:00 OK health label=production container=odoo-production
2026-06-04T00:45:02+02:00 OK health label=staging container=odoo-staging
2026-06-04T00:45:02+02:00 OK disk path=/opt/odoo used=20%
2026-06-04T00:45:02+02:00 SUMMARY status=ok
2026-06-04T00:50:01+02:00 OK health label=production container=odoo-production
2026-06-04T00:50:01+02:00 OK health label=staging container=odoo-staging
2026-06-04T00:50:01+02:00 OK disk path=/opt/odoo used=20%
2026-06-04T00:50:01+02:00 SUMMARY status=ok
2026-06-04T00:55:01+02:00 OK health label=production container=odoo-production
2026-06-04T00:55:01+02:00 OK health label=staging container=odoo-staging
2026-06-04T00:55:01+02:00 OK disk path=/opt/odoo used=20%
2026-06-04T00:55:01+02:00 SUMMARY status=ok
2026-06-04T01:00:02+02:00 OK health label=production container=odoo-production
2026-06-04T01:00:02+02:00 OK health label=staging container=odoo-staging
2026-06-04T01:00:02+02:00 OK disk path=/opt/odoo used=20%
2026-06-04T01:00:02+02:00 SUMMARY status=ok
2026-06-04T01:05:02+02:00 OK health label=production container=odoo-production
2026-06-04T01:05:02+02:00 OK health label=staging container=odoo-staging
2026-06-04T01:05:02+02:00 OK disk path=/opt/odoo used=20%
2026-06-04T01:05:02+02:00 SUMMARY status=ok
2026-06-04T01:10:01+02:00 OK health label=production container=odoo-production
2026-06-04T01:10:01+02:00 OK health label=staging container=odoo-staging
2026-06-04T01:10:01+02:00 OK disk path=/opt/odoo used=20%
2026-06-04T01:10:01+02:00 SUMMARY status=ok
2026-06-04T01:15:01+02:00 ERROR container_not_running name=odoo-staging state=exited
2026-06-04T01:15:01+02:00 OK health label=production container=odoo-production
2026-06-04T01:15:01+02:00 ERROR health_failed label=staging container=odoo-staging
2026-06-04T01:15:01+02:00 OK disk path=/opt/odoo used=20%
2026-06-04T01:15:01+02:00 SUMMARY status=fail errors=2
2026-06-04T01:20:01+02:00 OK health label=production container=odoo-production
2026-06-04T01:20:01+02:00 OK health label=staging container=odoo-staging
2026-06-04T01:20:01+02:00 OK disk path=/opt/odoo used=20%
2026-06-04T01:20:01+02:00 SUMMARY status=ok
2026-06-04T01:25:01+02:00 OK health label=production container=odoo-production
2026-06-04T01:25:01+02:00 OK health label=staging container=odoo-staging
2026-06-04T01:25:01+02:00 OK disk path=/opt/odoo used=20%
2026-06-04T01:25:01+02:00 SUMMARY status=ok
2026-06-04T01:30:01+02:00 OK health label=production container=odoo-production
2026-06-04T01:30:01+02:00 OK health label=staging container=odoo-staging
2026-06-04T01:30:01+02:00 OK disk path=/opt/odoo used=20%
2026-06-04T01:30:01+02:00 SUMMARY status=ok
2026-06-04T01:35:01+02:00 OK health label=production container=odoo-production
2026-06-04T01:35:01+02:00 OK health label=staging container=odoo-staging
2026-06-04T01:35:01+02:00 OK disk path=/opt/odoo used=20%
2026-06-04T01:35:01+02:00 SUMMARY status=ok
2026-06-04T01:45:01+02:00 OK health label=production container=odoo-production
2026-06-04T01:45:01+02:00 OK health label=staging container=odoo-staging
2026-06-04T01:45:01+02:00 OK disk path=/opt/odoo used=20%
2026-06-04T01:45:01+02:00 SUMMARY status=ok
2026-06-04T01:50:01+02:00 OK health label=production container=odoo-production
2026-06-04T01:50:01+02:00 OK health label=staging container=odoo-staging
2026-06-04T01:50:01+02:00 OK disk path=/opt/odoo used=20%
2026-06-04T01:50:01+02:00 SUMMARY status=ok
2026-06-04T01:55:01+02:00 OK health label=production container=odoo-production
2026-06-04T01:55:01+02:00 OK health label=staging container=odoo-staging
2026-06-04T01:55:01+02:00 OK disk path=/opt/odoo used=20%
2026-06-04T01:55:01+02:00 SUMMARY status=ok
2026-06-04T02:00:01+02:00 OK health label=production container=odoo-production
2026-06-04T02:00:01+02:00 OK health label=staging container=odoo-staging
2026-06-04T02:00:01+02:00 OK disk path=/opt/odoo used=20%
2026-06-04T02:00:01+02:00 SUMMARY status=ok
2026-06-04T02:05:01+02:00 OK health label=production container=odoo-production
2026-06-04T02:05:01+02:00 OK health label=staging container=odoo-staging
2026-06-04T02:05:01+02:00 OK disk path=/opt/odoo used=20%
2026-06-04T02:05:01+02:00 SUMMARY status=ok
2026-06-04T02:10:01+02:00 OK health label=production container=odoo-production
2026-06-04T02:10:01+02:00 OK health label=staging container=odoo-staging
2026-06-04T02:10:01+02:00 OK disk path=/opt/odoo used=20%
2026-06-04T02:10:01+02:00 SUMMARY status=ok
2026-06-04T02:15:01+02:00 OK health label=production container=odoo-production
2026-06-04T02:15:01+02:00 OK health label=staging container=odoo-staging
2026-06-04T02:15:01+02:00 OK disk path=/opt/odoo used=22%
2026-06-04T02:15:01+02:00 SUMMARY status=ok
2026-06-04T02:20:01+02:00 OK health label=production container=odoo-production
2026-06-04T02:20:01+02:00 OK health label=staging container=odoo-staging
2026-06-04T02:20:01+02:00 OK disk path=/opt/odoo used=22%
2026-06-04T02:20:01+02:00 SUMMARY status=ok
2026-06-04T02:25:02+02:00 OK health label=production container=odoo-production
2026-06-04T02:25:02+02:00 OK health label=staging container=odoo-staging
2026-06-04T02:25:02+02:00 OK disk path=/opt/odoo used=22%
2026-06-04T02:25:02+02:00 SUMMARY status=ok
2026-06-04T02:30:01+02:00 OK health label=production container=odoo-production
2026-06-04T02:30:01+02:00 OK health label=staging container=odoo-staging
2026-06-04T02:30:01+02:00 OK disk path=/opt/odoo used=22%
2026-06-04T02:30:01+02:00 SUMMARY status=ok
2026-06-04T02:35:02+02:00 OK health label=production container=odoo-production
2026-06-04T02:35:02+02:00 OK health label=staging container=odoo-staging
2026-06-04T02:35:02+02:00 OK disk path=/opt/odoo used=22%
2026-06-04T02:35:02+02:00 SUMMARY status=ok
2026-06-04T02:40:01+02:00 OK health label=production container=odoo-production
2026-06-04T02:40:01+02:00 OK health label=staging container=odoo-staging
2026-06-04T02:40:01+02:00 OK disk path=/opt/odoo used=22%
2026-06-04T02:40:01+02:00 SUMMARY status=ok
2026-06-04T02:45:02+02:00 OK health label=production container=odoo-production
2026-06-04T02:45:02+02:00 OK health label=staging container=odoo-staging
2026-06-04T02:45:02+02:00 OK disk path=/opt/odoo used=22%
2026-06-04T02:45:02+02:00 SUMMARY status=ok
2026-06-04T02:50:01+02:00 OK health label=production container=odoo-production
2026-06-04T02:50:01+02:00 OK health label=staging container=odoo-staging
2026-06-04T02:50:01+02:00 OK disk path=/opt/odoo used=22%
2026-06-04T02:50:01+02:00 SUMMARY status=ok
2026-06-04T02:55:01+02:00 OK health label=production container=odoo-production
2026-06-04T02:55:01+02:00 OK health label=staging container=odoo-staging
2026-06-04T02:55:01+02:00 OK disk path=/opt/odoo used=22%
2026-06-04T02:55:01+02:00 SUMMARY status=ok
2026-06-04T03:00:02+02:00 OK health label=production container=odoo-production
2026-06-04T03:00:02+02:00 OK health label=staging container=odoo-staging
2026-06-04T03:00:02+02:00 OK disk path=/opt/odoo used=22%
2026-06-04T03:00:02+02:00 SUMMARY status=ok
2026-06-04T03:05:01+02:00 OK health label=production container=odoo-production
2026-06-04T03:05:01+02:00 OK health label=staging container=odoo-staging
2026-06-04T03:05:01+02:00 OK disk path=/opt/odoo used=22%
2026-06-04T03:05:01+02:00 SUMMARY status=ok
2026-06-04T03:10:02+02:00 OK health label=production container=odoo-production
2026-06-04T03:10:02+02:00 OK health label=staging container=odoo-staging
2026-06-04T03:10:02+02:00 OK disk path=/opt/odoo used=22%
2026-06-04T03:10:02+02:00 SUMMARY status=ok
2026-06-04T03:15:01+02:00 OK health label=production container=odoo-production
2026-06-04T03:15:01+02:00 OK health label=staging container=odoo-staging
2026-06-04T03:15:01+02:00 OK disk path=/opt/odoo used=22%
2026-06-04T03:15:01+02:00 SUMMARY status=ok
2026-06-04T03:20:01+02:00 OK health label=production container=odoo-production
2026-06-04T03:20:01+02:00 OK health label=staging container=odoo-staging
2026-06-04T03:20:01+02:00 OK disk path=/opt/odoo used=22%
2026-06-04T03:20:01+02:00 SUMMARY status=ok
2026-06-04T03:25:02+02:00 OK health label=production container=odoo-production
2026-06-04T03:25:02+02:00 OK health label=staging container=odoo-staging
2026-06-04T03:25:02+02:00 OK disk path=/opt/odoo used=22%
2026-06-04T03:25:02+02:00 SUMMARY status=ok
2026-06-04T03:30:02+02:00 OK health label=production container=odoo-production
2026-06-04T03:30:02+02:00 OK health label=staging container=odoo-staging
2026-06-04T03:30:02+02:00 OK disk path=/opt/odoo used=22%
2026-06-04T03:30:02+02:00 SUMMARY status=ok
2026-06-04T03:35:02+02:00 OK health label=production container=odoo-production
2026-06-04T03:35:02+02:00 OK health label=staging container=odoo-staging
2026-06-04T03:35:02+02:00 OK disk path=/opt/odoo used=22%
2026-06-04T03:35:02+02:00 SUMMARY status=ok
2026-06-04T03:40:01+02:00 OK health label=production container=odoo-production
2026-06-04T03:40:01+02:00 OK health label=staging container=odoo-staging
2026-06-04T03:40:01+02:00 OK disk path=/opt/odoo used=22%
2026-06-04T03:40:01+02:00 SUMMARY status=ok
2026-06-04T03:45:01+02:00 OK health label=production container=odoo-production
2026-06-04T03:45:01+02:00 OK health label=staging container=odoo-staging
2026-06-04T03:45:01+02:00 OK disk path=/opt/odoo used=22%
2026-06-04T03:45:01+02:00 SUMMARY status=ok
2026-06-04T03:50:02+02:00 OK health label=production container=odoo-production
2026-06-04T03:50:02+02:00 OK health label=staging container=odoo-staging
2026-06-04T03:50:02+02:00 OK disk path=/opt/odoo used=22%
2026-06-04T03:50:02+02:00 SUMMARY status=ok
2026-06-04T03:55:01+02:00 OK health label=production container=odoo-production
2026-06-04T03:55:01+02:00 OK health label=staging container=odoo-staging
2026-06-04T03:55:01+02:00 OK disk path=/opt/odoo used=22%
2026-06-04T03:55:01+02:00 SUMMARY status=ok
2026-06-04T04:00:01+02:00 OK health label=production container=odoo-production
2026-06-04T04:00:01+02:00 OK health label=staging container=odoo-staging
2026-06-04T04:00:01+02:00 OK disk path=/opt/odoo used=22%
2026-06-04T04:00:01+02:00 SUMMARY status=ok
2026-06-04T04:05:02+02:00 OK health label=production container=odoo-production
2026-06-04T04:05:02+02:00 OK health label=staging container=odoo-staging
2026-06-04T04:05:02+02:00 OK disk path=/opt/odoo used=22%
2026-06-04T04:05:02+02:00 SUMMARY status=ok
2026-06-04T04:10:01+02:00 OK health label=production container=odoo-production
2026-06-04T04:10:01+02:00 OK health label=staging container=odoo-staging
2026-06-04T04:10:01+02:00 OK disk path=/opt/odoo used=22%
2026-06-04T04:10:01+02:00 SUMMARY status=ok
2026-06-04T04:15:01+02:00 OK health label=production container=odoo-production
2026-06-04T04:15:01+02:00 OK health label=staging container=odoo-staging
2026-06-04T04:15:01+02:00 OK disk path=/opt/odoo used=22%
2026-06-04T04:15:01+02:00 SUMMARY status=ok
2026-06-04T04:20:02+02:00 OK health label=production container=odoo-production
2026-06-04T04:20:02+02:00 OK health label=staging container=odoo-staging
2026-06-04T04:20:02+02:00 OK disk path=/opt/odoo used=22%
2026-06-04T04:20:02+02:00 SUMMARY status=ok
2026-06-04T04:25:02+02:00 OK health label=production container=odoo-production
2026-06-04T04:25:02+02:00 OK health label=staging container=odoo-staging
2026-06-04T04:25:02+02:00 OK disk path=/opt/odoo used=22%
2026-06-04T04:25:02+02:00 SUMMARY status=ok
2026-06-04T04:30:03+02:00 OK health label=production container=odoo-production
2026-06-04T04:30:03+02:00 OK health label=staging container=odoo-staging
2026-06-04T04:30:03+02:00 OK disk path=/opt/odoo used=22%
2026-06-04T04:30:03+02:00 SUMMARY status=ok
2026-06-04T04:35:01+02:00 OK health label=production container=odoo-production
2026-06-04T04:35:01+02:00 OK health label=staging container=odoo-staging
2026-06-04T04:35:01+02:00 OK disk path=/opt/odoo used=22%
2026-06-04T04:35:01+02:00 SUMMARY status=ok
2026-06-04T04:40:01+02:00 OK health label=production container=odoo-production
2026-06-04T04:40:01+02:00 OK health label=staging container=odoo-staging
2026-06-04T04:40:01+02:00 OK disk path=/opt/odoo used=22%
2026-06-04T04:40:01+02:00 SUMMARY status=ok
2026-06-04T04:45:01+02:00 OK health label=production container=odoo-production
2026-06-04T04:45:01+02:00 OK health label=staging container=odoo-staging
2026-06-04T04:45:01+02:00 OK disk path=/opt/odoo used=22%
2026-06-04T04:45:01+02:00 SUMMARY status=ok
2026-06-04T04:50:01+02:00 OK health label=production container=odoo-production
2026-06-04T04:50:01+02:00 OK health label=staging container=odoo-staging
2026-06-04T04:50:01+02:00 OK disk path=/opt/odoo used=22%
2026-06-04T04:50:01+02:00 SUMMARY status=ok
2026-06-04T04:55:01+02:00 OK health label=production container=odoo-production
2026-06-04T04:55:01+02:00 OK health label=staging container=odoo-staging
2026-06-04T04:55:01+02:00 OK disk path=/opt/odoo used=22%
2026-06-04T04:55:01+02:00 SUMMARY status=ok
2026-06-04T05:00:01+02:00 OK health label=production container=odoo-production
2026-06-04T05:00:01+02:00 OK health label=staging container=odoo-staging
2026-06-04T05:00:01+02:00 OK disk path=/opt/odoo used=22%
2026-06-04T05:00:01+02:00 SUMMARY status=ok
2026-06-04T05:05:01+02:00 OK health label=production container=odoo-production
2026-06-04T05:05:01+02:00 OK health label=staging container=odoo-staging
2026-06-04T05:05:01+02:00 OK disk path=/opt/odoo used=22%
2026-06-04T05:05:01+02:00 SUMMARY status=ok
2026-06-04T05:10:02+02:00 OK health label=production container=odoo-production
2026-06-04T05:10:02+02:00 OK health label=staging container=odoo-staging
2026-06-04T05:10:02+02:00 OK disk path=/opt/odoo used=22%
2026-06-04T05:10:02+02:00 SUMMARY status=ok
2026-06-04T05:15:02+02:00 OK health label=production container=odoo-production
2026-06-04T05:15:02+02:00 OK health label=staging container=odoo-staging
2026-06-04T05:15:02+02:00 OK disk path=/opt/odoo used=22%
2026-06-04T05:15:02+02:00 SUMMARY status=ok
2026-06-04T05:20:02+02:00 OK health label=production container=odoo-production
2026-06-04T05:20:02+02:00 OK health label=staging container=odoo-staging
2026-06-04T05:20:02+02:00 OK disk path=/opt/odoo used=22%
2026-06-04T05:20:02+02:00 SUMMARY status=ok
2026-06-04T05:25:01+02:00 OK health label=production container=odoo-production
2026-06-04T05:25:01+02:00 OK health label=staging container=odoo-staging
2026-06-04T05:25:01+02:00 OK disk path=/opt/odoo used=22%
2026-06-04T05:25:01+02:00 SUMMARY status=ok
2026-06-04T05:30:02+02:00 OK health label=production container=odoo-production
2026-06-04T05:30:02+02:00 OK health label=staging container=odoo-staging
2026-06-04T05:30:02+02:00 OK disk path=/opt/odoo used=22%
2026-06-04T05:30:02+02:00 SUMMARY status=ok
2026-06-04T05:35:01+02:00 OK health label=production container=odoo-production
2026-06-04T05:35:01+02:00 OK health label=staging container=odoo-staging
2026-06-04T05:35:01+02:00 OK disk path=/opt/odoo used=22%
2026-06-04T05:35:01+02:00 SUMMARY status=ok
2026-06-04T05:40:01+02:00 OK health label=production container=odoo-production
2026-06-04T05:40:01+02:00 OK health label=staging container=odoo-staging
2026-06-04T05:40:01+02:00 OK disk path=/opt/odoo used=22%
2026-06-04T05:40:01+02:00 SUMMARY status=ok
2026-06-04T05:45:01+02:00 OK health label=production container=odoo-production
2026-06-04T05:45:01+02:00 OK health label=staging container=odoo-staging
2026-06-04T05:45:01+02:00 OK disk path=/opt/odoo used=22%
2026-06-04T05:45:01+02:00 SUMMARY status=ok
2026-06-04T05:50:02+02:00 OK health label=production container=odoo-production
2026-06-04T05:50:02+02:00 OK health label=staging container=odoo-staging
2026-06-04T05:50:02+02:00 OK disk path=/opt/odoo used=22%
2026-06-04T05:50:02+02:00 SUMMARY status=ok
2026-06-04T05:55:03+02:00 OK health label=production container=odoo-production
2026-06-04T05:55:03+02:00 OK health label=staging container=odoo-staging
2026-06-04T05:55:03+02:00 OK disk path=/opt/odoo used=22%
2026-06-04T05:55:03+02:00 SUMMARY status=ok
2026-06-04T06:00:01+02:00 OK health label=production container=odoo-production
2026-06-04T06:00:01+02:00 OK health label=staging container=odoo-staging
2026-06-04T06:00:01+02:00 OK disk path=/opt/odoo used=22%
2026-06-04T06:00:01+02:00 SUMMARY status=ok
2026-06-04T06:05:01+02:00 OK health label=production container=odoo-production
2026-06-04T06:05:01+02:00 OK health label=staging container=odoo-staging
2026-06-04T06:05:01+02:00 OK disk path=/opt/odoo used=22%
2026-06-04T06:05:01+02:00 SUMMARY status=ok
2026-06-04T06:10:01+02:00 OK health label=production container=odoo-production
2026-06-04T06:10:01+02:00 OK health label=staging container=odoo-staging
2026-06-04T06:10:01+02:00 OK disk path=/opt/odoo used=22%
2026-06-04T06:10:01+02:00 SUMMARY status=ok
2026-06-04T06:15:02+02:00 OK health label=production container=odoo-production
2026-06-04T06:15:02+02:00 OK health label=staging container=odoo-staging
2026-06-04T06:15:02+02:00 OK disk path=/opt/odoo used=22%
2026-06-04T06:15:02+02:00 SUMMARY status=ok
2026-06-04T06:20:02+02:00 OK health label=production container=odoo-production
2026-06-04T06:20:02+02:00 OK health label=staging container=odoo-staging
2026-06-04T06:20:02+02:00 OK disk path=/opt/odoo used=22%
2026-06-04T06:20:02+02:00 SUMMARY status=ok
2026-06-04T06:25:02+02:00 OK health label=production container=odoo-production
2026-06-04T06:25:02+02:00 OK health label=staging container=odoo-staging
2026-06-04T06:25:02+02:00 OK disk path=/opt/odoo used=22%
2026-06-04T06:25:02+02:00 SUMMARY status=ok
2026-06-04T06:30:01+02:00 OK health label=production container=odoo-production
2026-06-04T06:30:01+02:00 OK health label=staging container=odoo-staging
2026-06-04T06:30:01+02:00 OK disk path=/opt/odoo used=22%
2026-06-04T06:30:01+02:00 SUMMARY status=ok
2026-06-04T06:35:02+02:00 OK health label=production container=odoo-production
2026-06-04T06:35:02+02:00 OK health label=staging container=odoo-staging
2026-06-04T06:35:02+02:00 OK disk path=/opt/odoo used=22%
2026-06-04T06:35:02+02:00 SUMMARY status=ok
2026-06-04T06:40:02+02:00 OK health label=production container=odoo-production
2026-06-04T06:40:02+02:00 OK health label=staging container=odoo-staging
2026-06-04T06:40:02+02:00 OK disk path=/opt/odoo used=22%
2026-06-04T06:40:02+02:00 SUMMARY status=ok
2026-06-04T06:45:02+02:00 OK health label=production container=odoo-production
2026-06-04T06:45:02+02:00 OK health label=staging container=odoo-staging
2026-06-04T06:45:02+02:00 OK disk path=/opt/odoo used=22%
2026-06-04T06:45:02+02:00 SUMMARY status=ok
2026-06-04T06:50:02+02:00 OK health label=production container=odoo-production
2026-06-04T06:50:02+02:00 OK health label=staging container=odoo-staging
2026-06-04T06:50:02+02:00 OK disk path=/opt/odoo used=22%
2026-06-04T06:50:02+02:00 SUMMARY status=ok
2026-06-04T06:55:02+02:00 OK health label=production container=odoo-production
2026-06-04T06:55:02+02:00 OK health label=staging container=odoo-staging
2026-06-04T06:55:02+02:00 OK disk path=/opt/odoo used=22%
2026-06-04T06:55:02+02:00 SUMMARY status=ok
2026-06-04T07:00:02+02:00 OK health label=production container=odoo-production
2026-06-04T07:00:02+02:00 OK health label=staging container=odoo-staging
2026-06-04T07:00:02+02:00 OK disk path=/opt/odoo used=22%
2026-06-04T07:00:02+02:00 SUMMARY status=ok
2026-06-04T07:05:01+02:00 OK health label=production container=odoo-production
2026-06-04T07:05:01+02:00 OK health label=staging container=odoo-staging
2026-06-04T07:05:01+02:00 OK disk path=/opt/odoo used=22%
2026-06-04T07:05:01+02:00 SUMMARY status=ok
2026-06-04T07:10:01+02:00 OK health label=production container=odoo-production
2026-06-04T07:10:01+02:00 OK health label=staging container=odoo-staging
2026-06-04T07:10:01+02:00 OK disk path=/opt/odoo used=22%
2026-06-04T07:10:01+02:00 SUMMARY status=ok
2026-06-04T07:15:01+02:00 OK health label=production container=odoo-production
2026-06-04T07:15:01+02:00 OK health label=staging container=odoo-staging
2026-06-04T07:15:01+02:00 OK disk path=/opt/odoo used=22%
2026-06-04T07:15:01+02:00 SUMMARY status=ok
2026-06-04T07:20:01+02:00 OK health label=production container=odoo-production
2026-06-04T07:20:01+02:00 OK health label=staging container=odoo-staging
2026-06-04T07:20:01+02:00 OK disk path=/opt/odoo used=22%
2026-06-04T07:20:01+02:00 SUMMARY status=ok
2026-06-04T07:25:02+02:00 OK health label=production container=odoo-production
2026-06-04T07:25:02+02:00 OK health label=staging container=odoo-staging
2026-06-04T07:25:02+02:00 OK disk path=/opt/odoo used=22%
2026-06-04T07:25:02+02:00 SUMMARY status=ok
2026-06-04T07:30:03+02:00 OK health label=production container=odoo-production
2026-06-04T07:30:03+02:00 OK health label=staging container=odoo-staging
2026-06-04T07:30:03+02:00 OK disk path=/opt/odoo used=22%
2026-06-04T07:30:03+02:00 SUMMARY status=ok
2026-06-04T07:35:01+02:00 OK health label=production container=odoo-production
2026-06-04T07:35:01+02:00 OK health label=staging container=odoo-staging
2026-06-04T07:35:01+02:00 OK disk path=/opt/odoo used=22%
2026-06-04T07:35:01+02:00 SUMMARY status=ok
2026-06-04T07:40:01+02:00 OK health label=production container=odoo-production
2026-06-04T07:40:01+02:00 OK health label=staging container=odoo-staging
2026-06-04T07:40:01+02:00 OK disk path=/opt/odoo used=22%
2026-06-04T07:40:01+02:00 SUMMARY status=ok
2026-06-04T07:45:01+02:00 OK health label=production container=odoo-production
2026-06-04T07:45:01+02:00 OK health label=staging container=odoo-staging
2026-06-04T07:45:01+02:00 OK disk path=/opt/odoo used=22%
2026-06-04T07:45:01+02:00 SUMMARY status=ok
2026-06-04T07:50:02+02:00 OK health label=production container=odoo-production
2026-06-04T07:50:02+02:00 OK health label=staging container=odoo-staging
2026-06-04T07:50:02+02:00 OK disk path=/opt/odoo used=22%
2026-06-04T07:50:02+02:00 SUMMARY status=ok
2026-06-04T07:55:02+02:00 OK health label=production container=odoo-production
2026-06-04T07:55:02+02:00 OK health label=staging container=odoo-staging
2026-06-04T07:55:02+02:00 OK disk path=/opt/odoo used=22%
2026-06-04T07:55:02+02:00 SUMMARY status=ok
2026-06-04T08:00:03+02:00 OK health label=production container=odoo-production
2026-06-04T08:00:03+02:00 OK health label=staging container=odoo-staging
2026-06-04T08:00:03+02:00 OK disk path=/opt/odoo used=22%
2026-06-04T08:00:03+02:00 SUMMARY status=ok
2026-06-04T08:05:01+02:00 OK health label=production container=odoo-production
2026-06-04T08:05:01+02:00 OK health label=staging container=odoo-staging
2026-06-04T08:05:01+02:00 OK disk path=/opt/odoo used=22%
2026-06-04T08:05:01+02:00 SUMMARY status=ok
2026-06-04T08:10:01+02:00 OK health label=production container=odoo-production
2026-06-04T08:10:01+02:00 OK health label=staging container=odoo-staging
2026-06-04T08:10:01+02:00 OK disk path=/opt/odoo used=22%
2026-06-04T08:10:01+02:00 SUMMARY status=ok
2026-06-04T08:15:01+02:00 OK health label=production container=odoo-production
2026-06-04T08:15:01+02:00 OK health label=staging container=odoo-staging
2026-06-04T08:15:01+02:00 OK disk path=/opt/odoo used=22%
2026-06-04T08:15:01+02:00 SUMMARY status=ok
2026-06-04T08:20:02+02:00 OK health label=production container=odoo-production
2026-06-04T08:20:02+02:00 OK health label=staging container=odoo-staging
2026-06-04T08:20:02+02:00 OK disk path=/opt/odoo used=22%
2026-06-04T08:20:02+02:00 SUMMARY status=ok
2026-06-04T08:25:02+02:00 OK health label=production container=odoo-production
2026-06-04T08:25:02+02:00 OK health label=staging container=odoo-staging
2026-06-04T08:25:02+02:00 OK disk path=/opt/odoo used=22%
2026-06-04T08:25:02+02:00 SUMMARY status=ok
2026-06-04T08:30:03+02:00 OK health label=production container=odoo-production
2026-06-04T08:30:03+02:00 OK health label=staging container=odoo-staging
2026-06-04T08:30:03+02:00 OK disk path=/opt/odoo used=22%
2026-06-04T08:30:03+02:00 SUMMARY status=ok
2026-06-04T08:35:01+02:00 OK health label=production container=odoo-production
2026-06-04T08:35:01+02:00 OK health label=staging container=odoo-staging
2026-06-04T08:35:01+02:00 OK disk path=/opt/odoo used=22%
2026-06-04T08:35:01+02:00 SUMMARY status=ok
2026-06-04T08:40:01+02:00 OK health label=production container=odoo-production
2026-06-04T08:40:01+02:00 OK health label=staging container=odoo-staging
2026-06-04T08:40:01+02:00 OK disk path=/opt/odoo used=22%
2026-06-04T08:40:01+02:00 SUMMARY status=ok
2026-06-04T08:45:02+02:00 OK health label=production container=odoo-production
2026-06-04T08:45:02+02:00 OK health label=staging container=odoo-staging
2026-06-04T08:45:02+02:00 OK disk path=/opt/odoo used=22%
2026-06-04T08:45:02+02:00 SUMMARY status=ok
2026-06-04T08:50:01+02:00 OK health label=production container=odoo-production
2026-06-04T08:50:01+02:00 OK health label=staging container=odoo-staging
2026-06-04T08:50:01+02:00 OK disk path=/opt/odoo used=22%
2026-06-04T08:50:01+02:00 SUMMARY status=ok
2026-06-04T08:55:01+02:00 ERROR container_not_running name=odoo-staging state=created
2026-06-04T08:55:01+02:00 OK health label=production container=odoo-production
2026-06-04T08:55:01+02:00 ERROR health_failed label=staging container=odoo-staging
2026-06-04T08:55:01+02:00 OK disk path=/opt/odoo used=22%
2026-06-04T08:55:01+02:00 SUMMARY status=fail errors=2
2026-06-04T09:00:02+02:00 OK health label=production container=odoo-production
2026-06-04T09:00:02+02:00 OK health label=staging container=odoo-staging
2026-06-04T09:00:02+02:00 OK disk path=/opt/odoo used=22%
2026-06-04T09:00:02+02:00 SUMMARY status=ok
2026-06-04T09:05:02+02:00 OK health label=production container=odoo-production
2026-06-04T09:05:02+02:00 OK health label=staging container=odoo-staging
2026-06-04T09:05:02+02:00 OK disk path=/opt/odoo used=22%
2026-06-04T09:05:02+02:00 SUMMARY status=ok
2026-06-04T09:10:02+02:00 OK health label=production container=odoo-production
2026-06-04T09:10:02+02:00 OK health label=staging container=odoo-staging
2026-06-04T09:10:02+02:00 OK disk path=/opt/odoo used=22%
2026-06-04T09:10:02+02:00 SUMMARY status=ok
2026-06-04T09:15:03+02:00 OK health label=production container=odoo-production
2026-06-04T09:15:03+02:00 OK health label=staging container=odoo-staging
2026-06-04T09:15:03+02:00 OK disk path=/opt/odoo used=22%
2026-06-04T09:15:03+02:00 SUMMARY status=ok
2026-06-04T09:20:02+02:00 OK health label=production container=odoo-production
2026-06-04T09:20:02+02:00 OK health label=staging container=odoo-staging
2026-06-04T09:20:02+02:00 OK disk path=/opt/odoo used=22%
2026-06-04T09:20:02+02:00 SUMMARY status=ok
2026-06-04T09:25:01+02:00 ERROR container_not_running name=odoo-production state=exited
2026-06-04T09:25:01+02:00 ERROR health_failed label=production container=odoo-production
2026-06-04T09:25:01+02:00 OK health label=staging container=odoo-staging
2026-06-04T09:25:01+02:00 OK disk path=/opt/odoo used=22%
2026-06-04T09:25:01+02:00 SUMMARY status=fail errors=2
2026-06-04T09:30:02+02:00 ERROR container_not_running name=odoo-production state=exited
2026-06-04T09:30:02+02:00 ERROR health_failed label=production container=odoo-production
2026-06-04T09:30:02+02:00 OK health label=staging container=odoo-staging
2026-06-04T09:30:02+02:00 OK disk path=/opt/odoo used=22%
2026-06-04T09:30:02+02:00 SUMMARY status=fail errors=2
2026-06-04T09:35:04+02:00 ERROR container_not_running name=odoo-production state=removing
2026-06-04T09:35:04+02:00 ERROR health_failed label=production container=odoo-production
2026-06-04T09:35:04+02:00 OK health label=staging container=odoo-staging
2026-06-04T09:35:04+02:00 OK disk path=/opt/odoo used=22%
2026-06-04T09:35:04+02:00 SUMMARY status=fail errors=2
2026-06-04T09:40:02+02:00 OK health label=production container=odoo-production
2026-06-04T09:40:02+02:00 OK health label=staging container=odoo-staging
2026-06-04T09:40:02+02:00 OK disk path=/opt/odoo used=22%
2026-06-04T09:40:02+02:00 SUMMARY status=ok
2026-06-04T09:45:01+02:00 OK health label=production container=odoo-production
2026-06-04T09:45:01+02:00 OK health label=staging container=odoo-staging
2026-06-04T09:45:01+02:00 OK disk path=/opt/odoo used=22%
2026-06-04T09:45:01+02:00 SUMMARY status=ok
2026-06-04T09:50:02+02:00 OK health label=production container=odoo-production
2026-06-04T09:50:02+02:00 OK health label=staging container=odoo-staging
2026-06-04T09:50:02+02:00 OK disk path=/opt/odoo used=22%
2026-06-04T09:50:02+02:00 SUMMARY status=ok
2026-06-04T09:55:03+02:00 OK health label=production container=odoo-production
2026-06-04T09:55:03+02:00 OK health label=staging container=odoo-staging
2026-06-04T09:55:03+02:00 OK disk path=/opt/odoo used=22%
2026-06-04T09:55:03+02:00 SUMMARY status=ok
2026-06-04T10:00:01+02:00 OK health label=production container=odoo-production
2026-06-04T10:00:01+02:00 OK health label=staging container=odoo-staging
2026-06-04T10:00:01+02:00 OK disk path=/opt/odoo used=22%
2026-06-04T10:00:01+02:00 SUMMARY status=ok
2026-06-04T10:05:02+02:00 OK health label=production container=odoo-production
2026-06-04T10:05:02+02:00 OK health label=staging container=odoo-staging
2026-06-04T10:05:02+02:00 OK disk path=/opt/odoo used=22%
2026-06-04T10:05:02+02:00 SUMMARY status=ok
2026-06-04T10:10:02+02:00 OK health label=production container=odoo-production
2026-06-04T10:10:02+02:00 OK health label=staging container=odoo-staging
2026-06-04T10:10:02+02:00 OK disk path=/opt/odoo used=22%
2026-06-04T10:10:02+02:00 SUMMARY status=ok
2026-06-04T10:15:02+02:00 OK health label=production container=odoo-production
2026-06-04T10:15:02+02:00 OK health label=staging container=odoo-staging
2026-06-04T10:15:02+02:00 OK disk path=/opt/odoo used=22%
2026-06-04T10:15:02+02:00 SUMMARY status=ok
2026-06-04T10:20:02+02:00 OK health label=production container=odoo-production
2026-06-04T10:20:02+02:00 OK health label=staging container=odoo-staging
2026-06-04T10:20:02+02:00 OK disk path=/opt/odoo used=22%
2026-06-04T10:20:02+02:00 SUMMARY status=ok
2026-06-04T10:25:02+02:00 OK health label=production container=odoo-production
2026-06-04T10:25:02+02:00 OK health label=staging container=odoo-staging
2026-06-04T10:25:02+02:00 OK disk path=/opt/odoo used=22%
2026-06-04T10:25:02+02:00 SUMMARY status=ok
2026-06-04T10:30:04+02:00 OK health label=production container=odoo-production
2026-06-04T10:30:04+02:00 OK health label=staging container=odoo-staging
2026-06-04T10:30:04+02:00 OK disk path=/opt/odoo used=22%
2026-06-04T10:30:04+02:00 SUMMARY status=ok
2026-06-04T10:35:02+02:00 OK health label=production container=odoo-production
2026-06-04T10:35:02+02:00 OK health label=staging container=odoo-staging
2026-06-04T10:35:02+02:00 OK disk path=/opt/odoo used=22%
2026-06-04T10:35:02+02:00 SUMMARY status=ok
2026-06-04T10:40:01+02:00 OK health label=production container=odoo-production
2026-06-04T10:40:01+02:00 OK health label=staging container=odoo-staging
2026-06-04T10:40:01+02:00 OK disk path=/opt/odoo used=22%
2026-06-04T10:40:01+02:00 SUMMARY status=ok
2026-06-04T10:45:03+02:00 OK health label=production container=odoo-production
2026-06-04T10:45:03+02:00 OK health label=staging container=odoo-staging
2026-06-04T10:45:03+02:00 OK disk path=/opt/odoo used=22%
2026-06-04T10:45:03+02:00 SUMMARY status=ok
2026-06-04T10:50:02+02:00 OK health label=production container=odoo-production
2026-06-04T10:50:02+02:00 OK health label=staging container=odoo-staging
2026-06-04T10:50:02+02:00 OK disk path=/opt/odoo used=22%
2026-06-04T10:50:02+02:00 SUMMARY status=ok
2026-06-04T10:55:02+02:00 OK health label=production container=odoo-production
2026-06-04T10:55:02+02:00 OK health label=staging container=odoo-staging
2026-06-04T10:55:02+02:00 OK disk path=/opt/odoo used=22%
2026-06-04T10:55:02+02:00 SUMMARY status=ok
2026-06-04T11:00:01+02:00 OK health label=production container=odoo-production
2026-06-04T11:00:01+02:00 OK health label=staging container=odoo-staging
2026-06-04T11:00:01+02:00 OK disk path=/opt/odoo used=22%
2026-06-04T11:00:01+02:00 SUMMARY status=ok
2026-06-04T11:05:03+02:00 OK health label=production container=odoo-production
2026-06-04T11:05:03+02:00 OK health label=staging container=odoo-staging
2026-06-04T11:05:03+02:00 OK disk path=/opt/odoo used=22%
2026-06-04T11:05:03+02:00 SUMMARY status=ok
2026-06-04T11:10:02+02:00 OK health label=production container=odoo-production
2026-06-04T11:10:02+02:00 OK health label=staging container=odoo-staging
2026-06-04T11:10:02+02:00 OK disk path=/opt/odoo used=22%
2026-06-04T11:10:02+02:00 SUMMARY status=ok
2026-06-04T11:15:01+02:00 OK health label=production container=odoo-production
2026-06-04T11:15:01+02:00 OK health label=staging container=odoo-staging
2026-06-04T11:15:01+02:00 OK disk path=/opt/odoo used=22%
2026-06-04T11:15:01+02:00 SUMMARY status=ok
2026-06-04T11:20:07+02:00 OK health label=production container=odoo-production
2026-06-04T11:20:07+02:00 OK health label=staging container=odoo-staging
2026-06-04T11:20:07+02:00 OK disk path=/opt/odoo used=22%
2026-06-04T11:20:07+02:00 SUMMARY status=ok
2026-06-04T11:25:01+02:00 OK health label=production container=odoo-production
2026-06-04T11:25:01+02:00 OK health label=staging container=odoo-staging
2026-06-04T11:25:01+02:00 OK disk path=/opt/odoo used=22%
2026-06-04T11:25:01+02:00 SUMMARY status=ok
2026-06-04T11:30:02+02:00 OK health label=production container=odoo-production
2026-06-04T11:30:02+02:00 OK health label=staging container=odoo-staging
2026-06-04T11:30:02+02:00 OK disk path=/opt/odoo used=22%
2026-06-04T11:30:02+02:00 SUMMARY status=ok
2026-06-04T11:35:01+02:00 OK health label=production container=odoo-production
2026-06-04T11:35:01+02:00 OK health label=staging container=odoo-staging
2026-06-04T11:35:01+02:00 OK disk path=/opt/odoo used=22%
2026-06-04T11:35:01+02:00 SUMMARY status=ok
2026-06-04T11:40:01+02:00 OK health label=production container=odoo-production
2026-06-04T11:40:01+02:00 OK health label=staging container=odoo-staging
2026-06-04T11:40:01+02:00 OK disk path=/opt/odoo used=22%
2026-06-04T11:40:01+02:00 SUMMARY status=ok
2026-06-04T11:45:02+02:00 OK health label=production container=odoo-production
2026-06-04T11:45:02+02:00 OK health label=staging container=odoo-staging
2026-06-04T11:45:02+02:00 OK disk path=/opt/odoo used=22%
2026-06-04T11:45:02+02:00 SUMMARY status=ok
2026-06-04T11:50:02+02:00 OK health label=production container=odoo-production
2026-06-04T11:50:02+02:00 OK health label=staging container=odoo-staging
2026-06-04T11:50:02+02:00 OK disk path=/opt/odoo used=22%
2026-06-04T11:50:02+02:00 SUMMARY status=ok
2026-06-04T11:55:01+02:00 OK health label=production container=odoo-production
2026-06-04T11:55:01+02:00 OK health label=staging container=odoo-staging
2026-06-04T11:55:01+02:00 OK disk path=/opt/odoo used=22%
2026-06-04T11:55:01+02:00 SUMMARY status=ok
2026-06-04T12:00:02+02:00 OK health label=production container=odoo-production
2026-06-04T12:00:02+02:00 OK health label=staging container=odoo-staging
2026-06-04T12:00:02+02:00 OK disk path=/opt/odoo used=22%
2026-06-04T12:00:02+02:00 SUMMARY status=ok
2026-06-04T12:05:02+02:00 OK health label=production container=odoo-production
2026-06-04T12:05:02+02:00 OK health label=staging container=odoo-staging
2026-06-04T12:05:02+02:00 OK disk path=/opt/odoo used=22%
2026-06-04T12:05:02+02:00 SUMMARY status=ok
2026-06-04T12:10:02+02:00 OK health label=production container=odoo-production
2026-06-04T12:10:02+02:00 OK health label=staging container=odoo-staging
2026-06-04T12:10:02+02:00 OK disk path=/opt/odoo used=22%
2026-06-04T12:10:02+02:00 SUMMARY status=ok
2026-06-04T12:15:02+02:00 OK health label=production container=odoo-production
2026-06-04T12:15:02+02:00 OK health label=staging container=odoo-staging
2026-06-04T12:15:02+02:00 OK disk path=/opt/odoo used=22%
2026-06-04T12:15:02+02:00 SUMMARY status=ok
2026-06-04T12:20:03+02:00 OK health label=production container=odoo-production
2026-06-04T12:20:03+02:00 OK health label=staging container=odoo-staging
2026-06-04T12:20:03+02:00 OK disk path=/opt/odoo used=22%
2026-06-04T12:20:03+02:00 SUMMARY status=ok
2026-06-04T12:25:01+02:00 OK health label=production container=odoo-production
2026-06-04T12:25:01+02:00 OK health label=staging container=odoo-staging
2026-06-04T12:25:01+02:00 OK disk path=/opt/odoo used=22%
2026-06-04T12:25:01+02:00 SUMMARY status=ok
2026-06-04T12:30:02+02:00 OK health label=production container=odoo-production
2026-06-04T12:30:02+02:00 OK health label=staging container=odoo-staging
2026-06-04T12:30:02+02:00 OK disk path=/opt/odoo used=22%
2026-06-04T12:30:02+02:00 SUMMARY status=ok
2026-06-04T12:35:01+02:00 OK health label=production container=odoo-production
2026-06-04T12:35:01+02:00 OK health label=staging container=odoo-staging
2026-06-04T12:35:01+02:00 OK disk path=/opt/odoo used=22%
2026-06-04T12:35:01+02:00 SUMMARY status=ok
2026-06-04T12:40:02+02:00 OK health label=production container=odoo-production
2026-06-04T12:40:02+02:00 OK health label=staging container=odoo-staging
2026-06-04T12:40:02+02:00 OK disk path=/opt/odoo used=22%
2026-06-04T12:40:02+02:00 SUMMARY status=ok
2026-06-04T12:45:01+02:00 OK health label=production container=odoo-production
2026-06-04T12:45:01+02:00 OK health label=staging container=odoo-staging
2026-06-04T12:45:01+02:00 OK disk path=/opt/odoo used=22%
2026-06-04T12:45:01+02:00 SUMMARY status=ok
2026-06-04T12:50:03+02:00 OK health label=production container=odoo-production
2026-06-04T12:50:03+02:00 OK health label=staging container=odoo-staging
2026-06-04T12:50:03+02:00 OK disk path=/opt/odoo used=22%
2026-06-04T12:50:03+02:00 SUMMARY status=ok
2026-06-04T12:55:01+02:00 OK health label=production container=odoo-production
2026-06-04T12:55:01+02:00 OK health label=staging container=odoo-staging
2026-06-04T12:55:01+02:00 OK disk path=/opt/odoo used=22%
2026-06-04T12:55:01+02:00 SUMMARY status=ok
2026-06-04T13:00:01+02:00 OK health label=production container=odoo-production
2026-06-04T13:00:01+02:00 OK health label=staging container=odoo-staging
2026-06-04T13:00:01+02:00 OK disk path=/opt/odoo used=22%
2026-06-04T13:00:01+02:00 SUMMARY status=ok
2026-06-04T13:05:02+02:00 OK health label=production container=odoo-production
2026-06-04T13:05:02+02:00 OK health label=staging container=odoo-staging
2026-06-04T13:05:02+02:00 OK disk path=/opt/odoo used=22%
2026-06-04T13:05:02+02:00 SUMMARY status=ok
2026-06-04T13:10:03+02:00 OK health label=production container=odoo-production
2026-06-04T13:10:03+02:00 OK health label=staging container=odoo-staging
2026-06-04T13:10:03+02:00 OK disk path=/opt/odoo used=22%
2026-06-04T13:10:03+02:00 SUMMARY status=ok
2026-06-04T13:15:02+02:00 OK health label=production container=odoo-production
2026-06-04T13:15:02+02:00 OK health label=staging container=odoo-staging
2026-06-04T13:15:02+02:00 OK disk path=/opt/odoo used=22%
2026-06-04T13:15:02+02:00 SUMMARY status=ok
2026-06-04T13:20:03+02:00 OK health label=production container=odoo-production
2026-06-04T13:20:03+02:00 OK health label=staging container=odoo-staging
2026-06-04T13:20:03+02:00 OK disk path=/opt/odoo used=22%
2026-06-04T13:20:03+02:00 SUMMARY status=ok
2026-06-04T13:25:02+02:00 OK health label=production container=odoo-production
2026-06-04T13:25:02+02:00 OK health label=staging container=odoo-staging
2026-06-04T13:25:02+02:00 OK disk path=/opt/odoo used=22%
2026-06-04T13:25:02+02:00 SUMMARY status=ok
2026-06-04T13:30:03+02:00 OK health label=production container=odoo-production
2026-06-04T13:30:03+02:00 OK health label=staging container=odoo-staging
2026-06-04T13:30:03+02:00 OK disk path=/opt/odoo used=22%
2026-06-04T13:30:03+02:00 SUMMARY status=ok
2026-06-04T13:35:01+02:00 OK health label=production container=odoo-production
2026-06-04T13:35:01+02:00 OK health label=staging container=odoo-staging
2026-06-04T13:35:01+02:00 OK disk path=/opt/odoo used=22%
2026-06-04T13:35:01+02:00 SUMMARY status=ok
2026-06-04T13:40:03+02:00 OK health label=production container=odoo-production
2026-06-04T13:40:03+02:00 OK health label=staging container=odoo-staging
2026-06-04T13:40:03+02:00 OK disk path=/opt/odoo used=22%
2026-06-04T13:40:03+02:00 SUMMARY status=ok
2026-06-04T13:45:02+02:00 OK health label=production container=odoo-production
2026-06-04T13:45:02+02:00 OK health label=staging container=odoo-staging
2026-06-04T13:45:02+02:00 OK disk path=/opt/odoo used=22%
2026-06-04T13:45:02+02:00 SUMMARY status=ok
2026-06-04T13:50:02+02:00 OK health label=production container=odoo-production
2026-06-04T13:50:02+02:00 OK health label=staging container=odoo-staging
2026-06-04T13:50:02+02:00 OK disk path=/opt/odoo used=22%
2026-06-04T13:50:02+02:00 SUMMARY status=ok
2026-06-04T13:55:02+02:00 OK health label=production container=odoo-production
2026-06-04T13:55:02+02:00 OK health label=staging container=odoo-staging
2026-06-04T13:55:02+02:00 OK disk path=/opt/odoo used=22%
2026-06-04T13:55:02+02:00 SUMMARY status=ok
2026-06-04T14:00:02+02:00 OK health label=production container=odoo-production
2026-06-04T14:00:02+02:00 OK health label=staging container=odoo-staging
2026-06-04T14:00:02+02:00 OK disk path=/opt/odoo used=22%
2026-06-04T14:00:02+02:00 SUMMARY status=ok
2026-06-04T14:05:01+02:00 OK health label=production container=odoo-production
2026-06-04T14:05:01+02:00 OK health label=staging container=odoo-staging
2026-06-04T14:05:01+02:00 OK disk path=/opt/odoo used=22%
2026-06-04T14:05:01+02:00 SUMMARY status=ok
2026-06-04T14:10:01+02:00 OK health label=production container=odoo-production
2026-06-04T14:10:01+02:00 OK health label=staging container=odoo-staging
2026-06-04T14:10:01+02:00 OK disk path=/opt/odoo used=22%
2026-06-04T14:10:01+02:00 SUMMARY status=ok
2026-06-04T14:15:03+02:00 OK health label=production container=odoo-production
2026-06-04T14:15:03+02:00 OK health label=staging container=odoo-staging
2026-06-04T14:15:03+02:00 OK disk path=/opt/odoo used=22%
2026-06-04T14:15:03+02:00 SUMMARY status=ok
2026-06-04T14:20:04+02:00 OK health label=production container=odoo-production
2026-06-04T14:20:04+02:00 OK health label=staging container=odoo-staging
2026-06-04T14:20:04+02:00 OK disk path=/opt/odoo used=22%
2026-06-04T14:20:04+02:00 SUMMARY status=ok
2026-06-04T14:25:02+02:00 OK health label=production container=odoo-production
2026-06-04T14:25:02+02:00 OK health label=staging container=odoo-staging
2026-06-04T14:25:02+02:00 OK disk path=/opt/odoo used=22%
2026-06-04T14:25:02+02:00 SUMMARY status=ok
2026-06-04T14:30:03+02:00 OK health label=production container=odoo-production
2026-06-04T14:30:03+02:00 OK health label=staging container=odoo-staging
2026-06-04T14:30:03+02:00 OK disk path=/opt/odoo used=22%
2026-06-04T14:30:03+02:00 SUMMARY status=ok
2026-06-04T14:35:02+02:00 OK health label=production container=odoo-production
2026-06-04T14:35:02+02:00 OK health label=staging container=odoo-staging
2026-06-04T14:35:02+02:00 OK disk path=/opt/odoo used=22%
2026-06-04T14:35:02+02:00 SUMMARY status=ok
2026-06-04T14:40:02+02:00 OK health label=production container=odoo-production
2026-06-04T14:40:02+02:00 OK health label=staging container=odoo-staging
2026-06-04T14:40:02+02:00 OK disk path=/opt/odoo used=22%
2026-06-04T14:40:02+02:00 SUMMARY status=ok
2026-06-04T14:45:02+02:00 OK health label=production container=odoo-production
2026-06-04T14:45:02+02:00 OK health label=staging container=odoo-staging
2026-06-04T14:45:02+02:00 OK disk path=/opt/odoo used=22%
2026-06-04T14:45:02+02:00 SUMMARY status=ok
2026-06-04T14:50:02+02:00 OK health label=production container=odoo-production
2026-06-04T14:50:02+02:00 OK health label=staging container=odoo-staging
2026-06-04T14:50:02+02:00 OK disk path=/opt/odoo used=22%
2026-06-04T14:50:02+02:00 SUMMARY status=ok
2026-06-04T14:55:02+02:00 OK health label=production container=odoo-production
2026-06-04T14:55:02+02:00 OK health label=staging container=odoo-staging
2026-06-04T14:55:02+02:00 OK disk path=/opt/odoo used=22%
2026-06-04T14:55:02+02:00 SUMMARY status=ok
2026-06-04T15:00:02+02:00 OK health label=production container=odoo-production
2026-06-04T15:00:02+02:00 OK health label=staging container=odoo-staging
2026-06-04T15:00:02+02:00 OK disk path=/opt/odoo used=22%
2026-06-04T15:00:02+02:00 SUMMARY status=ok
2026-06-04T15:05:03+02:00 OK health label=production container=odoo-production
2026-06-04T15:05:03+02:00 OK health label=staging container=odoo-staging
2026-06-04T15:05:03+02:00 OK disk path=/opt/odoo used=22%
2026-06-04T15:05:03+02:00 SUMMARY status=ok
2026-06-04T15:10:02+02:00 OK health label=production container=odoo-production
2026-06-04T15:10:02+02:00 OK health label=staging container=odoo-staging
2026-06-04T15:10:02+02:00 OK disk path=/opt/odoo used=22%
2026-06-04T15:10:02+02:00 SUMMARY status=ok
2026-06-04T15:15:02+02:00 OK health label=production container=odoo-production
2026-06-04T15:15:02+02:00 OK health label=staging container=odoo-staging
2026-06-04T15:15:02+02:00 OK disk path=/opt/odoo used=22%
2026-06-04T15:15:02+02:00 SUMMARY status=ok
2026-06-04T15:20:04+02:00 OK health label=production container=odoo-production
2026-06-04T15:20:04+02:00 OK health label=staging container=odoo-staging
2026-06-04T15:20:04+02:00 OK disk path=/opt/odoo used=22%
2026-06-04T15:20:04+02:00 SUMMARY status=ok
2026-06-04T15:25:04+02:00 OK health label=production container=odoo-production
2026-06-04T15:25:04+02:00 OK health label=staging container=odoo-staging
2026-06-04T15:25:04+02:00 OK disk path=/opt/odoo used=22%
2026-06-04T15:25:04+02:00 SUMMARY status=ok
2026-06-04T15:30:01+02:00 OK health label=production container=odoo-production
2026-06-04T15:30:01+02:00 OK health label=staging container=odoo-staging
2026-06-04T15:30:01+02:00 OK disk path=/opt/odoo used=22%
2026-06-04T15:30:01+02:00 SUMMARY status=ok
2026-06-04T15:35:03+02:00 OK health label=production container=odoo-production
2026-06-04T15:35:03+02:00 OK health label=staging container=odoo-staging
2026-06-04T15:35:03+02:00 OK disk path=/opt/odoo used=22%
2026-06-04T15:35:03+02:00 SUMMARY status=ok
2026-06-04T15:40:01+02:00 OK health label=production container=odoo-production
2026-06-04T15:40:01+02:00 OK health label=staging container=odoo-staging
2026-06-04T15:40:01+02:00 OK disk path=/opt/odoo used=22%
2026-06-04T15:40:01+02:00 SUMMARY status=ok
2026-06-04T15:45:02+02:00 OK health label=production container=odoo-production
2026-06-04T15:45:02+02:00 OK health label=staging container=odoo-staging
2026-06-04T15:45:02+02:00 OK disk path=/opt/odoo used=22%
2026-06-04T15:45:02+02:00 SUMMARY status=ok
2026-06-04T15:50:03+02:00 OK health label=production container=odoo-production
2026-06-04T15:50:03+02:00 OK health label=staging container=odoo-staging
2026-06-04T15:50:03+02:00 OK disk path=/opt/odoo used=22%
2026-06-04T15:50:03+02:00 SUMMARY status=ok
2026-06-04T15:55:02+02:00 OK health label=production container=odoo-production
2026-06-04T15:55:02+02:00 OK health label=staging container=odoo-staging
2026-06-04T15:55:02+02:00 OK disk path=/opt/odoo used=22%
2026-06-04T15:55:02+02:00 SUMMARY status=ok
2026-06-04T16:00:02+02:00 OK health label=production container=odoo-production
2026-06-04T16:00:02+02:00 OK health label=staging container=odoo-staging
2026-06-04T16:00:02+02:00 OK disk path=/opt/odoo used=22%
2026-06-04T16:00:02+02:00 SUMMARY status=ok
2026-06-04T16:05:01+02:00 OK health label=production container=odoo-production
2026-06-04T16:05:01+02:00 OK health label=staging container=odoo-staging
2026-06-04T16:05:01+02:00 OK disk path=/opt/odoo used=22%
2026-06-04T16:05:01+02:00 SUMMARY status=ok
2026-06-04T16:10:02+02:00 OK health label=production container=odoo-production
2026-06-04T16:10:02+02:00 OK health label=staging container=odoo-staging
2026-06-04T16:10:02+02:00 OK disk path=/opt/odoo used=22%
2026-06-04T16:10:02+02:00 SUMMARY status=ok
2026-06-04T16:15:03+02:00 OK health label=production container=odoo-production
2026-06-04T16:15:03+02:00 OK health label=staging container=odoo-staging
2026-06-04T16:15:03+02:00 OK disk path=/opt/odoo used=22%
2026-06-04T16:15:03+02:00 SUMMARY status=ok
2026-06-04T16:20:02+02:00 OK health label=production container=odoo-production
2026-06-04T16:20:02+02:00 OK health label=staging container=odoo-staging
2026-06-04T16:20:02+02:00 OK disk path=/opt/odoo used=22%
2026-06-04T16:20:02+02:00 SUMMARY status=ok
2026-06-04T16:25:03+02:00 OK health label=production container=odoo-production
2026-06-04T16:25:03+02:00 OK health label=staging container=odoo-staging
2026-06-04T16:25:03+02:00 OK disk path=/opt/odoo used=22%
2026-06-04T16:25:03+02:00 SUMMARY status=ok
2026-06-04T16:30:02+02:00 OK health label=production container=odoo-production
2026-06-04T16:30:02+02:00 OK health label=staging container=odoo-staging
2026-06-04T16:30:02+02:00 OK disk path=/opt/odoo used=22%
2026-06-04T16:30:02+02:00 SUMMARY status=ok
2026-06-04T16:35:01+02:00 OK health label=production container=odoo-production
2026-06-04T16:35:01+02:00 OK health label=staging container=odoo-staging
2026-06-04T16:35:01+02:00 OK disk path=/opt/odoo used=22%
2026-06-04T16:35:01+02:00 SUMMARY status=ok
2026-06-04T16:40:01+02:00 OK health label=production container=odoo-production
2026-06-04T16:40:01+02:00 OK health label=staging container=odoo-staging
2026-06-04T16:40:01+02:00 OK disk path=/opt/odoo used=22%
2026-06-04T16:40:01+02:00 SUMMARY status=ok
2026-06-04T16:45:02+02:00 OK health label=production container=odoo-production
2026-06-04T16:45:02+02:00 OK health label=staging container=odoo-staging
2026-06-04T16:45:02+02:00 OK disk path=/opt/odoo used=22%
2026-06-04T16:45:02+02:00 SUMMARY status=ok
2026-06-04T16:50:02+02:00 OK health label=production container=odoo-production
2026-06-04T16:50:02+02:00 OK health label=staging container=odoo-staging
2026-06-04T16:50:02+02:00 OK disk path=/opt/odoo used=22%
2026-06-04T16:50:02+02:00 SUMMARY status=ok
2026-06-04T16:55:02+02:00 OK health label=production container=odoo-production
2026-06-04T16:55:02+02:00 OK health label=staging container=odoo-staging
2026-06-04T16:55:02+02:00 OK disk path=/opt/odoo used=22%
2026-06-04T16:55:02+02:00 SUMMARY status=ok
2026-06-04T17:00:03+02:00 OK health label=production container=odoo-production
2026-06-04T17:00:03+02:00 OK health label=staging container=odoo-staging
2026-06-04T17:00:03+02:00 OK disk path=/opt/odoo used=22%
2026-06-04T17:00:03+02:00 SUMMARY status=ok
2026-06-04T17:05:02+02:00 OK health label=production container=odoo-production
2026-06-04T17:05:02+02:00 OK health label=staging container=odoo-staging
2026-06-04T17:05:02+02:00 OK disk path=/opt/odoo used=22%
2026-06-04T17:05:02+02:00 SUMMARY status=ok
2026-06-04T17:10:02+02:00 OK health label=production container=odoo-production
2026-06-04T17:10:02+02:00 OK health label=staging container=odoo-staging
2026-06-04T17:10:02+02:00 OK disk path=/opt/odoo used=22%
2026-06-04T17:10:02+02:00 SUMMARY status=ok
2026-06-04T17:15:01+02:00 OK health label=production container=odoo-production
2026-06-04T17:15:01+02:00 OK health label=staging container=odoo-staging
2026-06-04T17:15:01+02:00 OK disk path=/opt/odoo used=22%
2026-06-04T17:15:01+02:00 SUMMARY status=ok
2026-06-04T17:20:03+02:00 OK health label=production container=odoo-production
2026-06-04T17:20:03+02:00 OK health label=staging container=odoo-staging
2026-06-04T17:20:03+02:00 OK disk path=/opt/odoo used=22%
2026-06-04T17:20:03+02:00 SUMMARY status=ok
2026-06-04T17:25:03+02:00 OK health label=production container=odoo-production
2026-06-04T17:25:03+02:00 OK health label=staging container=odoo-staging
2026-06-04T17:25:03+02:00 OK disk path=/opt/odoo used=22%
2026-06-04T17:25:03+02:00 SUMMARY status=ok
2026-06-04T17:30:02+02:00 OK health label=production container=odoo-production
2026-06-04T17:30:02+02:00 OK health label=staging container=odoo-staging
2026-06-04T17:30:02+02:00 OK disk path=/opt/odoo used=22%
2026-06-04T17:30:02+02:00 SUMMARY status=ok
2026-06-04T17:35:02+02:00 OK health label=production container=odoo-production
2026-06-04T17:35:02+02:00 OK health label=staging container=odoo-staging
2026-06-04T17:35:02+02:00 OK disk path=/opt/odoo used=22%
2026-06-04T17:35:02+02:00 SUMMARY status=ok
2026-06-04T17:40:01+02:00 OK health label=production container=odoo-production
2026-06-04T17:40:01+02:00 OK health label=staging container=odoo-staging
2026-06-04T17:40:01+02:00 OK disk path=/opt/odoo used=22%
2026-06-04T17:40:01+02:00 SUMMARY status=ok
2026-06-04T17:45:02+02:00 OK health label=production container=odoo-production
2026-06-04T17:45:02+02:00 OK health label=staging container=odoo-staging
2026-06-04T17:45:02+02:00 OK disk path=/opt/odoo used=22%
2026-06-04T17:45:02+02:00 SUMMARY status=ok
2026-06-04T17:50:01+02:00 OK health label=production container=odoo-production
2026-06-04T17:50:01+02:00 OK health label=staging container=odoo-staging
2026-06-04T17:50:01+02:00 OK disk path=/opt/odoo used=22%
2026-06-04T17:50:01+02:00 SUMMARY status=ok
2026-06-04T17:55:01+02:00 OK health label=production container=odoo-production
2026-06-04T17:55:01+02:00 OK health label=staging container=odoo-staging
2026-06-04T17:55:01+02:00 OK disk path=/opt/odoo used=22%
2026-06-04T17:55:01+02:00 SUMMARY status=ok
2026-06-04T18:00:03+02:00 OK health label=production container=odoo-production
2026-06-04T18:00:03+02:00 OK health label=staging container=odoo-staging
2026-06-04T18:00:03+02:00 OK disk path=/opt/odoo used=22%
2026-06-04T18:00:03+02:00 SUMMARY status=ok
2026-06-04T18:05:02+02:00 OK health label=production container=odoo-production
2026-06-04T18:05:02+02:00 OK health label=staging container=odoo-staging
2026-06-04T18:05:02+02:00 OK disk path=/opt/odoo used=22%
2026-06-04T18:05:02+02:00 SUMMARY status=ok
2026-06-04T18:10:01+02:00 OK health label=production container=odoo-production
2026-06-04T18:10:01+02:00 OK health label=staging container=odoo-staging
2026-06-04T18:10:01+02:00 OK disk path=/opt/odoo used=22%
2026-06-04T18:10:01+02:00 SUMMARY status=ok
2026-06-04T18:15:02+02:00 OK health label=production container=odoo-production
2026-06-04T18:15:02+02:00 OK health label=staging container=odoo-staging
2026-06-04T18:15:02+02:00 OK disk path=/opt/odoo used=22%
2026-06-04T18:15:02+02:00 SUMMARY status=ok
2026-06-04T18:20:04+02:00 OK health label=production container=odoo-production
2026-06-04T18:20:04+02:00 OK health label=staging container=odoo-staging
2026-06-04T18:20:04+02:00 OK disk path=/opt/odoo used=22%
2026-06-04T18:20:04+02:00 SUMMARY status=ok
2026-06-04T18:25:01+02:00 OK health label=production container=odoo-production
2026-06-04T18:25:01+02:00 OK health label=staging container=odoo-staging
2026-06-04T18:25:01+02:00 OK disk path=/opt/odoo used=22%
2026-06-04T18:25:01+02:00 SUMMARY status=ok
2026-06-04T18:30:01+02:00 OK health label=production container=odoo-production
2026-06-04T18:30:01+02:00 OK health label=staging container=odoo-staging
2026-06-04T18:30:01+02:00 OK disk path=/opt/odoo used=22%
2026-06-04T18:30:01+02:00 SUMMARY status=ok
2026-06-04T18:35:01+02:00 OK health label=production container=odoo-production
2026-06-04T18:35:01+02:00 OK health label=staging container=odoo-staging
2026-06-04T18:35:01+02:00 OK disk path=/opt/odoo used=22%
2026-06-04T18:35:01+02:00 SUMMARY status=ok
2026-06-04T18:40:03+02:00 OK health label=production container=odoo-production
2026-06-04T18:40:03+02:00 OK health label=staging container=odoo-staging
2026-06-04T18:40:03+02:00 OK disk path=/opt/odoo used=22%
2026-06-04T18:40:03+02:00 SUMMARY status=ok
2026-06-04T18:45:02+02:00 OK health label=production container=odoo-production
2026-06-04T18:45:02+02:00 OK health label=staging container=odoo-staging
2026-06-04T18:45:02+02:00 OK disk path=/opt/odoo used=22%
2026-06-04T18:45:02+02:00 SUMMARY status=ok
2026-06-04T18:50:03+02:00 ERROR container_not_running name=odoo-staging state=removing
2026-06-04T18:50:03+02:00 OK health label=production container=odoo-production
2026-06-04T18:50:03+02:00 ERROR health_failed label=staging container=odoo-staging
2026-06-04T18:50:03+02:00 OK disk path=/opt/odoo used=22%
2026-06-04T18:50:03+02:00 SUMMARY status=fail errors=2
2026-06-04T18:55:02+02:00 ERROR container_unhealthy name=odoo-staging health=unhealthy
2026-06-04T18:55:02+02:00 OK health label=production container=odoo-production
2026-06-04T18:55:02+02:00 OK health label=staging container=odoo-staging
2026-06-04T18:55:02+02:00 OK disk path=/opt/odoo used=22%
2026-06-04T18:55:02+02:00 SUMMARY status=fail errors=1
2026-06-04T19:00:03+02:00 ERROR container_not_running name=odoo-staging state=removing
2026-06-04T19:00:03+02:00 OK health label=production container=odoo-production
2026-06-04T19:00:03+02:00 ERROR health_failed label=staging container=odoo-staging
2026-06-04T19:00:03+02:00 OK disk path=/opt/odoo used=22%
2026-06-04T19:00:03+02:00 SUMMARY status=fail errors=2
2026-06-04T19:05:02+02:00 OK health label=production container=odoo-production
2026-06-04T19:05:02+02:00 OK health label=staging container=odoo-staging
2026-06-04T19:05:02+02:00 OK disk path=/opt/odoo used=22%
2026-06-04T19:05:02+02:00 SUMMARY status=ok
2026-06-04T19:10:02+02:00 OK health label=production container=odoo-production
2026-06-04T19:10:02+02:00 OK health label=staging container=odoo-staging
2026-06-04T19:10:02+02:00 OK disk path=/opt/odoo used=22%
2026-06-04T19:10:02+02:00 SUMMARY status=ok
2026-06-04T19:15:01+02:00 OK health label=production container=odoo-production
2026-06-04T19:15:01+02:00 OK health label=staging container=odoo-staging
2026-06-04T19:15:01+02:00 OK disk path=/opt/odoo used=22%
2026-06-04T19:15:01+02:00 SUMMARY status=ok
2026-06-04T19:20:04+02:00 OK health label=production container=odoo-production
2026-06-04T19:20:04+02:00 OK health label=staging container=odoo-staging
2026-06-04T19:20:04+02:00 OK disk path=/opt/odoo used=22%
2026-06-04T19:20:04+02:00 SUMMARY status=ok
2026-06-04T19:25:01+02:00 ERROR container_not_running name=odoo-staging-db state=created
2026-06-04T19:25:01+02:00 OK health label=production container=odoo-production
2026-06-04T19:25:01+02:00 ERROR health_failed label=staging container=odoo-staging
2026-06-04T19:25:01+02:00 OK disk path=/opt/odoo used=22%
2026-06-04T19:25:01+02:00 SUMMARY status=fail errors=2
2026-06-04T19:30:03+02:00 ERROR container_not_running name=odoo-staging state=exited
2026-06-04T19:30:03+02:00 OK health label=production container=odoo-production
2026-06-04T19:30:03+02:00 ERROR health_failed label=staging container=odoo-staging
2026-06-04T19:30:03+02:00 OK disk path=/opt/odoo used=22%
2026-06-04T19:30:03+02:00 SUMMARY status=fail errors=2
2026-06-04T19:35:01+02:00 ERROR container_not_running name=odoo-staging-db state=removing
2026-06-04T19:35:01+02:00 OK health label=production container=odoo-production
2026-06-04T19:35:01+02:00 OK health label=staging container=odoo-staging
2026-06-04T19:35:01+02:00 OK disk path=/opt/odoo used=22%
2026-06-04T19:35:01+02:00 SUMMARY status=fail errors=1
2026-06-04T19:40:03+02:00 OK health label=production container=odoo-production
2026-06-04T19:40:03+02:00 OK health label=staging container=odoo-staging
2026-06-04T19:40:03+02:00 OK disk path=/opt/odoo used=22%
2026-06-04T19:40:03+02:00 SUMMARY status=ok
2026-06-04T19:45:01+02:00 OK health label=production container=odoo-production
2026-06-04T19:45:01+02:00 ERROR health_failed label=staging container=odoo-staging
2026-06-04T19:45:01+02:00 OK disk path=/opt/odoo used=22%
2026-06-04T19:45:01+02:00 SUMMARY status=fail errors=1
2026-06-04T19:50:01+02:00 ERROR container_unhealthy name=odoo-staging health=starting
2026-06-04T19:50:01+02:00 OK health label=production container=odoo-production
2026-06-04T19:50:01+02:00 OK health label=staging container=odoo-staging
2026-06-04T19:50:01+02:00 OK disk path=/opt/odoo used=22%
2026-06-04T19:50:01+02:00 SUMMARY status=fail errors=1
2026-06-04T19:55:02+02:00 OK health label=production container=odoo-production
2026-06-04T19:55:02+02:00 OK health label=staging container=odoo-staging
2026-06-04T19:55:02+02:00 OK disk path=/opt/odoo used=22%
2026-06-04T19:55:02+02:00 SUMMARY status=ok
2026-06-04T20:00:03+02:00 OK health label=production container=odoo-production
2026-06-04T20:00:03+02:00 OK health label=staging container=odoo-staging
2026-06-04T20:00:03+02:00 OK disk path=/opt/odoo used=22%
2026-06-04T20:00:03+02:00 SUMMARY status=ok
2026-06-04T20:05:03+02:00 OK health label=production container=odoo-production
2026-06-04T20:05:03+02:00 OK health label=staging container=odoo-staging
2026-06-04T20:05:03+02:00 OK disk path=/opt/odoo used=22%
2026-06-04T20:05:03+02:00 SUMMARY status=ok
2026-06-04T20:10:01+02:00 OK health label=production container=odoo-production
2026-06-04T20:10:01+02:00 OK health label=staging container=odoo-staging
2026-06-04T20:10:01+02:00 OK disk path=/opt/odoo used=22%
2026-06-04T20:10:01+02:00 SUMMARY status=ok
2026-06-04T20:15:04+02:00 OK health label=production container=odoo-production
2026-06-04T20:15:04+02:00 OK health label=staging container=odoo-staging
2026-06-04T20:15:04+02:00 OK disk path=/opt/odoo used=22%
2026-06-04T20:15:04+02:00 SUMMARY status=ok
2026-06-04T20:20:04+02:00 OK health label=production container=odoo-production
2026-06-04T20:20:04+02:00 OK health label=staging container=odoo-staging
2026-06-04T20:20:04+02:00 OK disk path=/opt/odoo used=22%
2026-06-04T20:20:04+02:00 SUMMARY status=ok
2026-06-04T20:25:03+02:00 OK health label=production container=odoo-production
2026-06-04T20:25:03+02:00 OK health label=staging container=odoo-staging
2026-06-04T20:25:03+02:00 OK disk path=/opt/odoo used=22%
2026-06-04T20:25:03+02:00 SUMMARY status=ok
2026-06-04T20:30:01+02:00 ERROR container_not_running name=odoo-staging state=exited
2026-06-04T20:30:01+02:00 OK health label=production container=odoo-production
2026-06-04T20:30:01+02:00 ERROR health_failed label=staging container=odoo-staging
2026-06-04T20:30:01+02:00 OK disk path=/opt/odoo used=22%
2026-06-04T20:30:01+02:00 SUMMARY status=fail errors=2
2026-06-04T20:35:04+02:00 ERROR container_unhealthy name=odoo-production health=starting
2026-06-04T20:35:04+02:00 OK health label=production container=odoo-production
2026-06-04T20:35:04+02:00 OK health label=staging container=odoo-staging
2026-06-04T20:35:04+02:00 OK disk path=/opt/odoo used=22%
2026-06-04T20:35:04+02:00 SUMMARY status=fail errors=1
2026-06-04T20:40:01+02:00 OK health label=production container=odoo-production
2026-06-04T20:40:01+02:00 OK health label=staging container=odoo-staging
2026-06-04T20:40:01+02:00 OK disk path=/opt/odoo used=22%
2026-06-04T20:40:01+02:00 SUMMARY status=ok
2026-06-04T20:45:02+02:00 OK health label=production container=odoo-production
2026-06-04T20:45:02+02:00 OK health label=staging container=odoo-staging
2026-06-04T20:45:02+02:00 OK disk path=/opt/odoo used=22%
2026-06-04T20:45:02+02:00 SUMMARY status=ok
2026-06-04T20:50:03+02:00 ERROR container_unhealthy name=odoo-production health=starting
2026-06-04T20:50:03+02:00 OK health label=production container=odoo-production
2026-06-04T20:50:03+02:00 OK health label=staging container=odoo-staging
2026-06-04T20:50:03+02:00 OK disk path=/opt/odoo used=23%
2026-06-04T20:50:03+02:00 SUMMARY status=fail errors=1
2026-06-04T20:55:02+02:00 ERROR container_unhealthy name=odoo-staging health=starting
2026-06-04T20:55:02+02:00 OK health label=production container=odoo-production
2026-06-04T20:55:02+02:00 OK health label=staging container=odoo-staging
2026-06-04T20:55:02+02:00 OK disk path=/opt/odoo used=23%
2026-06-04T20:55:02+02:00 SUMMARY status=fail errors=1
2026-06-04T21:00:01+02:00 ERROR container_not_running name=odoo-staging state=removing
2026-06-04T21:00:01+02:00 ERROR container_not_running name=odoo-staging-db state=created
2026-06-04T21:00:01+02:00 OK health label=production container=odoo-production
2026-06-04T21:00:01+02:00 ERROR health_failed label=staging container=odoo-staging
2026-06-04T21:00:01+02:00 OK disk path=/opt/odoo used=23%
2026-06-04T21:00:01+02:00 SUMMARY status=fail errors=3
2026-06-04T21:05:03+02:00 OK health label=production container=odoo-production
2026-06-04T21:05:03+02:00 OK health label=staging container=odoo-staging
2026-06-04T21:05:03+02:00 OK disk path=/opt/odoo used=23%
2026-06-04T21:05:03+02:00 SUMMARY status=ok
2026-06-04T21:10:02+02:00 OK health label=production container=odoo-production
2026-06-04T21:10:02+02:00 OK health label=staging container=odoo-staging
2026-06-04T21:10:02+02:00 OK disk path=/opt/odoo used=23%
2026-06-04T21:10:02+02:00 SUMMARY status=ok
2026-06-04T21:15:02+02:00 ERROR container_unhealthy name=odoo-staging health=starting
2026-06-04T21:15:02+02:00 OK health label=production container=odoo-production
2026-06-04T21:15:02+02:00 OK health label=staging container=odoo-staging
2026-06-04T21:15:02+02:00 OK disk path=/opt/odoo used=23%
2026-06-04T21:15:02+02:00 SUMMARY status=fail errors=1
2026-06-04T21:20:01+02:00 OK health label=production container=odoo-production
2026-06-04T21:20:01+02:00 OK health label=staging container=odoo-staging
2026-06-04T21:20:01+02:00 OK disk path=/opt/odoo used=23%
2026-06-04T21:20:01+02:00 SUMMARY status=ok
2026-06-04T21:25:02+02:00 ERROR container_unhealthy name=odoo-staging health=starting
2026-06-04T21:25:02+02:00 OK health label=production container=odoo-production
2026-06-04T21:25:02+02:00 OK health label=staging container=odoo-staging
2026-06-04T21:25:02+02:00 OK disk path=/opt/odoo used=23%
2026-06-04T21:25:02+02:00 SUMMARY status=fail errors=1
2026-06-04T21:30:02+02:00 OK health label=production container=odoo-production
2026-06-04T21:30:02+02:00 OK health label=staging container=odoo-staging
2026-06-04T21:30:02+02:00 OK disk path=/opt/odoo used=23%
2026-06-04T21:30:02+02:00 SUMMARY status=ok
2026-06-04T21:35:04+02:00 OK health label=production container=odoo-production
2026-06-04T21:35:04+02:00 OK health label=staging container=odoo-staging
2026-06-04T21:35:04+02:00 OK disk path=/opt/odoo used=23%
2026-06-04T21:35:04+02:00 SUMMARY status=ok
2026-06-04T21:40:05+02:00 ERROR container_not_running name=odoo-staging state=removing
2026-06-04T21:40:05+02:00 ERROR container_not_running name=odoo-staging-db state=created
2026-06-04T21:40:05+02:00 OK health label=production container=odoo-production
2026-06-04T21:40:05+02:00 ERROR health_failed label=staging container=odoo-staging
2026-06-04T21:40:05+02:00 OK disk path=/opt/odoo used=23%
2026-06-04T21:40:05+02:00 SUMMARY status=fail errors=3
2026-06-04T21:45:01+02:00 OK health label=production container=odoo-production
2026-06-04T21:45:01+02:00 OK health label=staging container=odoo-staging
2026-06-04T21:45:01+02:00 OK disk path=/opt/odoo used=23%
2026-06-04T21:45:01+02:00 SUMMARY status=ok
2026-06-04T21:50:02+02:00 OK health label=production container=odoo-production
2026-06-04T21:50:02+02:00 OK health label=staging container=odoo-staging
2026-06-04T21:50:02+02:00 OK disk path=/opt/odoo used=23%
2026-06-04T21:50:02+02:00 SUMMARY status=ok
2026-06-04T21:55:04+02:00 OK health label=production container=odoo-production
2026-06-04T21:55:04+02:00 OK health label=staging container=odoo-staging
2026-06-04T21:55:04+02:00 OK disk path=/opt/odoo used=23%
2026-06-04T21:55:04+02:00 SUMMARY status=ok
2026-06-04T22:00:02+02:00 OK health label=production container=odoo-production
2026-06-04T22:00:02+02:00 OK health label=staging container=odoo-staging
2026-06-04T22:00:02+02:00 OK disk path=/opt/odoo used=23%
2026-06-04T22:00:02+02:00 SUMMARY status=ok
2026-06-04T22:05:02+02:00 OK health label=production container=odoo-production
2026-06-04T22:05:02+02:00 OK health label=staging container=odoo-staging
2026-06-04T22:05:02+02:00 OK disk path=/opt/odoo used=23%
2026-06-04T22:05:02+02:00 SUMMARY status=ok
2026-06-04T22:10:03+02:00 ERROR container_not_running name=odoo-staging state=removing
2026-06-04T22:10:03+02:00 OK health label=production container=odoo-production
2026-06-04T22:10:03+02:00 ERROR health_failed label=staging container=odoo-staging
2026-06-04T22:10:03+02:00 OK disk path=/opt/odoo used=23%
2026-06-04T22:10:03+02:00 SUMMARY status=fail errors=2
2026-06-04T22:15:02+02:00 OK health label=production container=odoo-production
2026-06-04T22:15:02+02:00 OK health label=staging container=odoo-staging
2026-06-04T22:15:02+02:00 OK disk path=/opt/odoo used=23%
2026-06-04T22:15:02+02:00 SUMMARY status=ok
2026-06-04T22:20:02+02:00 OK health label=production container=odoo-production
2026-06-04T22:20:02+02:00 OK health label=staging container=odoo-staging
2026-06-04T22:20:02+02:00 OK disk path=/opt/odoo used=23%
2026-06-04T22:20:02+02:00 SUMMARY status=ok
2026-06-04T22:25:02+02:00 ERROR container_unhealthy name=odoo-staging health=starting
2026-06-04T22:25:02+02:00 OK health label=production container=odoo-production
2026-06-04T22:25:02+02:00 OK health label=staging container=odoo-staging
2026-06-04T22:25:02+02:00 OK disk path=/opt/odoo used=23%
2026-06-04T22:25:02+02:00 SUMMARY status=fail errors=1
2026-06-04T22:30:01+02:00 OK health label=production container=odoo-production
2026-06-04T22:30:01+02:00 OK health label=staging container=odoo-staging
2026-06-04T22:30:01+02:00 OK disk path=/opt/odoo used=23%
2026-06-04T22:30:01+02:00 SUMMARY status=ok
2026-06-04T22:35:02+02:00 OK health label=production container=odoo-production
2026-06-04T22:35:02+02:00 ERROR health_failed label=staging container=odoo-staging
2026-06-04T22:35:02+02:00 OK disk path=/opt/odoo used=23%
2026-06-04T22:35:02+02:00 SUMMARY status=fail errors=1
2026-06-04T22:40:01+02:00 OK health label=production container=odoo-production
2026-06-04T22:40:01+02:00 OK health label=staging container=odoo-staging
2026-06-04T22:40:01+02:00 OK disk path=/opt/odoo used=23%
2026-06-04T22:40:01+02:00 SUMMARY status=ok
2026-06-04T22:45:02+02:00 ERROR container_unhealthy name=odoo-production health=starting
2026-06-04T22:45:02+02:00 OK health label=production container=odoo-production
2026-06-04T22:45:02+02:00 OK health label=staging container=odoo-staging
2026-06-04T22:45:02+02:00 OK disk path=/opt/odoo used=23%
2026-06-04T22:45:02+02:00 SUMMARY status=fail errors=1
2026-06-04T22:50:02+02:00 OK health label=production container=odoo-production
2026-06-04T22:50:02+02:00 OK health label=staging container=odoo-staging
2026-06-04T22:50:02+02:00 OK disk path=/opt/odoo used=23%
2026-06-04T22:50:02+02:00 SUMMARY status=ok
2026-06-04T22:55:04+02:00 ERROR container_unhealthy name=odoo-production health=starting
2026-06-04T22:55:04+02:00 OK health label=production container=odoo-production
2026-06-04T22:55:04+02:00 OK health label=staging container=odoo-staging
2026-06-04T22:55:04+02:00 OK disk path=/opt/odoo used=23%
2026-06-04T22:55:04+02:00 SUMMARY status=fail errors=1
2026-06-04T23:00:03+02:00 ERROR container_not_running name=odoo-staging state=exited
2026-06-04T23:00:03+02:00 OK health label=production container=odoo-production
2026-06-04T23:00:03+02:00 ERROR health_failed label=staging container=odoo-staging
2026-06-04T23:00:03+02:00 OK disk path=/opt/odoo used=23%
2026-06-04T23:00:03+02:00 SUMMARY status=fail errors=2
2026-06-04T23:05:03+02:00 ERROR container_not_running name=odoo-staging state=exited
2026-06-04T23:05:03+02:00 OK health label=production container=odoo-production
2026-06-04T23:05:03+02:00 ERROR health_failed label=staging container=odoo-staging
2026-06-04T23:05:03+02:00 OK disk path=/opt/odoo used=23%
2026-06-04T23:05:03+02:00 SUMMARY status=fail errors=2
2026-06-04T23:10:02+02:00 ERROR container_not_running name=odoo-production state=exited
2026-06-04T23:10:02+02:00 ERROR container_unhealthy name=odoo-staging health=starting
2026-06-04T23:10:02+02:00 ERROR health_failed label=production container=odoo-production
2026-06-04T23:10:02+02:00 ERROR health_failed label=staging container=odoo-staging
2026-06-04T23:10:02+02:00 OK disk path=/opt/odoo used=23%
2026-06-04T23:10:02+02:00 SUMMARY status=fail errors=4
2026-06-04T23:15:05+02:00 ERROR container_not_running name=odoo-production state=exited
2026-06-04T23:15:05+02:00 ERROR container_not_running name=odoo-production-db state=removing
2026-06-04T23:15:05+02:00 ERROR health_failed label=production container=odoo-production
2026-06-04T23:15:05+02:00 OK health label=staging container=odoo-staging
2026-06-04T23:15:05+02:00 OK disk path=/opt/odoo used=23%
2026-06-04T23:15:05+02:00 SUMMARY status=fail errors=3
2026-06-04T23:20:02+02:00 ERROR container_not_running name=odoo-production state=exited
2026-06-04T23:20:02+02:00 ERROR container_unhealthy name=odoo-staging health=starting
2026-06-04T23:20:02+02:00 ERROR health_failed label=production container=odoo-production
2026-06-04T23:20:02+02:00 OK health label=staging container=odoo-staging
2026-06-04T23:20:02+02:00 OK disk path=/opt/odoo used=23%
2026-06-04T23:20:02+02:00 SUMMARY status=fail errors=3
2026-06-04T23:25:01+02:00 OK health label=production container=odoo-production
2026-06-04T23:25:01+02:00 OK health label=staging container=odoo-staging
2026-06-04T23:25:01+02:00 OK disk path=/opt/odoo used=23%
2026-06-04T23:25:01+02:00 SUMMARY status=ok
2026-06-04T23:30:03+02:00 OK health label=production container=odoo-production
2026-06-04T23:30:03+02:00 OK health label=staging container=odoo-staging
2026-06-04T23:30:03+02:00 OK disk path=/opt/odoo used=23%
2026-06-04T23:30:03+02:00 SUMMARY status=ok
2026-06-04T23:35:02+02:00 OK health label=production container=odoo-production
2026-06-04T23:35:02+02:00 OK health label=staging container=odoo-staging
2026-06-04T23:35:02+02:00 OK disk path=/opt/odoo used=23%
2026-06-04T23:35:02+02:00 SUMMARY status=ok
2026-06-04T23:40:04+02:00 OK health label=production container=odoo-production
2026-06-04T23:40:04+02:00 OK health label=staging container=odoo-staging
2026-06-04T23:40:04+02:00 OK disk path=/opt/odoo used=23%
2026-06-04T23:40:04+02:00 SUMMARY status=ok
2026-06-04T23:45:01+02:00 OK health label=production container=odoo-production
2026-06-04T23:45:01+02:00 OK health label=staging container=odoo-staging
2026-06-04T23:45:01+02:00 OK disk path=/opt/odoo used=23%
2026-06-04T23:45:01+02:00 SUMMARY status=ok
2026-06-04T23:50:03+02:00 ERROR container_not_running name=odoo-production state=exited
2026-06-04T23:50:03+02:00 ERROR health_failed label=production container=odoo-production
2026-06-04T23:50:03+02:00 OK health label=staging container=odoo-staging
2026-06-04T23:50:03+02:00 OK disk path=/opt/odoo used=23%
2026-06-04T23:50:03+02:00 SUMMARY status=fail errors=2
2026-06-04T23:55:02+02:00 ERROR container_not_running name=odoo-production state=exited
2026-06-04T23:55:02+02:00 ERROR container_not_running name=odoo-staging state=exited
2026-06-04T23:55:02+02:00 ERROR health_failed label=production container=odoo-production
2026-06-04T23:55:02+02:00 ERROR health_failed label=staging container=odoo-staging
2026-06-04T23:55:02+02:00 OK disk path=/opt/odoo used=23%
2026-06-04T23:55:02+02:00 SUMMARY status=fail errors=4
2026-06-05T00:00:06+02:00 OK health label=production container=odoo-production
2026-06-05T00:00:06+02:00 OK health label=staging container=odoo-staging
2026-06-05T00:00:06+02:00 OK disk path=/opt/odoo used=23%
2026-06-05T00:00:06+02:00 SUMMARY status=ok
2026-06-05T00:05:03+02:00 OK health label=production container=odoo-production
2026-06-05T00:05:03+02:00 OK health label=staging container=odoo-staging
2026-06-05T00:05:03+02:00 OK disk path=/opt/odoo used=23%
2026-06-05T00:05:03+02:00 SUMMARY status=ok
2026-06-05T00:10:01+02:00 OK health label=production container=odoo-production
2026-06-05T00:10:01+02:00 OK health label=staging container=odoo-staging
2026-06-05T00:10:01+02:00 OK disk path=/opt/odoo used=23%
2026-06-05T00:10:01+02:00 SUMMARY status=ok
2026-06-05T00:15:02+02:00 OK health label=production container=odoo-production
2026-06-05T00:15:02+02:00 OK health label=staging container=odoo-staging
2026-06-05T00:15:02+02:00 OK disk path=/opt/odoo used=23%
2026-06-05T00:15:02+02:00 SUMMARY status=ok
2026-06-05T00:20:04+02:00 OK health label=production container=odoo-production
2026-06-05T00:20:04+02:00 OK health label=staging container=odoo-staging
2026-06-05T00:20:04+02:00 OK disk path=/opt/odoo used=23%
2026-06-05T00:20:04+02:00 SUMMARY status=ok
2026-06-05T00:25:02+02:00 OK health label=production container=odoo-production
2026-06-05T00:25:02+02:00 OK health label=staging container=odoo-staging
2026-06-05T00:25:02+02:00 OK disk path=/opt/odoo used=23%
2026-06-05T00:25:02+02:00 SUMMARY status=ok
2026-06-05T00:30:03+02:00 OK health label=production container=odoo-production
2026-06-05T00:30:03+02:00 OK health label=staging container=odoo-staging
2026-06-05T00:30:03+02:00 OK disk path=/opt/odoo used=23%
2026-06-05T00:30:03+02:00 SUMMARY status=ok
2026-06-05T00:35:02+02:00 OK health label=production container=odoo-production
2026-06-05T00:35:02+02:00 OK health label=staging container=odoo-staging
2026-06-05T00:35:02+02:00 OK disk path=/opt/odoo used=23%
2026-06-05T00:35:02+02:00 SUMMARY status=ok
2026-06-05T00:40:04+02:00 OK health label=production container=odoo-production
2026-06-05T00:40:04+02:00 OK health label=staging container=odoo-staging
2026-06-05T00:40:04+02:00 OK disk path=/opt/odoo used=23%
2026-06-05T00:40:04+02:00 SUMMARY status=ok
2026-06-05T00:45:03+02:00 ERROR container_not_running name=odoo-staging state=exited
2026-06-05T00:45:03+02:00 OK health label=production container=odoo-production
2026-06-05T00:45:03+02:00 ERROR health_failed label=staging container=odoo-staging
2026-06-05T00:45:03+02:00 OK disk path=/opt/odoo used=23%
2026-06-05T00:45:03+02:00 SUMMARY status=fail errors=2
2026-06-05T00:50:01+02:00 OK health label=production container=odoo-production
2026-06-05T00:50:01+02:00 ERROR health_failed label=staging container=odoo-staging
2026-06-05T00:50:01+02:00 OK disk path=/opt/odoo used=23%
2026-06-05T00:50:01+02:00 SUMMARY status=fail errors=1
2026-06-05T00:55:02+02:00 OK health label=production container=odoo-production
2026-06-05T00:55:02+02:00 OK health label=staging container=odoo-staging
2026-06-05T00:55:02+02:00 OK disk path=/opt/odoo used=23%
2026-06-05T00:55:02+02:00 SUMMARY status=ok
2026-06-05T01:00:04+02:00 OK health label=production container=odoo-production
2026-06-05T01:00:04+02:00 OK health label=staging container=odoo-staging
2026-06-05T01:00:04+02:00 OK disk path=/opt/odoo used=23%
2026-06-05T01:00:04+02:00 SUMMARY status=ok
2026-06-05T01:05:03+02:00 OK health label=production container=odoo-production
2026-06-05T01:05:03+02:00 OK health label=staging container=odoo-staging
2026-06-05T01:05:03+02:00 OK disk path=/opt/odoo used=23%
2026-06-05T01:05:03+02:00 SUMMARY status=ok
2026-06-05T01:10:02+02:00 OK health label=production container=odoo-production
2026-06-05T01:10:02+02:00 OK health label=staging container=odoo-staging
2026-06-05T01:10:02+02:00 OK disk path=/opt/odoo used=23%
2026-06-05T01:10:02+02:00 SUMMARY status=ok
2026-06-05T01:15:02+02:00 ERROR container_unhealthy name=odoo-staging health=starting
2026-06-05T01:15:02+02:00 OK health label=production container=odoo-production
2026-06-05T01:15:02+02:00 OK health label=staging container=odoo-staging
2026-06-05T01:15:02+02:00 OK disk path=/opt/odoo used=23%
2026-06-05T01:15:02+02:00 SUMMARY status=fail errors=1
2026-06-05T01:20:04+02:00 ERROR container_not_running name=odoo-production state=exited
2026-06-05T01:20:04+02:00 ERROR container_unhealthy name=odoo-staging health=starting
2026-06-05T01:20:04+02:00 ERROR health_failed label=production container=odoo-production
2026-06-05T01:20:04+02:00 OK health label=staging container=odoo-staging
2026-06-05T01:20:04+02:00 OK disk path=/opt/odoo used=23%
2026-06-05T01:20:04+02:00 SUMMARY status=fail errors=3
2026-06-05T01:25:03+02:00 ERROR container_not_running name=odoo-production state=removing
2026-06-05T01:25:03+02:00 ERROR health_failed label=production container=odoo-production
2026-06-05T01:25:03+02:00 OK health label=staging container=odoo-staging
2026-06-05T01:25:03+02:00 OK disk path=/opt/odoo used=23%
2026-06-05T01:25:03+02:00 SUMMARY status=fail errors=2
2026-06-05T01:30:04+02:00 OK health label=production container=odoo-production
2026-06-05T01:30:04+02:00 OK health label=staging container=odoo-staging
2026-06-05T01:30:04+02:00 OK disk path=/opt/odoo used=23%
2026-06-05T01:30:04+02:00 SUMMARY status=ok
2026-06-05T01:35:01+02:00 OK health label=production container=odoo-production
2026-06-05T01:35:01+02:00 OK health label=staging container=odoo-staging
2026-06-05T01:35:01+02:00 OK disk path=/opt/odoo used=23%
2026-06-05T01:35:01+02:00 SUMMARY status=ok
2026-06-05T01:40:03+02:00 OK health label=production container=odoo-production
2026-06-05T01:40:03+02:00 ERROR health_failed label=staging container=odoo-staging
2026-06-05T01:40:03+02:00 OK disk path=/opt/odoo used=23%
2026-06-05T01:40:03+02:00 SUMMARY status=fail errors=1
2026-06-05T01:45:03+02:00 OK health label=production container=odoo-production
2026-06-05T01:45:03+02:00 OK health label=staging container=odoo-staging
2026-06-05T01:45:03+02:00 OK disk path=/opt/odoo used=23%
2026-06-05T01:45:03+02:00 SUMMARY status=ok
2026-06-05T01:50:02+02:00 OK health label=production container=odoo-production
2026-06-05T01:50:02+02:00 OK health label=staging container=odoo-staging
2026-06-05T01:50:02+02:00 OK disk path=/opt/odoo used=23%
2026-06-05T01:50:02+02:00 SUMMARY status=ok
2026-06-05T01:55:02+02:00 OK health label=production container=odoo-production
2026-06-05T01:55:02+02:00 OK health label=staging container=odoo-staging
2026-06-05T01:55:02+02:00 OK disk path=/opt/odoo used=23%
2026-06-05T01:55:02+02:00 SUMMARY status=ok
2026-06-05T02:00:02+02:00 ERROR container_unhealthy name=odoo-staging health=starting
2026-06-05T02:00:02+02:00 OK health label=production container=odoo-production
2026-06-05T02:00:02+02:00 OK health label=staging container=odoo-staging
2026-06-05T02:00:02+02:00 OK disk path=/opt/odoo used=23%
2026-06-05T02:00:02+02:00 SUMMARY status=fail errors=1
2026-06-05T02:05:03+02:00 OK health label=production container=odoo-production
2026-06-05T02:05:03+02:00 OK health label=staging container=odoo-staging
2026-06-05T02:05:03+02:00 OK disk path=/opt/odoo used=23%
2026-06-05T02:05:03+02:00 SUMMARY status=ok
2026-06-05T02:10:02+02:00 OK health label=production container=odoo-production
2026-06-05T02:10:02+02:00 OK health label=staging container=odoo-staging
2026-06-05T02:10:02+02:00 OK disk path=/opt/odoo used=23%
2026-06-05T02:10:02+02:00 SUMMARY status=ok
2026-06-05T02:15:03+02:00 OK health label=production container=odoo-production
2026-06-05T02:15:03+02:00 ERROR health_failed label=staging container=odoo-staging
2026-06-05T02:15:03+02:00 OK disk path=/opt/odoo used=23%
2026-06-05T02:15:03+02:00 SUMMARY status=fail errors=1
2026-06-05T02:20:02+02:00 OK health label=production container=odoo-production
2026-06-05T02:20:02+02:00 OK health label=staging container=odoo-staging
2026-06-05T02:20:02+02:00 OK disk path=/opt/odoo used=23%
2026-06-05T02:20:02+02:00 SUMMARY status=ok
2026-06-05T02:25:02+02:00 ERROR container_not_running name=odoo-staging state=exited
2026-06-05T02:25:02+02:00 OK health label=production container=odoo-production
2026-06-05T02:25:02+02:00 ERROR health_failed label=staging container=odoo-staging
2026-06-05T02:25:02+02:00 OK disk path=/opt/odoo used=23%
2026-06-05T02:25:02+02:00 SUMMARY status=fail errors=2
2026-06-05T02:30:02+02:00 ERROR container_not_running name=odoo-staging state=exited
2026-06-05T02:30:02+02:00 OK health label=production container=odoo-production
2026-06-05T02:30:02+02:00 ERROR health_failed label=staging container=odoo-staging
2026-06-05T02:30:02+02:00 OK disk path=/opt/odoo used=23%
2026-06-05T02:30:02+02:00 SUMMARY status=fail errors=2
2026-06-05T02:35:02+02:00 ERROR container_unhealthy name=odoo-staging health=starting
2026-06-05T02:35:02+02:00 OK health label=production container=odoo-production
2026-06-05T02:35:02+02:00 OK health label=staging container=odoo-staging
2026-06-05T02:35:02+02:00 OK disk path=/opt/odoo used=23%
2026-06-05T02:35:02+02:00 SUMMARY status=fail errors=1
2026-06-05T02:40:01+02:00 OK health label=production container=odoo-production
2026-06-05T02:40:01+02:00 OK health label=staging container=odoo-staging
2026-06-05T02:40:01+02:00 OK disk path=/opt/odoo used=23%
2026-06-05T02:40:01+02:00 SUMMARY status=ok
2026-06-04T18:45:02-06:00 OK health label=production container=odoo-production
2026-06-04T18:45:02-06:00 OK health label=staging container=odoo-staging
2026-06-04T18:45:02-06:00 OK disk path=/opt/odoo used=23%
2026-06-04T18:45:02-06:00 SUMMARY status=ok
2026-06-04T18:50:01-06:00 OK health label=production container=odoo-production
2026-06-04T18:50:01-06:00 OK health label=staging container=odoo-staging
2026-06-04T18:50:01-06:00 OK disk path=/opt/odoo used=23%
2026-06-04T18:50:01-06:00 SUMMARY status=ok
2026-06-04T18:55:04-06:00 ERROR container_unhealthy name=odoo-production health=starting
2026-06-04T18:55:04-06:00 OK health label=production container=odoo-production
2026-06-04T18:55:04-06:00 OK health label=staging container=odoo-staging
2026-06-04T18:55:04-06:00 OK disk path=/opt/odoo used=23%
2026-06-04T18:55:04-06:00 SUMMARY status=fail errors=1
2026-06-04T19:00:02-06:00 OK health label=production container=odoo-production
2026-06-04T19:00:02-06:00 OK health label=staging container=odoo-staging
2026-06-04T19:00:02-06:00 OK disk path=/opt/odoo used=23%
2026-06-04T19:00:02-06:00 SUMMARY status=ok
2026-06-04T19:05:02-06:00 OK health label=production container=odoo-production
2026-06-04T19:05:02-06:00 OK health label=staging container=odoo-staging
2026-06-04T19:05:02-06:00 OK disk path=/opt/odoo used=23%
2026-06-04T19:05:02-06:00 SUMMARY status=ok
2026-06-04T19:10:01-06:00 OK health label=production container=odoo-production
2026-06-04T19:10:01-06:00 OK health label=staging container=odoo-staging
2026-06-04T19:10:01-06:00 OK disk path=/opt/odoo used=23%
2026-06-04T19:10:01-06:00 SUMMARY status=ok
2026-06-04T19:15:01-06:00 OK health label=production container=odoo-production
2026-06-04T19:15:01-06:00 OK health label=staging container=odoo-staging
2026-06-04T19:15:01-06:00 OK disk path=/opt/odoo used=23%
2026-06-04T19:15:01-06:00 SUMMARY status=ok
2026-06-04T19:20:01-06:00 OK health label=production container=odoo-production
2026-06-04T19:20:01-06:00 OK health label=staging container=odoo-staging
2026-06-04T19:20:01-06:00 OK disk path=/opt/odoo used=23%
2026-06-04T19:20:01-06:00 SUMMARY status=ok
2026-06-04T19:25:02-06:00 OK health label=production container=odoo-production
2026-06-04T19:25:02-06:00 OK health label=staging container=odoo-staging
2026-06-04T19:25:02-06:00 OK disk path=/opt/odoo used=23%
2026-06-04T19:25:02-06:00 SUMMARY status=ok
2026-06-04T19:30:03-06:00 OK health label=production container=odoo-production
2026-06-04T19:30:03-06:00 OK health label=staging container=odoo-staging
2026-06-04T19:30:03-06:00 OK disk path=/opt/odoo used=23%
2026-06-04T19:30:03-06:00 SUMMARY status=ok
2026-06-04T19:35:02-06:00 OK health label=production container=odoo-production
2026-06-04T19:35:02-06:00 OK health label=staging container=odoo-staging
2026-06-04T19:35:02-06:00 OK disk path=/opt/odoo used=23%
2026-06-04T19:35:02-06:00 SUMMARY status=ok
2026-06-04T19:40:02-06:00 OK health label=production container=odoo-production
2026-06-04T19:40:02-06:00 OK health label=staging container=odoo-staging
2026-06-04T19:40:02-06:00 OK disk path=/opt/odoo used=23%
2026-06-04T19:40:02-06:00 SUMMARY status=ok
2026-06-04T19:45:01-06:00 OK health label=production container=odoo-production
2026-06-04T19:45:01-06:00 OK health label=staging container=odoo-staging
2026-06-04T19:45:01-06:00 OK disk path=/opt/odoo used=23%
2026-06-04T19:45:01-06:00 SUMMARY status=ok
2026-06-04T19:50:03-06:00 OK health label=production container=odoo-production
2026-06-04T19:50:03-06:00 OK health label=staging container=odoo-staging
2026-06-04T19:50:03-06:00 OK disk path=/opt/odoo used=23%
2026-06-04T19:50:03-06:00 SUMMARY status=ok
2026-06-04T19:55:03-06:00 OK health label=production container=odoo-production
2026-06-04T19:55:03-06:00 OK health label=staging container=odoo-staging
2026-06-04T19:55:03-06:00 OK disk path=/opt/odoo used=23%
2026-06-04T19:55:03-06:00 SUMMARY status=ok
2026-06-04T20:00:02-06:00 OK health label=production container=odoo-production
2026-06-04T20:00:02-06:00 OK health label=staging container=odoo-staging
2026-06-04T20:00:02-06:00 OK disk path=/opt/odoo used=23%
2026-06-04T20:00:02-06:00 SUMMARY status=ok
2026-06-04T20:05:03-06:00 OK health label=production container=odoo-production
2026-06-04T20:05:03-06:00 OK health label=staging container=odoo-staging
2026-06-04T20:05:03-06:00 OK disk path=/opt/odoo used=23%
2026-06-04T20:05:03-06:00 SUMMARY status=ok
2026-06-04T20:10:04-06:00 OK health label=production container=odoo-production
2026-06-04T20:10:04-06:00 OK health label=staging container=odoo-staging
2026-06-04T20:10:04-06:00 OK disk path=/opt/odoo used=23%
2026-06-04T20:10:04-06:00 SUMMARY status=ok
2026-06-04T20:15:02-06:00 OK health label=production container=odoo-production
2026-06-04T20:15:02-06:00 OK health label=staging container=odoo-staging
2026-06-04T20:15:02-06:00 OK disk path=/opt/odoo used=23%
2026-06-04T20:15:02-06:00 SUMMARY status=ok
2026-06-04T20:20:03-06:00 OK health label=production container=odoo-production
2026-06-04T20:20:03-06:00 OK health label=staging container=odoo-staging
2026-06-04T20:20:03-06:00 OK disk path=/opt/odoo used=23%
2026-06-04T20:20:03-06:00 SUMMARY status=ok
2026-06-04T20:25:01-06:00 OK health label=production container=odoo-production
2026-06-04T20:25:01-06:00 OK health label=staging container=odoo-staging
2026-06-04T20:25:01-06:00 OK disk path=/opt/odoo used=23%
2026-06-04T20:25:01-06:00 SUMMARY status=ok
2026-06-04T20:30:02-06:00 OK health label=production container=odoo-production
2026-06-04T20:30:02-06:00 OK health label=staging container=odoo-staging
2026-06-04T20:30:02-06:00 OK disk path=/opt/odoo used=23%
2026-06-04T20:30:02-06:00 SUMMARY status=ok
2026-06-04T20:35:01-06:00 OK health label=production container=odoo-production
2026-06-04T20:35:01-06:00 OK health label=staging container=odoo-staging
2026-06-04T20:35:01-06:00 OK disk path=/opt/odoo used=23%
2026-06-04T20:35:01-06:00 SUMMARY status=ok
2026-06-04T20:40:02-06:00 OK health label=production container=odoo-production
2026-06-04T20:40:02-06:00 OK health label=staging container=odoo-staging
2026-06-04T20:40:02-06:00 OK disk path=/opt/odoo used=23%
2026-06-04T20:40:02-06:00 SUMMARY status=ok
2026-06-04T20:45:02-06:00 OK health label=production container=odoo-production
2026-06-04T20:45:02-06:00 OK health label=staging container=odoo-staging
2026-06-04T20:45:02-06:00 OK disk path=/opt/odoo used=23%
2026-06-04T20:45:02-06:00 SUMMARY status=ok
2026-06-04T20:50:01-06:00 OK health label=production container=odoo-production
2026-06-04T20:50:01-06:00 OK health label=staging container=odoo-staging
2026-06-04T20:50:01-06:00 OK disk path=/opt/odoo used=23%
2026-06-04T20:50:01-06:00 SUMMARY status=ok
2026-06-04T20:55:01-06:00 OK health label=production container=odoo-production
2026-06-04T20:55:01-06:00 OK health label=staging container=odoo-staging
2026-06-04T20:55:01-06:00 OK disk path=/opt/odoo used=23%
2026-06-04T20:55:01-06:00 SUMMARY status=ok
2026-06-04T21:00:03-06:00 OK health label=production container=odoo-production
2026-06-04T21:00:03-06:00 OK health label=staging container=odoo-staging
2026-06-04T21:00:03-06:00 OK disk path=/opt/odoo used=23%
2026-06-04T21:00:03-06:00 SUMMARY status=ok
2026-06-04T21:05:02-06:00 OK health label=production container=odoo-production
2026-06-04T21:05:02-06:00 OK health label=staging container=odoo-staging
2026-06-04T21:05:02-06:00 OK disk path=/opt/odoo used=23%
2026-06-04T21:05:02-06:00 SUMMARY status=ok
2026-06-04T21:10:02-06:00 OK health label=production container=odoo-production
2026-06-04T21:10:02-06:00 OK health label=staging container=odoo-staging
2026-06-04T21:10:02-06:00 OK disk path=/opt/odoo used=23%
2026-06-04T21:10:02-06:00 SUMMARY status=ok
2026-06-04T21:15:03-06:00 OK health label=production container=odoo-production
2026-06-04T21:15:03-06:00 OK health label=staging container=odoo-staging
2026-06-04T21:15:03-06:00 OK disk path=/opt/odoo used=23%
2026-06-04T21:15:03-06:00 SUMMARY status=ok
2026-06-04T21:20:02-06:00 OK health label=production container=odoo-production
2026-06-04T21:20:02-06:00 OK health label=staging container=odoo-staging
2026-06-04T21:20:02-06:00 OK disk path=/opt/odoo used=23%
2026-06-04T21:20:02-06:00 SUMMARY status=ok
2026-06-04T21:25:02-06:00 OK health label=production container=odoo-production
2026-06-04T21:25:02-06:00 OK health label=staging container=odoo-staging
2026-06-04T21:25:02-06:00 OK disk path=/opt/odoo used=23%
2026-06-04T21:25:02-06:00 SUMMARY status=ok
2026-06-04T21:30:02-06:00 OK health label=production container=odoo-production
2026-06-04T21:30:02-06:00 OK health label=staging container=odoo-staging
2026-06-04T21:30:02-06:00 OK disk path=/opt/odoo used=23%
2026-06-04T21:30:02-06:00 SUMMARY status=ok
2026-06-04T21:35:02-06:00 OK health label=production container=odoo-production
2026-06-04T21:35:02-06:00 OK health label=staging container=odoo-staging
2026-06-04T21:35:02-06:00 OK disk path=/opt/odoo used=23%
2026-06-04T21:35:02-06:00 SUMMARY status=ok
2026-06-04T21:40:02-06:00 OK health label=production container=odoo-production
2026-06-04T21:40:02-06:00 OK health label=staging container=odoo-staging
2026-06-04T21:40:02-06:00 OK disk path=/opt/odoo used=23%
2026-06-04T21:40:02-06:00 SUMMARY status=ok
2026-06-04T21:45:01-06:00 OK health label=production container=odoo-production
2026-06-04T21:45:01-06:00 OK health label=staging container=odoo-staging
2026-06-04T21:45:01-06:00 OK disk path=/opt/odoo used=23%
2026-06-04T21:45:01-06:00 SUMMARY status=ok
2026-06-04T21:50:03-06:00 OK health label=production container=odoo-production
2026-06-04T21:50:03-06:00 OK health label=staging container=odoo-staging
2026-06-04T21:50:03-06:00 OK disk path=/opt/odoo used=23%
2026-06-04T21:50:03-06:00 SUMMARY status=ok
2026-06-04T21:55:01-06:00 OK health label=production container=odoo-production
2026-06-04T21:55:01-06:00 OK health label=staging container=odoo-staging
2026-06-04T21:55:01-06:00 OK disk path=/opt/odoo used=23%
2026-06-04T21:55:01-06:00 SUMMARY status=ok
2026-06-04T22:00:01-06:00 OK health label=production container=odoo-production
2026-06-04T22:00:01-06:00 OK health label=staging container=odoo-staging
2026-06-04T22:00:01-06:00 OK disk path=/opt/odoo used=23%
2026-06-04T22:00:01-06:00 SUMMARY status=ok
2026-06-04T22:05:01-06:00 OK health label=production container=odoo-production
2026-06-04T22:05:01-06:00 OK health label=staging container=odoo-staging
2026-06-04T22:05:01-06:00 OK disk path=/opt/odoo used=23%
2026-06-04T22:05:01-06:00 SUMMARY status=ok
2026-06-04T22:10:02-06:00 OK health label=production container=odoo-production
2026-06-04T22:10:02-06:00 OK health label=staging container=odoo-staging
2026-06-04T22:10:02-06:00 OK disk path=/opt/odoo used=23%
2026-06-04T22:10:02-06:00 SUMMARY status=ok
2026-06-04T22:15:03-06:00 OK health label=production container=odoo-production
2026-06-04T22:15:03-06:00 OK health label=staging container=odoo-staging
2026-06-04T22:15:03-06:00 OK disk path=/opt/odoo used=23%
2026-06-04T22:15:03-06:00 SUMMARY status=ok
2026-06-04T22:20:02-06:00 OK health label=production container=odoo-production
2026-06-04T22:20:02-06:00 OK health label=staging container=odoo-staging
2026-06-04T22:20:02-06:00 OK disk path=/opt/odoo used=23%
2026-06-04T22:20:02-06:00 SUMMARY status=ok
2026-06-04T22:25:07-06:00 OK health label=production container=odoo-production
2026-06-04T22:25:07-06:00 OK health label=staging container=odoo-staging
2026-06-04T22:25:07-06:00 OK disk path=/opt/odoo used=23%
2026-06-04T22:25:07-06:00 SUMMARY status=ok
2026-06-04T22:30:01-06:00 OK health label=production container=odoo-production
2026-06-04T22:30:01-06:00 OK health label=staging container=odoo-staging
2026-06-04T22:30:01-06:00 OK disk path=/opt/odoo used=23%
2026-06-04T22:30:01-06:00 SUMMARY status=ok
2026-06-04T22:35:02-06:00 OK health label=production container=odoo-production
2026-06-04T22:35:02-06:00 OK health label=staging container=odoo-staging
2026-06-04T22:35:02-06:00 OK disk path=/opt/odoo used=23%
2026-06-04T22:35:02-06:00 SUMMARY status=ok
2026-06-04T22:40:03-06:00 OK health label=production container=odoo-production
2026-06-04T22:40:03-06:00 OK health label=staging container=odoo-staging
2026-06-04T22:40:03-06:00 OK disk path=/opt/odoo used=23%
2026-06-04T22:40:03-06:00 SUMMARY status=ok
2026-06-04T22:45:03-06:00 OK health label=production container=odoo-production
2026-06-04T22:45:03-06:00 OK health label=staging container=odoo-staging
2026-06-04T22:45:03-06:00 OK disk path=/opt/odoo used=23%
2026-06-04T22:45:03-06:00 SUMMARY status=ok
2026-06-04T22:50:04-06:00 OK health label=production container=odoo-production
2026-06-04T22:50:04-06:00 OK health label=staging container=odoo-staging
2026-06-04T22:50:04-06:00 OK disk path=/opt/odoo used=23%
2026-06-04T22:50:04-06:00 SUMMARY status=ok
2026-06-04T22:55:02-06:00 OK health label=production container=odoo-production
2026-06-04T22:55:02-06:00 OK health label=staging container=odoo-staging
2026-06-04T22:55:02-06:00 OK disk path=/opt/odoo used=23%
2026-06-04T22:55:02-06:00 SUMMARY status=ok
2026-06-04T23:00:02-06:00 OK health label=production container=odoo-production
2026-06-04T23:00:02-06:00 OK health label=staging container=odoo-staging
2026-06-04T23:00:02-06:00 OK disk path=/opt/odoo used=23%
2026-06-04T23:00:02-06:00 SUMMARY status=ok
2026-06-04T23:05:02-06:00 OK health label=production container=odoo-production
2026-06-04T23:05:02-06:00 OK health label=staging container=odoo-staging
2026-06-04T23:05:02-06:00 OK disk path=/opt/odoo used=23%
2026-06-04T23:05:02-06:00 SUMMARY status=ok
2026-06-04T23:10:02-06:00 OK health label=production container=odoo-production
2026-06-04T23:10:02-06:00 OK health label=staging container=odoo-staging
2026-06-04T23:10:02-06:00 OK disk path=/opt/odoo used=23%
2026-06-04T23:10:02-06:00 SUMMARY status=ok
2026-06-04T23:15:01-06:00 OK health label=production container=odoo-production
2026-06-04T23:15:01-06:00 OK health label=staging container=odoo-staging
2026-06-04T23:15:01-06:00 OK disk path=/opt/odoo used=23%
2026-06-04T23:15:01-06:00 SUMMARY status=ok
2026-06-04T23:20:04-06:00 OK health label=production container=odoo-production
2026-06-04T23:20:04-06:00 OK health label=staging container=odoo-staging
2026-06-04T23:20:04-06:00 OK disk path=/opt/odoo used=23%
2026-06-04T23:20:04-06:00 SUMMARY status=ok
2026-06-04T23:25:02-06:00 OK health label=production container=odoo-production
2026-06-04T23:25:02-06:00 OK health label=staging container=odoo-staging
2026-06-04T23:25:02-06:00 OK disk path=/opt/odoo used=23%
2026-06-04T23:25:02-06:00 SUMMARY status=ok
2026-06-04T23:30:03-06:00 OK health label=production container=odoo-production
2026-06-04T23:30:03-06:00 OK health label=staging container=odoo-staging
2026-06-04T23:30:03-06:00 OK disk path=/opt/odoo used=23%
2026-06-04T23:30:03-06:00 SUMMARY status=ok
2026-06-04T23:35:02-06:00 OK health label=production container=odoo-production
2026-06-04T23:35:02-06:00 OK health label=staging container=odoo-staging
2026-06-04T23:35:02-06:00 OK disk path=/opt/odoo used=23%
2026-06-04T23:35:02-06:00 SUMMARY status=ok
2026-06-04T23:40:01-06:00 OK health label=production container=odoo-production
2026-06-04T23:40:01-06:00 OK health label=staging container=odoo-staging
2026-06-04T23:40:01-06:00 OK disk path=/opt/odoo used=23%
2026-06-04T23:40:01-06:00 SUMMARY status=ok
2026-06-04T23:45:03-06:00 OK health label=production container=odoo-production
2026-06-04T23:45:03-06:00 OK health label=staging container=odoo-staging
2026-06-04T23:45:03-06:00 OK disk path=/opt/odoo used=23%
2026-06-04T23:45:03-06:00 SUMMARY status=ok
2026-06-04T23:50:01-06:00 OK health label=production container=odoo-production
2026-06-04T23:50:01-06:00 OK health label=staging container=odoo-staging
2026-06-04T23:50:01-06:00 OK disk path=/opt/odoo used=23%
2026-06-04T23:50:01-06:00 SUMMARY status=ok
2026-06-04T23:55:02-06:00 OK health label=production container=odoo-production
2026-06-04T23:55:02-06:00 OK health label=staging container=odoo-staging
2026-06-04T23:55:02-06:00 OK disk path=/opt/odoo used=23%
2026-06-04T23:55:02-06:00 SUMMARY status=ok
2026-06-05T00:00:03-06:00 OK health label=production container=odoo-production
2026-06-05T00:00:03-06:00 OK health label=staging container=odoo-staging
2026-06-05T00:00:03-06:00 OK disk path=/opt/odoo used=23%
2026-06-05T00:00:03-06:00 SUMMARY status=ok
2026-06-05T00:05:03-06:00 OK health label=production container=odoo-production
2026-06-05T00:05:03-06:00 OK health label=staging container=odoo-staging
2026-06-05T00:05:03-06:00 OK disk path=/opt/odoo used=23%
2026-06-05T00:05:03-06:00 SUMMARY status=ok
2026-06-05T00:10:02-06:00 OK health label=production container=odoo-production
2026-06-05T00:10:02-06:00 OK health label=staging container=odoo-staging
2026-06-05T00:10:02-06:00 OK disk path=/opt/odoo used=23%
2026-06-05T00:10:02-06:00 SUMMARY status=ok
2026-06-05T00:15:04-06:00 OK health label=production container=odoo-production
2026-06-05T00:15:04-06:00 OK health label=staging container=odoo-staging
2026-06-05T00:15:04-06:00 OK disk path=/opt/odoo used=23%
2026-06-05T00:15:04-06:00 SUMMARY status=ok
2026-06-05T00:20:04-06:00 OK health label=production container=odoo-production
2026-06-05T00:20:04-06:00 OK health label=staging container=odoo-staging
2026-06-05T00:20:04-06:00 OK disk path=/opt/odoo used=23%
2026-06-05T00:20:04-06:00 SUMMARY status=ok
2026-06-05T00:25:02-06:00 OK health label=production container=odoo-production
2026-06-05T00:25:02-06:00 OK health label=staging container=odoo-staging
2026-06-05T00:25:02-06:00 OK disk path=/opt/odoo used=23%
2026-06-05T00:25:02-06:00 SUMMARY status=ok
2026-06-05T00:30:02-06:00 OK health label=production container=odoo-production
2026-06-05T00:30:02-06:00 OK health label=staging container=odoo-staging
2026-06-05T00:30:02-06:00 OK disk path=/opt/odoo used=23%
2026-06-05T00:30:02-06:00 SUMMARY status=ok
2026-06-05T00:35:02-06:00 OK health label=production container=odoo-production
2026-06-05T00:35:02-06:00 OK health label=staging container=odoo-staging
2026-06-05T00:35:02-06:00 OK disk path=/opt/odoo used=23%
2026-06-05T00:35:02-06:00 SUMMARY status=ok
2026-06-05T00:40:02-06:00 OK health label=production container=odoo-production
2026-06-05T00:40:02-06:00 OK health label=staging container=odoo-staging
2026-06-05T00:40:02-06:00 OK disk path=/opt/odoo used=23%
2026-06-05T00:40:02-06:00 SUMMARY status=ok
2026-06-05T00:45:02-06:00 OK health label=production container=odoo-production
2026-06-05T00:45:02-06:00 OK health label=staging container=odoo-staging
2026-06-05T00:45:02-06:00 OK disk path=/opt/odoo used=23%
2026-06-05T00:45:02-06:00 SUMMARY status=ok
2026-06-05T00:50:03-06:00 OK health label=production container=odoo-production
2026-06-05T00:50:03-06:00 OK health label=staging container=odoo-staging
2026-06-05T00:50:03-06:00 OK disk path=/opt/odoo used=23%
2026-06-05T00:50:03-06:00 SUMMARY status=ok
2026-06-05T00:55:02-06:00 OK health label=production container=odoo-production
2026-06-05T00:55:02-06:00 OK health label=staging container=odoo-staging
2026-06-05T00:55:02-06:00 OK disk path=/opt/odoo used=23%
2026-06-05T00:55:02-06:00 SUMMARY status=ok
2026-06-05T01:00:03-06:00 OK health label=production container=odoo-production
2026-06-05T01:00:03-06:00 OK health label=staging container=odoo-staging
2026-06-05T01:00:03-06:00 OK disk path=/opt/odoo used=23%
2026-06-05T01:00:03-06:00 SUMMARY status=ok
2026-06-05T01:05:01-06:00 OK health label=production container=odoo-production
2026-06-05T01:05:01-06:00 OK health label=staging container=odoo-staging
2026-06-05T01:05:01-06:00 OK disk path=/opt/odoo used=23%
2026-06-05T01:05:01-06:00 SUMMARY status=ok
2026-06-05T01:10:02-06:00 OK health label=production container=odoo-production
2026-06-05T01:10:02-06:00 OK health label=staging container=odoo-staging
2026-06-05T01:10:02-06:00 OK disk path=/opt/odoo used=23%
2026-06-05T01:10:02-06:00 SUMMARY status=ok
2026-06-05T01:15:01-06:00 OK health label=production container=odoo-production
2026-06-05T01:15:01-06:00 OK health label=staging container=odoo-staging
2026-06-05T01:15:01-06:00 OK disk path=/opt/odoo used=23%
2026-06-05T01:15:01-06:00 SUMMARY status=ok
2026-06-05T01:20:02-06:00 OK health label=production container=odoo-production
2026-06-05T01:20:02-06:00 OK health label=staging container=odoo-staging
2026-06-05T01:20:02-06:00 OK disk path=/opt/odoo used=23%
2026-06-05T01:20:02-06:00 SUMMARY status=ok
2026-06-05T01:25:02-06:00 OK health label=production container=odoo-production
2026-06-05T01:25:02-06:00 OK health label=staging container=odoo-staging
2026-06-05T01:25:02-06:00 OK disk path=/opt/odoo used=23%
2026-06-05T01:25:02-06:00 SUMMARY status=ok
2026-06-05T01:30:02-06:00 OK health label=production container=odoo-production
2026-06-05T01:30:02-06:00 OK health label=staging container=odoo-staging
2026-06-05T01:30:02-06:00 OK disk path=/opt/odoo used=23%
2026-06-05T01:30:02-06:00 SUMMARY status=ok
2026-06-05T01:35:02-06:00 OK health label=production container=odoo-production
2026-06-05T01:35:02-06:00 OK health label=staging container=odoo-staging
2026-06-05T01:35:02-06:00 OK disk path=/opt/odoo used=23%
2026-06-05T01:35:02-06:00 SUMMARY status=ok
2026-06-05T01:40:02-06:00 OK health label=production container=odoo-production
2026-06-05T01:40:02-06:00 OK health label=staging container=odoo-staging
2026-06-05T01:40:02-06:00 OK disk path=/opt/odoo used=23%
2026-06-05T01:40:02-06:00 SUMMARY status=ok
2026-06-05T01:45:01-06:00 OK health label=production container=odoo-production
2026-06-05T01:45:01-06:00 OK health label=staging container=odoo-staging
2026-06-05T01:45:01-06:00 OK disk path=/opt/odoo used=23%
2026-06-05T01:45:01-06:00 SUMMARY status=ok
2026-06-05T01:50:02-06:00 OK health label=production container=odoo-production
2026-06-05T01:50:02-06:00 OK health label=staging container=odoo-staging
2026-06-05T01:50:02-06:00 OK disk path=/opt/odoo used=23%
2026-06-05T01:50:02-06:00 SUMMARY status=ok
2026-06-05T01:55:01-06:00 OK health label=production container=odoo-production
2026-06-05T01:55:01-06:00 OK health label=staging container=odoo-staging
2026-06-05T01:55:01-06:00 OK disk path=/opt/odoo used=23%
2026-06-05T01:55:01-06:00 SUMMARY status=ok
2026-06-05T02:00:02-06:00 OK health label=production container=odoo-production
2026-06-05T02:00:02-06:00 OK health label=staging container=odoo-staging
2026-06-05T02:00:02-06:00 OK disk path=/opt/odoo used=23%
2026-06-05T02:00:02-06:00 SUMMARY status=ok
2026-06-05T02:05:02-06:00 OK health label=production container=odoo-production
2026-06-05T02:05:02-06:00 OK health label=staging container=odoo-staging
2026-06-05T02:05:02-06:00 OK disk path=/opt/odoo used=22%
2026-06-05T02:05:02-06:00 SUMMARY status=ok
2026-06-05T02:10:02-06:00 OK health label=production container=odoo-production
2026-06-05T02:10:02-06:00 OK health label=staging container=odoo-staging
2026-06-05T02:10:02-06:00 OK disk path=/opt/odoo used=22%
2026-06-05T02:10:02-06:00 SUMMARY status=ok
2026-06-05T02:15:04-06:00 OK health label=production container=odoo-production
2026-06-05T02:15:04-06:00 OK health label=staging container=odoo-staging
2026-06-05T02:15:04-06:00 OK disk path=/opt/odoo used=22%
2026-06-05T02:15:04-06:00 SUMMARY status=ok
2026-06-05T02:20:02-06:00 OK health label=production container=odoo-production
2026-06-05T02:20:02-06:00 OK health label=staging container=odoo-staging
2026-06-05T02:20:02-06:00 OK disk path=/opt/odoo used=22%
2026-06-05T02:20:02-06:00 SUMMARY status=ok
2026-06-05T02:25:01-06:00 OK health label=production container=odoo-production
2026-06-05T02:25:01-06:00 OK health label=staging container=odoo-staging
2026-06-05T02:25:01-06:00 OK disk path=/opt/odoo used=23%
2026-06-05T02:25:01-06:00 SUMMARY status=ok
2026-06-05T02:30:02-06:00 OK health label=production container=odoo-production
2026-06-05T02:30:02-06:00 OK health label=staging container=odoo-staging
2026-06-05T02:30:02-06:00 OK disk path=/opt/odoo used=23%
2026-06-05T02:30:02-06:00 SUMMARY status=ok
2026-06-05T02:35:03-06:00 OK health label=production container=odoo-production
2026-06-05T02:35:03-06:00 OK health label=staging container=odoo-staging
2026-06-05T02:35:03-06:00 OK disk path=/opt/odoo used=23%
2026-06-05T02:35:03-06:00 SUMMARY status=ok
2026-06-05T02:40:03-06:00 OK health label=production container=odoo-production
2026-06-05T02:40:03-06:00 OK health label=staging container=odoo-staging
2026-06-05T02:40:03-06:00 OK disk path=/opt/odoo used=23%
2026-06-05T02:40:03-06:00 SUMMARY status=ok
2026-06-05T02:45:02-06:00 OK health label=production container=odoo-production
2026-06-05T02:45:02-06:00 OK health label=staging container=odoo-staging
2026-06-05T02:45:02-06:00 OK disk path=/opt/odoo used=23%
2026-06-05T02:45:02-06:00 SUMMARY status=ok
2026-06-05T02:50:01-06:00 OK health label=production container=odoo-production
2026-06-05T02:50:01-06:00 OK health label=staging container=odoo-staging
2026-06-05T02:50:01-06:00 OK disk path=/opt/odoo used=23%
2026-06-05T02:50:01-06:00 SUMMARY status=ok
2026-06-05T02:55:01-06:00 OK health label=production container=odoo-production
2026-06-05T02:55:01-06:00 OK health label=staging container=odoo-staging
2026-06-05T02:55:01-06:00 OK disk path=/opt/odoo used=23%
2026-06-05T02:55:01-06:00 SUMMARY status=ok
2026-06-05T03:00:02-06:00 OK health label=production container=odoo-production
2026-06-05T03:00:02-06:00 OK health label=staging container=odoo-staging
2026-06-05T03:00:02-06:00 OK disk path=/opt/odoo used=23%
2026-06-05T03:00:02-06:00 SUMMARY status=ok
2026-06-05T03:05:02-06:00 OK health label=production container=odoo-production
2026-06-05T03:05:02-06:00 OK health label=staging container=odoo-staging
2026-06-05T03:05:02-06:00 OK disk path=/opt/odoo used=23%
2026-06-05T03:05:02-06:00 SUMMARY status=ok
2026-06-05T03:10:05-06:00 OK health label=production container=odoo-production
2026-06-05T03:10:05-06:00 OK health label=staging container=odoo-staging
2026-06-05T03:10:05-06:00 OK disk path=/opt/odoo used=23%
2026-06-05T03:10:05-06:00 SUMMARY status=ok
2026-06-05T03:15:02-06:00 OK health label=production container=odoo-production
2026-06-05T03:15:02-06:00 OK health label=staging container=odoo-staging
2026-06-05T03:15:02-06:00 OK disk path=/opt/odoo used=23%
2026-06-05T03:15:02-06:00 SUMMARY status=ok
2026-06-05T03:20:02-06:00 OK health label=production container=odoo-production
2026-06-05T03:20:02-06:00 OK health label=staging container=odoo-staging
2026-06-05T03:20:02-06:00 OK disk path=/opt/odoo used=23%
2026-06-05T03:20:02-06:00 SUMMARY status=ok
2026-06-05T03:25:02-06:00 OK health label=production container=odoo-production
2026-06-05T03:25:02-06:00 OK health label=staging container=odoo-staging
2026-06-05T03:25:02-06:00 OK disk path=/opt/odoo used=23%
2026-06-05T03:25:02-06:00 SUMMARY status=ok
2026-06-05T03:30:02-06:00 OK health label=production container=odoo-production
2026-06-05T03:30:02-06:00 OK health label=staging container=odoo-staging
2026-06-05T03:30:02-06:00 OK disk path=/opt/odoo used=23%
2026-06-05T03:30:02-06:00 SUMMARY status=ok
2026-06-05T03:35:03-06:00 OK health label=production container=odoo-production
2026-06-05T03:35:03-06:00 OK health label=staging container=odoo-staging
2026-06-05T03:35:03-06:00 OK disk path=/opt/odoo used=23%
2026-06-05T03:35:03-06:00 SUMMARY status=ok
2026-06-05T03:40:03-06:00 OK health label=production container=odoo-production
2026-06-05T03:40:03-06:00 OK health label=staging container=odoo-staging
2026-06-05T03:40:03-06:00 OK disk path=/opt/odoo used=23%
2026-06-05T03:40:03-06:00 SUMMARY status=ok
2026-06-05T03:45:02-06:00 OK health label=production container=odoo-production
2026-06-05T03:45:02-06:00 OK health label=staging container=odoo-staging
2026-06-05T03:45:02-06:00 OK disk path=/opt/odoo used=23%
2026-06-05T03:45:02-06:00 SUMMARY status=ok
2026-06-05T03:50:01-06:00 OK health label=production container=odoo-production
2026-06-05T03:50:01-06:00 OK health label=staging container=odoo-staging
2026-06-05T03:50:01-06:00 OK disk path=/opt/odoo used=23%
2026-06-05T03:50:01-06:00 SUMMARY status=ok
2026-06-05T03:55:02-06:00 OK health label=production container=odoo-production
2026-06-05T03:55:02-06:00 OK health label=staging container=odoo-staging
2026-06-05T03:55:02-06:00 OK disk path=/opt/odoo used=23%
2026-06-05T03:55:02-06:00 SUMMARY status=ok
2026-06-05T04:00:02-06:00 OK health label=production container=odoo-production
2026-06-05T04:00:02-06:00 OK health label=staging container=odoo-staging
2026-06-05T04:00:02-06:00 OK disk path=/opt/odoo used=23%
2026-06-05T04:00:02-06:00 SUMMARY status=ok
2026-06-05T04:05:02-06:00 OK health label=production container=odoo-production
2026-06-05T04:05:02-06:00 OK health label=staging container=odoo-staging
2026-06-05T04:05:02-06:00 OK disk path=/opt/odoo used=23%
2026-06-05T04:05:02-06:00 SUMMARY status=ok
2026-06-05T04:10:01-06:00 OK health label=production container=odoo-production
2026-06-05T04:10:01-06:00 OK health label=staging container=odoo-staging
2026-06-05T04:10:01-06:00 OK disk path=/opt/odoo used=23%
2026-06-05T04:10:01-06:00 SUMMARY status=ok
2026-06-05T04:15:03-06:00 OK health label=production container=odoo-production
2026-06-05T04:15:03-06:00 OK health label=staging container=odoo-staging
2026-06-05T04:15:03-06:00 OK disk path=/opt/odoo used=23%
2026-06-05T04:15:03-06:00 SUMMARY status=ok
2026-06-05T04:20:02-06:00 OK health label=production container=odoo-production
2026-06-05T04:20:02-06:00 OK health label=staging container=odoo-staging
2026-06-05T04:20:02-06:00 OK disk path=/opt/odoo used=23%
2026-06-05T04:20:02-06:00 SUMMARY status=ok
2026-06-05T04:25:03-06:00 OK health label=production container=odoo-production
2026-06-05T04:25:03-06:00 OK health label=staging container=odoo-staging
2026-06-05T04:25:03-06:00 OK disk path=/opt/odoo used=23%
2026-06-05T04:25:03-06:00 SUMMARY status=ok
2026-06-05T04:30:02-06:00 OK health label=production container=odoo-production
2026-06-05T04:30:02-06:00 OK health label=staging container=odoo-staging
2026-06-05T04:30:02-06:00 OK disk path=/opt/odoo used=23%
2026-06-05T04:30:02-06:00 SUMMARY status=ok
2026-06-05T04:35:03-06:00 OK health label=production container=odoo-production
2026-06-05T04:35:03-06:00 OK health label=staging container=odoo-staging
2026-06-05T04:35:03-06:00 OK disk path=/opt/odoo used=23%
2026-06-05T04:35:03-06:00 SUMMARY status=ok
2026-06-05T04:40:02-06:00 OK health label=production container=odoo-production
2026-06-05T04:40:02-06:00 OK health label=staging container=odoo-staging
2026-06-05T04:40:02-06:00 OK disk path=/opt/odoo used=23%
2026-06-05T04:40:02-06:00 SUMMARY status=ok
2026-06-05T04:45:03-06:00 OK health label=production container=odoo-production
2026-06-05T04:45:03-06:00 OK health label=staging container=odoo-staging
2026-06-05T04:45:03-06:00 OK disk path=/opt/odoo used=23%
2026-06-05T04:45:03-06:00 SUMMARY status=ok
2026-06-05T04:50:03-06:00 OK health label=production container=odoo-production
2026-06-05T04:50:03-06:00 OK health label=staging container=odoo-staging
2026-06-05T04:50:03-06:00 OK disk path=/opt/odoo used=23%
2026-06-05T04:50:03-06:00 SUMMARY status=ok
2026-06-05T04:55:01-06:00 OK health label=production container=odoo-production
2026-06-05T04:55:01-06:00 OK health label=staging container=odoo-staging
2026-06-05T04:55:01-06:00 OK disk path=/opt/odoo used=23%
2026-06-05T04:55:01-06:00 SUMMARY status=ok
2026-06-05T05:00:01-06:00 OK health label=production container=odoo-production
2026-06-05T05:00:01-06:00 OK health label=staging container=odoo-staging
2026-06-05T05:00:01-06:00 OK disk path=/opt/odoo used=23%
2026-06-05T05:00:01-06:00 SUMMARY status=ok
2026-06-05T05:05:04-06:00 OK health label=production container=odoo-production
2026-06-05T05:05:04-06:00 OK health label=staging container=odoo-staging
2026-06-05T05:05:04-06:00 OK disk path=/opt/odoo used=23%
2026-06-05T05:05:04-06:00 SUMMARY status=ok
2026-06-05T05:10:01-06:00 OK health label=production container=odoo-production
2026-06-05T05:10:01-06:00 OK health label=staging container=odoo-staging
2026-06-05T05:10:01-06:00 OK disk path=/opt/odoo used=23%
2026-06-05T05:10:01-06:00 SUMMARY status=ok
2026-06-05T05:15:02-06:00 OK health label=production container=odoo-production
2026-06-05T05:15:02-06:00 OK health label=staging container=odoo-staging
2026-06-05T05:15:02-06:00 OK disk path=/opt/odoo used=23%
2026-06-05T05:15:02-06:00 SUMMARY status=ok
2026-06-05T05:20:04-06:00 OK health label=production container=odoo-production
2026-06-05T05:20:04-06:00 OK health label=staging container=odoo-staging
2026-06-05T05:20:04-06:00 OK disk path=/opt/odoo used=23%
2026-06-05T05:20:04-06:00 SUMMARY status=ok
2026-06-05T05:25:03-06:00 OK health label=production container=odoo-production
2026-06-05T05:25:03-06:00 OK health label=staging container=odoo-staging
2026-06-05T05:25:03-06:00 OK disk path=/opt/odoo used=23%
2026-06-05T05:25:03-06:00 SUMMARY status=ok
2026-06-05T05:30:03-06:00 OK health label=production container=odoo-production
2026-06-05T05:30:03-06:00 OK health label=staging container=odoo-staging
2026-06-05T05:30:03-06:00 OK disk path=/opt/odoo used=23%
2026-06-05T05:30:03-06:00 SUMMARY status=ok
2026-06-05T05:35:02-06:00 OK health label=production container=odoo-production
2026-06-05T05:35:02-06:00 OK health label=staging container=odoo-staging
2026-06-05T05:35:02-06:00 OK disk path=/opt/odoo used=23%
2026-06-05T05:35:02-06:00 SUMMARY status=ok
2026-06-05T05:40:02-06:00 OK health label=production container=odoo-production
2026-06-05T05:40:02-06:00 OK health label=staging container=odoo-staging
2026-06-05T05:40:02-06:00 OK disk path=/opt/odoo used=23%
2026-06-05T05:40:02-06:00 SUMMARY status=ok
2026-06-05T05:45:01-06:00 OK health label=production container=odoo-production
2026-06-05T05:45:01-06:00 OK health label=staging container=odoo-staging
2026-06-05T05:45:01-06:00 OK disk path=/opt/odoo used=23%
2026-06-05T05:45:01-06:00 SUMMARY status=ok
2026-06-05T05:50:03-06:00 OK health label=production container=odoo-production
2026-06-05T05:50:03-06:00 OK health label=staging container=odoo-staging
2026-06-05T05:50:03-06:00 OK disk path=/opt/odoo used=23%
2026-06-05T05:50:03-06:00 SUMMARY status=ok
2026-06-05T05:55:01-06:00 OK health label=production container=odoo-production
2026-06-05T05:55:01-06:00 OK health label=staging container=odoo-staging
2026-06-05T05:55:01-06:00 OK disk path=/opt/odoo used=23%
2026-06-05T05:55:01-06:00 SUMMARY status=ok
2026-06-05T06:00:02-06:00 OK health label=production container=odoo-production
2026-06-05T06:00:02-06:00 OK health label=staging container=odoo-staging
2026-06-05T06:00:02-06:00 OK disk path=/opt/odoo used=23%
2026-06-05T06:00:02-06:00 SUMMARY status=ok
2026-06-05T06:05:02-06:00 OK health label=production container=odoo-production
2026-06-05T06:05:02-06:00 OK health label=staging container=odoo-staging
2026-06-05T06:05:02-06:00 OK disk path=/opt/odoo used=23%
2026-06-05T06:05:02-06:00 SUMMARY status=ok
2026-06-05T06:10:03-06:00 OK health label=production container=odoo-production
2026-06-05T06:10:03-06:00 OK health label=staging container=odoo-staging
2026-06-05T06:10:03-06:00 OK disk path=/opt/odoo used=23%
2026-06-05T06:10:03-06:00 SUMMARY status=ok
2026-06-05T06:15:01-06:00 OK health label=production container=odoo-production
2026-06-05T06:15:01-06:00 OK health label=staging container=odoo-staging
2026-06-05T06:15:01-06:00 OK disk path=/opt/odoo used=23%
2026-06-05T06:15:01-06:00 SUMMARY status=ok
2026-06-05T06:20:04-06:00 OK health label=production container=odoo-production
2026-06-05T06:20:04-06:00 OK health label=staging container=odoo-staging
2026-06-05T06:20:04-06:00 OK disk path=/opt/odoo used=23%
2026-06-05T06:20:04-06:00 SUMMARY status=ok
2026-06-05T06:25:03-06:00 OK health label=production container=odoo-production
2026-06-05T06:25:03-06:00 OK health label=staging container=odoo-staging
2026-06-05T06:25:03-06:00 OK disk path=/opt/odoo used=23%
2026-06-05T06:25:03-06:00 SUMMARY status=ok
2026-06-05T06:30:02-06:00 OK health label=production container=odoo-production
2026-06-05T06:30:02-06:00 OK health label=staging container=odoo-staging
2026-06-05T06:30:02-06:00 OK disk path=/opt/odoo used=23%
2026-06-05T06:30:02-06:00 SUMMARY status=ok
2026-06-05T06:35:02-06:00 OK health label=production container=odoo-production
2026-06-05T06:35:02-06:00 OK health label=staging container=odoo-staging
2026-06-05T06:35:02-06:00 OK disk path=/opt/odoo used=23%
2026-06-05T06:35:02-06:00 SUMMARY status=ok
2026-06-05T06:40:01-06:00 OK health label=production container=odoo-production
2026-06-05T06:40:01-06:00 OK health label=staging container=odoo-staging
2026-06-05T06:40:01-06:00 OK disk path=/opt/odoo used=23%
2026-06-05T06:40:01-06:00 SUMMARY status=ok
2026-06-05T06:45:02-06:00 OK health label=production container=odoo-production
2026-06-05T06:45:02-06:00 OK health label=staging container=odoo-staging
2026-06-05T06:45:02-06:00 OK disk path=/opt/odoo used=23%
2026-06-05T06:45:02-06:00 SUMMARY status=ok
2026-06-05T06:50:02-06:00 OK health label=production container=odoo-production
2026-06-05T06:50:02-06:00 OK health label=staging container=odoo-staging
2026-06-05T06:50:02-06:00 OK disk path=/opt/odoo used=23%
2026-06-05T06:50:02-06:00 SUMMARY status=ok
2026-06-05T06:55:03-06:00 OK health label=production container=odoo-production
2026-06-05T06:55:03-06:00 OK health label=staging container=odoo-staging
2026-06-05T06:55:03-06:00 OK disk path=/opt/odoo used=23%
2026-06-05T06:55:03-06:00 SUMMARY status=ok
2026-06-05T07:00:01-06:00 OK health label=production container=odoo-production
2026-06-05T07:00:01-06:00 OK health label=staging container=odoo-staging
2026-06-05T07:00:01-06:00 OK disk path=/opt/odoo used=23%
2026-06-05T07:00:01-06:00 SUMMARY status=ok
2026-06-05T07:05:02-06:00 OK health label=production container=odoo-production
2026-06-05T07:05:02-06:00 OK health label=staging container=odoo-staging
2026-06-05T07:05:02-06:00 OK disk path=/opt/odoo used=23%
2026-06-05T07:05:02-06:00 SUMMARY status=ok
2026-06-05T07:10:03-06:00 OK health label=production container=odoo-production
2026-06-05T07:10:03-06:00 OK health label=staging container=odoo-staging
2026-06-05T07:10:03-06:00 OK disk path=/opt/odoo used=23%
2026-06-05T07:10:03-06:00 SUMMARY status=ok
2026-06-05T07:15:02-06:00 OK health label=production container=odoo-production
2026-06-05T07:15:02-06:00 OK health label=staging container=odoo-staging
2026-06-05T07:15:02-06:00 OK disk path=/opt/odoo used=23%
2026-06-05T07:15:02-06:00 SUMMARY status=ok
2026-06-05T07:20:02-06:00 OK health label=production container=odoo-production
2026-06-05T07:20:02-06:00 OK health label=staging container=odoo-staging
2026-06-05T07:20:02-06:00 OK disk path=/opt/odoo used=23%
2026-06-05T07:20:02-06:00 SUMMARY status=ok
2026-06-05T07:25:02-06:00 OK health label=production container=odoo-production
2026-06-05T07:25:02-06:00 OK health label=staging container=odoo-staging
2026-06-05T07:25:02-06:00 OK disk path=/opt/odoo used=23%
2026-06-05T07:25:02-06:00 SUMMARY status=ok
2026-06-05T07:30:02-06:00 OK health label=production container=odoo-production
2026-06-05T07:30:02-06:00 OK health label=staging container=odoo-staging
2026-06-05T07:30:02-06:00 OK disk path=/opt/odoo used=23%
2026-06-05T07:30:02-06:00 SUMMARY status=ok
2026-06-05T07:35:01-06:00 OK health label=production container=odoo-production
2026-06-05T07:35:01-06:00 OK health label=staging container=odoo-staging
2026-06-05T07:35:01-06:00 OK disk path=/opt/odoo used=23%
2026-06-05T07:35:01-06:00 SUMMARY status=ok
2026-06-05T07:40:02-06:00 OK health label=production container=odoo-production
2026-06-05T07:40:02-06:00 OK health label=staging container=odoo-staging
2026-06-05T07:40:02-06:00 OK disk path=/opt/odoo used=23%
2026-06-05T07:40:02-06:00 SUMMARY status=ok
2026-06-05T07:45:02-06:00 OK health label=production container=odoo-production
2026-06-05T07:45:02-06:00 OK health label=staging container=odoo-staging
2026-06-05T07:45:02-06:00 OK disk path=/opt/odoo used=23%
2026-06-05T07:45:02-06:00 SUMMARY status=ok
2026-06-05T07:50:01-06:00 OK health label=production container=odoo-production
2026-06-05T07:50:01-06:00 OK health label=staging container=odoo-staging
2026-06-05T07:50:01-06:00 OK disk path=/opt/odoo used=23%
2026-06-05T07:50:01-06:00 SUMMARY status=ok
2026-06-05T07:55:02-06:00 OK health label=production container=odoo-production
2026-06-05T07:55:02-06:00 OK health label=staging container=odoo-staging
2026-06-05T07:55:02-06:00 OK disk path=/opt/odoo used=23%
2026-06-05T07:55:02-06:00 SUMMARY status=ok
2026-06-05T08:00:02-06:00 OK health label=production container=odoo-production
2026-06-05T08:00:02-06:00 OK health label=staging container=odoo-staging
2026-06-05T08:00:02-06:00 OK disk path=/opt/odoo used=23%
2026-06-05T08:00:02-06:00 SUMMARY status=ok
2026-06-05T08:05:03-06:00 OK health label=production container=odoo-production
2026-06-05T08:05:03-06:00 OK health label=staging container=odoo-staging
2026-06-05T08:05:03-06:00 OK disk path=/opt/odoo used=23%
2026-06-05T08:05:03-06:00 SUMMARY status=ok
2026-06-05T08:10:01-06:00 OK health label=production container=odoo-production
2026-06-05T08:10:01-06:00 OK health label=staging container=odoo-staging
2026-06-05T08:10:01-06:00 OK disk path=/opt/odoo used=23%
2026-06-05T08:10:01-06:00 SUMMARY status=ok
2026-06-05T08:15:01-06:00 OK health label=production container=odoo-production
2026-06-05T08:15:01-06:00 OK health label=staging container=odoo-staging
2026-06-05T08:15:01-06:00 OK disk path=/opt/odoo used=23%
2026-06-05T08:15:01-06:00 SUMMARY status=ok
2026-06-05T08:20:02-06:00 OK health label=production container=odoo-production
2026-06-05T08:20:02-06:00 OK health label=staging container=odoo-staging
2026-06-05T08:20:02-06:00 OK disk path=/opt/odoo used=23%
2026-06-05T08:20:02-06:00 SUMMARY status=ok
2026-06-05T08:25:03-06:00 OK health label=production container=odoo-production
2026-06-05T08:25:03-06:00 OK health label=staging container=odoo-staging
2026-06-05T08:25:03-06:00 OK disk path=/opt/odoo used=23%
2026-06-05T08:25:03-06:00 SUMMARY status=ok
2026-06-05T08:30:03-06:00 OK health label=production container=odoo-production
2026-06-05T08:30:03-06:00 OK health label=staging container=odoo-staging
2026-06-05T08:30:03-06:00 OK disk path=/opt/odoo used=23%
2026-06-05T08:30:03-06:00 SUMMARY status=ok
2026-06-05T08:35:01-06:00 OK health label=production container=odoo-production
2026-06-05T08:35:01-06:00 OK health label=staging container=odoo-staging
2026-06-05T08:35:01-06:00 OK disk path=/opt/odoo used=23%
2026-06-05T08:35:01-06:00 SUMMARY status=ok
2026-06-05T08:40:02-06:00 OK health label=production container=odoo-production
2026-06-05T08:40:02-06:00 OK health label=staging container=odoo-staging
2026-06-05T08:40:02-06:00 OK disk path=/opt/odoo used=23%
2026-06-05T08:40:02-06:00 SUMMARY status=ok
2026-06-05T08:45:02-06:00 OK health label=production container=odoo-production
2026-06-05T08:45:02-06:00 OK health label=staging container=odoo-staging
2026-06-05T08:45:02-06:00 OK disk path=/opt/odoo used=23%
2026-06-05T08:45:02-06:00 SUMMARY status=ok
2026-06-05T08:50:03-06:00 OK health label=production container=odoo-production
2026-06-05T08:50:03-06:00 OK health label=staging container=odoo-staging
2026-06-05T08:50:03-06:00 OK disk path=/opt/odoo used=23%
2026-06-05T08:50:03-06:00 SUMMARY status=ok
2026-06-05T08:55:03-06:00 OK health label=production container=odoo-production
2026-06-05T08:55:03-06:00 OK health label=staging container=odoo-staging
2026-06-05T08:55:03-06:00 OK disk path=/opt/odoo used=23%
2026-06-05T08:55:03-06:00 SUMMARY status=ok
2026-06-05T09:00:01-06:00 OK health label=production container=odoo-production
2026-06-05T09:00:01-06:00 OK health label=staging container=odoo-staging
2026-06-05T09:00:01-06:00 OK disk path=/opt/odoo used=23%
2026-06-05T09:00:01-06:00 SUMMARY status=ok
2026-06-05T09:05:02-06:00 OK health label=production container=odoo-production
2026-06-05T09:05:02-06:00 OK health label=staging container=odoo-staging
2026-06-05T09:05:02-06:00 OK disk path=/opt/odoo used=23%
2026-06-05T09:05:02-06:00 SUMMARY status=ok
2026-06-05T09:10:03-06:00 OK health label=production container=odoo-production
2026-06-05T09:10:03-06:00 OK health label=staging container=odoo-staging
2026-06-05T09:10:03-06:00 OK disk path=/opt/odoo used=23%
2026-06-05T09:10:03-06:00 SUMMARY status=ok
2026-06-05T09:15:01-06:00 OK health label=production container=odoo-production
2026-06-05T09:15:01-06:00 OK health label=staging container=odoo-staging
2026-06-05T09:15:01-06:00 OK disk path=/opt/odoo used=23%
2026-06-05T09:15:01-06:00 SUMMARY status=ok
2026-06-05T09:20:04-06:00 OK health label=production container=odoo-production
2026-06-05T09:20:04-06:00 OK health label=staging container=odoo-staging
2026-06-05T09:20:04-06:00 OK disk path=/opt/odoo used=23%
2026-06-05T09:20:04-06:00 SUMMARY status=ok
2026-06-05T09:25:04-06:00 OK health label=production container=odoo-production
2026-06-05T09:25:04-06:00 OK health label=staging container=odoo-staging
2026-06-05T09:25:04-06:00 OK disk path=/opt/odoo used=23%
2026-06-05T09:25:04-06:00 SUMMARY status=ok
2026-06-05T09:30:04-06:00 OK health label=production container=odoo-production
2026-06-05T09:30:04-06:00 OK health label=staging container=odoo-staging
2026-06-05T09:30:04-06:00 OK disk path=/opt/odoo used=23%
2026-06-05T09:30:04-06:00 SUMMARY status=ok
2026-06-05T09:35:02-06:00 OK health label=production container=odoo-production
2026-06-05T09:35:02-06:00 OK health label=staging container=odoo-staging
2026-06-05T09:35:02-06:00 OK disk path=/opt/odoo used=23%
2026-06-05T09:35:02-06:00 SUMMARY status=ok
2026-06-05T09:40:02-06:00 OK health label=production container=odoo-production
2026-06-05T09:40:02-06:00 OK health label=staging container=odoo-staging
2026-06-05T09:40:02-06:00 OK disk path=/opt/odoo used=23%
2026-06-05T09:40:02-06:00 SUMMARY status=ok
2026-06-05T09:45:02-06:00 OK health label=production container=odoo-production
2026-06-05T09:45:02-06:00 OK health label=staging container=odoo-staging
2026-06-05T09:45:02-06:00 OK disk path=/opt/odoo used=23%
2026-06-05T09:45:02-06:00 SUMMARY status=ok
2026-06-05T09:50:02-06:00 OK health label=production container=odoo-production
2026-06-05T09:50:02-06:00 OK health label=staging container=odoo-staging
2026-06-05T09:50:02-06:00 OK disk path=/opt/odoo used=23%
2026-06-05T09:50:02-06:00 SUMMARY status=ok
2026-06-05T09:55:02-06:00 OK health label=production container=odoo-production
2026-06-05T09:55:02-06:00 OK health label=staging container=odoo-staging
2026-06-05T09:55:02-06:00 OK disk path=/opt/odoo used=23%
2026-06-05T09:55:02-06:00 SUMMARY status=ok
2026-06-05T10:00:02-06:00 OK health label=production container=odoo-production
2026-06-05T10:00:02-06:00 OK health label=staging container=odoo-staging
2026-06-05T10:00:02-06:00 OK disk path=/opt/odoo used=23%
2026-06-05T10:00:02-06:00 SUMMARY status=ok
2026-06-05T10:05:03-06:00 OK health label=production container=odoo-production
2026-06-05T10:05:03-06:00 OK health label=staging container=odoo-staging
2026-06-05T10:05:03-06:00 OK disk path=/opt/odoo used=23%
2026-06-05T10:05:03-06:00 SUMMARY status=ok
2026-06-05T10:10:05-06:00 OK health label=production container=odoo-production
2026-06-05T10:10:05-06:00 OK health label=staging container=odoo-staging
2026-06-05T10:10:05-06:00 OK disk path=/opt/odoo used=23%
2026-06-05T10:10:05-06:00 SUMMARY status=ok
2026-06-05T10:15:05-06:00 OK health label=production container=odoo-production
2026-06-05T10:15:05-06:00 OK health label=staging container=odoo-staging
2026-06-05T10:15:05-06:00 OK disk path=/opt/odoo used=23%
2026-06-05T10:15:05-06:00 SUMMARY status=ok
2026-06-05T10:20:02-06:00 OK health label=production container=odoo-production
2026-06-05T10:20:02-06:00 OK health label=staging container=odoo-staging
2026-06-05T10:20:02-06:00 OK disk path=/opt/odoo used=23%
2026-06-05T10:20:02-06:00 SUMMARY status=ok
2026-06-05T10:25:02-06:00 OK health label=production container=odoo-production
2026-06-05T10:25:02-06:00 OK health label=staging container=odoo-staging
2026-06-05T10:25:02-06:00 OK disk path=/opt/odoo used=23%
2026-06-05T10:25:02-06:00 SUMMARY status=ok
2026-06-05T10:30:03-06:00 OK health label=production container=odoo-production
2026-06-05T10:30:03-06:00 OK health label=staging container=odoo-staging
2026-06-05T10:30:03-06:00 OK disk path=/opt/odoo used=23%
2026-06-05T10:30:03-06:00 SUMMARY status=ok
2026-06-05T10:35:03-06:00 OK health label=production container=odoo-production
2026-06-05T10:35:03-06:00 OK health label=staging container=odoo-staging
2026-06-05T10:35:03-06:00 OK disk path=/opt/odoo used=23%
2026-06-05T10:35:03-06:00 SUMMARY status=ok
2026-06-05T10:40:04-06:00 OK health label=production container=odoo-production
2026-06-05T10:40:04-06:00 OK health label=staging container=odoo-staging
2026-06-05T10:40:04-06:00 OK disk path=/opt/odoo used=23%
2026-06-05T10:40:04-06:00 SUMMARY status=ok
2026-06-05T10:45:01-06:00 OK health label=production container=odoo-production
2026-06-05T10:45:01-06:00 OK health label=staging container=odoo-staging
2026-06-05T10:45:01-06:00 OK disk path=/opt/odoo used=23%
2026-06-05T10:45:01-06:00 SUMMARY status=ok
2026-06-05T10:50:03-06:00 OK health label=production container=odoo-production
2026-06-05T10:50:03-06:00 OK health label=staging container=odoo-staging
2026-06-05T10:50:03-06:00 OK disk path=/opt/odoo used=23%
2026-06-05T10:50:03-06:00 SUMMARY status=ok
2026-06-05T10:55:02-06:00 OK health label=production container=odoo-production
2026-06-05T10:55:02-06:00 OK health label=staging container=odoo-staging
2026-06-05T10:55:02-06:00 OK disk path=/opt/odoo used=23%
2026-06-05T10:55:02-06:00 SUMMARY status=ok
2026-06-05T11:00:01-06:00 OK health label=production container=odoo-production
2026-06-05T11:00:01-06:00 OK health label=staging container=odoo-staging
2026-06-05T11:00:01-06:00 OK disk path=/opt/odoo used=23%
2026-06-05T11:00:01-06:00 SUMMARY status=ok
2026-06-05T11:05:02-06:00 OK health label=production container=odoo-production
2026-06-05T11:05:02-06:00 OK health label=staging container=odoo-staging
2026-06-05T11:05:02-06:00 OK disk path=/opt/odoo used=23%
2026-06-05T11:05:02-06:00 SUMMARY status=ok
2026-06-05T11:10:02-06:00 OK health label=production container=odoo-production
2026-06-05T11:10:02-06:00 OK health label=staging container=odoo-staging
2026-06-05T11:10:02-06:00 OK disk path=/opt/odoo used=23%
2026-06-05T11:10:02-06:00 SUMMARY status=ok
2026-06-05T11:15:01-06:00 OK health label=production container=odoo-production
2026-06-05T11:15:01-06:00 OK health label=staging container=odoo-staging
2026-06-05T11:15:01-06:00 OK disk path=/opt/odoo used=23%
2026-06-05T11:15:01-06:00 SUMMARY status=ok
2026-06-05T11:20:04-06:00 OK health label=production container=odoo-production
2026-06-05T11:20:04-06:00 OK health label=staging container=odoo-staging
2026-06-05T11:20:04-06:00 OK disk path=/opt/odoo used=23%
2026-06-05T11:20:04-06:00 SUMMARY status=ok
2026-06-05T11:25:01-06:00 OK health label=production container=odoo-production
2026-06-05T11:25:01-06:00 OK health label=staging container=odoo-staging
2026-06-05T11:25:01-06:00 OK disk path=/opt/odoo used=23%
2026-06-05T11:25:01-06:00 SUMMARY status=ok
2026-06-05T11:30:02-06:00 OK health label=production container=odoo-production
2026-06-05T11:30:02-06:00 OK health label=staging container=odoo-staging
2026-06-05T11:30:02-06:00 OK disk path=/opt/odoo used=23%
2026-06-05T11:30:02-06:00 SUMMARY status=ok
2026-06-05T11:35:01-06:00 OK health label=production container=odoo-production
2026-06-05T11:35:01-06:00 OK health label=staging container=odoo-staging
2026-06-05T11:35:01-06:00 OK disk path=/opt/odoo used=23%
2026-06-05T11:35:01-06:00 SUMMARY status=ok
2026-06-05T11:40:01-06:00 OK health label=production container=odoo-production
2026-06-05T11:40:01-06:00 OK health label=staging container=odoo-staging
2026-06-05T11:40:01-06:00 OK disk path=/opt/odoo used=23%
2026-06-05T11:40:01-06:00 SUMMARY status=ok
2026-06-05T11:45:02-06:00 OK health label=production container=odoo-production
2026-06-05T11:45:02-06:00 ERROR health_failed label=staging container=odoo-staging
2026-06-05T11:45:02-06:00 OK disk path=/opt/odoo used=23%
2026-06-05T11:45:02-06:00 SUMMARY status=fail errors=1
2026-06-05T11:50:02-06:00 ERROR container_unhealthy name=odoo-staging health=starting
2026-06-05T11:50:02-06:00 OK health label=production container=odoo-production
2026-06-05T11:50:02-06:00 ERROR health_failed label=staging container=odoo-staging
2026-06-05T11:50:02-06:00 OK disk path=/opt/odoo used=23%
2026-06-05T11:50:02-06:00 SUMMARY status=fail errors=2
2026-06-05T11:55:03-06:00 ERROR container_not_running name=odoo-staging state=exited
2026-06-05T11:55:03-06:00 OK health label=production container=odoo-production
2026-06-05T11:55:03-06:00 ERROR health_failed label=staging container=odoo-staging
2026-06-05T11:55:03-06:00 OK disk path=/opt/odoo used=23%
2026-06-05T11:55:03-06:00 SUMMARY status=fail errors=2
2026-06-05T12:00:03-06:00 ERROR container_unhealthy name=odoo-staging health=starting
2026-06-05T12:00:03-06:00 OK health label=production container=odoo-production
2026-06-05T12:00:03-06:00 ERROR health_failed label=staging container=odoo-staging
2026-06-05T12:00:03-06:00 OK disk path=/opt/odoo used=23%
2026-06-05T12:00:03-06:00 SUMMARY status=fail errors=2
2026-06-05T12:05:03-06:00 ERROR container_not_running name=odoo-staging state=exited
2026-06-05T12:05:03-06:00 OK health label=production container=odoo-production
2026-06-05T12:05:03-06:00 ERROR health_failed label=staging container=odoo-staging
2026-06-05T12:05:03-06:00 OK disk path=/opt/odoo used=23%
2026-06-05T12:05:03-06:00 SUMMARY status=fail errors=2
2026-06-05T12:10:03-06:00 ERROR container_not_running name=odoo-staging state=created
2026-06-05T12:10:03-06:00 OK health label=production container=odoo-production
2026-06-05T12:10:03-06:00 ERROR health_failed label=staging container=odoo-staging
2026-06-05T12:10:03-06:00 OK disk path=/opt/odoo used=23%
2026-06-05T12:10:03-06:00 SUMMARY status=fail errors=2
2026-06-05T12:15:03-06:00 ERROR container_not_running name=odoo-staging state=exited
2026-06-05T12:15:03-06:00 OK health label=production container=odoo-production
2026-06-05T12:15:03-06:00 ERROR health_failed label=staging container=odoo-staging
2026-06-05T12:15:03-06:00 OK disk path=/opt/odoo used=23%
2026-06-05T12:15:03-06:00 SUMMARY status=fail errors=2
2026-06-05T12:20:02-06:00 ERROR container_not_running name=odoo-staging state=exited
2026-06-05T12:20:02-06:00 OK health label=production container=odoo-production
2026-06-05T12:20:02-06:00 ERROR health_failed label=staging container=odoo-staging
2026-06-05T12:20:02-06:00 OK disk path=/opt/odoo used=23%
2026-06-05T12:20:02-06:00 SUMMARY status=fail errors=2
2026-06-05T12:25:03-06:00 ERROR container_not_running name=odoo-staging state=exited
2026-06-05T12:25:03-06:00 OK health label=production container=odoo-production
2026-06-05T12:25:03-06:00 ERROR health_failed label=staging container=odoo-staging
2026-06-05T12:25:03-06:00 OK disk path=/opt/odoo used=23%
2026-06-05T12:25:03-06:00 SUMMARY status=fail errors=2
2026-06-05T12:30:03-06:00 ERROR container_not_running name=odoo-staging state=exited
2026-06-05T12:30:03-06:00 OK health label=production container=odoo-production
2026-06-05T12:30:03-06:00 ERROR health_failed label=staging container=odoo-staging
2026-06-05T12:30:03-06:00 OK disk path=/opt/odoo used=23%
2026-06-05T12:30:03-06:00 SUMMARY status=fail errors=2
2026-06-05T12:35:01-06:00 ERROR container_not_running name=odoo-staging state=exited
2026-06-05T12:35:01-06:00 OK health label=production container=odoo-production
2026-06-05T12:35:01-06:00 ERROR health_failed label=staging container=odoo-staging
2026-06-05T12:35:01-06:00 OK disk path=/opt/odoo used=23%
2026-06-05T12:35:01-06:00 SUMMARY status=fail errors=2
2026-06-05T12:40:02-06:00 ERROR container_not_running name=odoo-staging state=exited
2026-06-05T12:40:02-06:00 OK health label=production container=odoo-production
2026-06-05T12:40:02-06:00 ERROR health_failed label=staging container=odoo-staging
2026-06-05T12:40:02-06:00 OK disk path=/opt/odoo used=23%
2026-06-05T12:40:02-06:00 SUMMARY status=fail errors=2
2026-06-05T12:45:02-06:00 ERROR container_unhealthy name=odoo-staging health=unhealthy
2026-06-05T12:45:02-06:00 OK health label=production container=odoo-production
2026-06-05T12:45:02-06:00 ERROR health_failed label=staging container=odoo-staging
2026-06-05T12:45:02-06:00 OK disk path=/opt/odoo used=23%
2026-06-05T12:45:02-06:00 SUMMARY status=fail errors=2
2026-06-05T12:50:04-06:00 ERROR container_not_running name=odoo-staging state=exited
2026-06-05T12:50:04-06:00 OK health label=production container=odoo-production
2026-06-05T12:50:04-06:00 ERROR health_failed label=staging container=odoo-staging
2026-06-05T12:50:04-06:00 OK disk path=/opt/odoo used=23%
2026-06-05T12:50:04-06:00 SUMMARY status=fail errors=2
2026-06-05T12:55:02-06:00 OK health label=production container=odoo-production
2026-06-05T12:55:02-06:00 ERROR health_failed label=staging container=odoo-staging
2026-06-05T12:55:02-06:00 OK disk path=/opt/odoo used=23%
2026-06-05T12:55:02-06:00 SUMMARY status=fail errors=1
2026-06-05T13:00:02-06:00 ERROR container_unhealthy name=odoo-production health=starting
2026-06-05T13:00:02-06:00 ERROR container_unhealthy name=odoo-staging health=unhealthy
2026-06-05T13:00:02-06:00 OK health label=production container=odoo-production
2026-06-05T13:00:02-06:00 ERROR health_failed label=staging container=odoo-staging
2026-06-05T13:00:02-06:00 OK disk path=/opt/odoo used=23%
2026-06-05T13:00:02-06:00 SUMMARY status=fail errors=3
2026-06-05T13:05:04-06:00 ERROR container_not_running name=odoo-staging state=exited
2026-06-05T13:05:04-06:00 OK health label=production container=odoo-production
2026-06-05T13:05:04-06:00 ERROR health_failed label=staging container=odoo-staging
2026-06-05T13:05:04-06:00 OK disk path=/opt/odoo used=23%
2026-06-05T13:05:04-06:00 SUMMARY status=fail errors=2
2026-06-05T13:10:05-06:00 ERROR container_not_running name=odoo-staging state=exited
2026-06-05T13:10:05-06:00 OK health label=production container=odoo-production
2026-06-05T13:10:05-06:00 ERROR health_failed label=staging container=odoo-staging
2026-06-05T13:10:05-06:00 OK disk path=/opt/odoo used=23%
2026-06-05T13:10:05-06:00 SUMMARY status=fail errors=2
2026-06-05T13:15:05-06:00 ERROR container_not_running name=odoo-staging state=exited
2026-06-05T13:15:05-06:00 OK health label=production container=odoo-production
2026-06-05T13:15:05-06:00 ERROR health_failed label=staging container=odoo-staging
2026-06-05T13:15:05-06:00 OK disk path=/opt/odoo used=23%
2026-06-05T13:15:05-06:00 SUMMARY status=fail errors=2
2026-06-05T13:20:03-06:00 ERROR container_unhealthy name=odoo-staging health=starting
2026-06-05T13:20:03-06:00 OK health label=production container=odoo-production
2026-06-05T13:20:03-06:00 ERROR health_failed label=staging container=odoo-staging
2026-06-05T13:20:03-06:00 OK disk path=/opt/odoo used=23%
2026-06-05T13:20:03-06:00 SUMMARY status=fail errors=2
2026-06-05T13:25:02-06:00 OK health label=production container=odoo-production
2026-06-05T13:25:02-06:00 OK health label=staging container=odoo-staging
2026-06-05T13:25:02-06:00 OK disk path=/opt/odoo used=23%
2026-06-05T13:25:02-06:00 SUMMARY status=ok
2026-06-05T13:30:02-06:00 OK health label=production container=odoo-production
2026-06-05T13:30:02-06:00 OK health label=staging container=odoo-staging
2026-06-05T13:30:02-06:00 OK disk path=/opt/odoo used=23%
2026-06-05T13:30:02-06:00 SUMMARY status=ok
2026-06-05T13:35:01-06:00 ERROR container_not_running name=odoo-staging state=exited
2026-06-05T13:35:01-06:00 OK health label=production container=odoo-production
2026-06-05T13:35:01-06:00 ERROR health_failed label=staging container=odoo-staging
2026-06-05T13:35:01-06:00 OK disk path=/opt/odoo used=23%
2026-06-05T13:35:01-06:00 SUMMARY status=fail errors=2
2026-06-05T13:40:02-06:00 OK health label=production container=odoo-production
2026-06-05T13:40:02-06:00 OK health label=staging container=odoo-staging
2026-06-05T13:40:02-06:00 OK disk path=/opt/odoo used=23%
2026-06-05T13:40:02-06:00 SUMMARY status=ok
2026-06-05T13:45:02-06:00 OK health label=production container=odoo-production
2026-06-05T13:45:02-06:00 OK health label=staging container=odoo-staging
2026-06-05T13:45:02-06:00 OK disk path=/opt/odoo used=23%
2026-06-05T13:45:02-06:00 SUMMARY status=ok
2026-06-05T13:50:02-06:00 OK health label=production container=odoo-production
2026-06-05T13:50:02-06:00 OK health label=staging container=odoo-staging
2026-06-05T13:50:02-06:00 OK disk path=/opt/odoo used=23%
2026-06-05T13:50:02-06:00 SUMMARY status=ok
2026-06-05T13:55:01-06:00 OK health label=production container=odoo-production
2026-06-05T13:55:01-06:00 OK health label=staging container=odoo-staging
2026-06-05T13:55:01-06:00 OK disk path=/opt/odoo used=23%
2026-06-05T13:55:01-06:00 SUMMARY status=ok
2026-06-05T14:00:03-06:00 OK health label=production container=odoo-production
2026-06-05T14:00:03-06:00 OK health label=staging container=odoo-staging
2026-06-05T14:00:03-06:00 OK disk path=/opt/odoo used=23%
2026-06-05T14:00:03-06:00 SUMMARY status=ok
2026-06-05T14:05:02-06:00 OK health label=production container=odoo-production
2026-06-05T14:05:02-06:00 OK health label=staging container=odoo-staging
2026-06-05T14:05:02-06:00 OK disk path=/opt/odoo used=23%
2026-06-05T14:05:02-06:00 SUMMARY status=ok
2026-06-05T14:10:01-06:00 OK health label=production container=odoo-production
2026-06-05T14:10:01-06:00 OK health label=staging container=odoo-staging
2026-06-05T14:10:01-06:00 OK disk path=/opt/odoo used=23%
2026-06-05T14:10:01-06:00 SUMMARY status=ok
2026-06-05T14:15:05-06:00 OK health label=production container=odoo-production
2026-06-05T14:15:05-06:00 OK health label=staging container=odoo-staging
2026-06-05T14:15:05-06:00 OK disk path=/opt/odoo used=23%
2026-06-05T14:15:05-06:00 SUMMARY status=ok
2026-06-05T14:20:04-06:00 OK health label=production container=odoo-production
2026-06-05T14:20:04-06:00 OK health label=staging container=odoo-staging
2026-06-05T14:20:04-06:00 OK disk path=/opt/odoo used=23%
2026-06-05T14:20:04-06:00 SUMMARY status=ok
2026-06-05T14:25:02-06:00 OK health label=production container=odoo-production
2026-06-05T14:25:02-06:00 OK health label=staging container=odoo-staging
2026-06-05T14:25:02-06:00 OK disk path=/opt/odoo used=23%
2026-06-05T14:25:02-06:00 SUMMARY status=ok
2026-06-05T14:30:03-06:00 OK health label=production container=odoo-production
2026-06-05T14:30:03-06:00 OK health label=staging container=odoo-staging
2026-06-05T14:30:03-06:00 OK disk path=/opt/odoo used=23%
2026-06-05T14:30:03-06:00 SUMMARY status=ok
2026-06-05T14:35:02-06:00 OK health label=production container=odoo-production
2026-06-05T14:35:02-06:00 OK health label=staging container=odoo-staging
2026-06-05T14:35:02-06:00 OK disk path=/opt/odoo used=23%
2026-06-05T14:35:02-06:00 SUMMARY status=ok
2026-06-05T14:40:02-06:00 OK health label=production container=odoo-production
2026-06-05T14:40:02-06:00 OK health label=staging container=odoo-staging
2026-06-05T14:40:02-06:00 OK disk path=/opt/odoo used=23%
2026-06-05T14:40:02-06:00 SUMMARY status=ok
2026-06-05T14:45:02-06:00 OK health label=production container=odoo-production
2026-06-05T14:45:02-06:00 OK health label=staging container=odoo-staging
2026-06-05T14:45:02-06:00 OK disk path=/opt/odoo used=23%
2026-06-05T14:45:02-06:00 SUMMARY status=ok
2026-06-05T14:50:02-06:00 OK health label=production container=odoo-production
2026-06-05T14:50:02-06:00 OK health label=staging container=odoo-staging
2026-06-05T14:50:02-06:00 OK disk path=/opt/odoo used=23%
2026-06-05T14:50:02-06:00 SUMMARY status=ok
2026-06-05T14:55:01-06:00 OK health label=production container=odoo-production
2026-06-05T14:55:01-06:00 OK health label=staging container=odoo-staging
2026-06-05T14:55:01-06:00 OK disk path=/opt/odoo used=23%
2026-06-05T14:55:01-06:00 SUMMARY status=ok
2026-06-05T15:00:04-06:00 OK health label=production container=odoo-production
2026-06-05T15:00:04-06:00 OK health label=staging container=odoo-staging
2026-06-05T15:00:04-06:00 OK disk path=/opt/odoo used=23%
2026-06-05T15:00:04-06:00 SUMMARY status=ok
2026-06-05T15:05:02-06:00 OK health label=production container=odoo-production
2026-06-05T15:05:02-06:00 OK health label=staging container=odoo-staging
2026-06-05T15:05:02-06:00 OK disk path=/opt/odoo used=23%
2026-06-05T15:05:02-06:00 SUMMARY status=ok
2026-06-05T15:10:01-06:00 OK health label=production container=odoo-production
2026-06-05T15:10:01-06:00 OK health label=staging container=odoo-staging
2026-06-05T15:10:01-06:00 OK disk path=/opt/odoo used=23%
2026-06-05T15:10:01-06:00 SUMMARY status=ok
2026-06-05T15:15:02-06:00 OK health label=production container=odoo-production
2026-06-05T15:15:02-06:00 OK health label=staging container=odoo-staging
2026-06-05T15:15:02-06:00 OK disk path=/opt/odoo used=23%
2026-06-05T15:15:02-06:00 SUMMARY status=ok
2026-06-05T15:20:03-06:00 OK health label=production container=odoo-production
2026-06-05T15:20:03-06:00 OK health label=staging container=odoo-staging
2026-06-05T15:20:03-06:00 OK disk path=/opt/odoo used=23%
2026-06-05T15:20:03-06:00 SUMMARY status=ok
2026-06-05T15:25:02-06:00 OK health label=production container=odoo-production
2026-06-05T15:25:02-06:00 OK health label=staging container=odoo-staging
2026-06-05T15:25:02-06:00 OK disk path=/opt/odoo used=23%
2026-06-05T15:25:02-06:00 SUMMARY status=ok
2026-06-05T15:30:02-06:00 OK health label=production container=odoo-production
2026-06-05T15:30:02-06:00 OK health label=staging container=odoo-staging
2026-06-05T15:30:02-06:00 OK disk path=/opt/odoo used=23%
2026-06-05T15:30:02-06:00 SUMMARY status=ok
2026-06-05T15:35:02-06:00 OK health label=production container=odoo-production
2026-06-05T15:35:02-06:00 OK health label=staging container=odoo-staging
2026-06-05T15:35:02-06:00 OK disk path=/opt/odoo used=23%
2026-06-05T15:35:02-06:00 SUMMARY status=ok
2026-06-05T15:40:02-06:00 OK health label=production container=odoo-production
2026-06-05T15:40:02-06:00 OK health label=staging container=odoo-staging
2026-06-05T15:40:02-06:00 OK disk path=/opt/odoo used=23%
2026-06-05T15:40:02-06:00 SUMMARY status=ok
2026-06-05T15:45:02-06:00 OK health label=production container=odoo-production
2026-06-05T15:45:02-06:00 OK health label=staging container=odoo-staging
2026-06-05T15:45:02-06:00 OK disk path=/opt/odoo used=23%
2026-06-05T15:45:02-06:00 SUMMARY status=ok
2026-06-05T15:50:01-06:00 OK health label=production container=odoo-production
2026-06-05T15:50:01-06:00 OK health label=staging container=odoo-staging
2026-06-05T15:50:01-06:00 OK disk path=/opt/odoo used=23%
2026-06-05T15:50:01-06:00 SUMMARY status=ok
2026-06-05T15:55:02-06:00 ERROR container_unhealthy name=odoo-staging health=starting
2026-06-05T15:55:02-06:00 OK health label=production container=odoo-production
2026-06-05T15:55:02-06:00 OK health label=staging container=odoo-staging
2026-06-05T15:55:02-06:00 OK disk path=/opt/odoo used=23%
2026-06-05T15:55:02-06:00 SUMMARY status=fail errors=1
2026-06-05T16:00:04-06:00 OK health label=production container=odoo-production
2026-06-05T16:00:04-06:00 OK health label=staging container=odoo-staging
2026-06-05T16:00:04-06:00 OK disk path=/opt/odoo used=23%
2026-06-05T16:00:04-06:00 SUMMARY status=ok
2026-06-05T16:05:02-06:00 OK health label=production container=odoo-production
2026-06-05T16:05:02-06:00 OK health label=staging container=odoo-staging
2026-06-05T16:05:02-06:00 OK disk path=/opt/odoo used=23%
2026-06-05T16:05:02-06:00 SUMMARY status=ok
2026-06-05T16:10:06-06:00 OK health label=production container=odoo-production
2026-06-05T16:10:06-06:00 OK health label=staging container=odoo-staging
2026-06-05T16:10:06-06:00 OK disk path=/opt/odoo used=23%
2026-06-05T16:10:06-06:00 SUMMARY status=ok
2026-06-05T16:15:01-06:00 OK health label=production container=odoo-production
2026-06-05T16:15:01-06:00 OK health label=staging container=odoo-staging
2026-06-05T16:15:01-06:00 OK disk path=/opt/odoo used=23%
2026-06-05T16:15:01-06:00 SUMMARY status=ok
2026-06-05T16:20:02-06:00 OK health label=production container=odoo-production
2026-06-05T16:20:02-06:00 ERROR health_failed label=staging container=odoo-staging
2026-06-05T16:20:02-06:00 OK disk path=/opt/odoo used=23%
2026-06-05T16:20:02-06:00 SUMMARY status=fail errors=1
2026-06-05T16:25:03-06:00 ERROR container_missing name=odoo-staging
2026-06-05T16:25:03-06:00 OK health label=production container=odoo-production
2026-06-05T16:25:03-06:00 ERROR health_failed label=staging container=odoo-staging
2026-06-05T16:25:03-06:00 OK disk path=/opt/odoo used=23%
2026-06-05T16:25:03-06:00 SUMMARY status=fail errors=2
2026-06-05T16:30:02-06:00 OK health label=production container=odoo-production
2026-06-05T16:30:02-06:00 OK health label=staging container=odoo-staging
2026-06-05T16:30:02-06:00 OK disk path=/opt/odoo used=23%
2026-06-05T16:30:02-06:00 SUMMARY status=ok
2026-06-05T16:35:03-06:00 OK health label=production container=odoo-production
2026-06-05T16:35:03-06:00 OK health label=staging container=odoo-staging
2026-06-05T16:35:03-06:00 OK disk path=/opt/odoo used=23%
2026-06-05T16:35:03-06:00 SUMMARY status=ok
2026-06-05T16:40:01-06:00 OK health label=production container=odoo-production
2026-06-05T16:40:01-06:00 OK health label=staging container=odoo-staging
2026-06-05T16:40:01-06:00 OK disk path=/opt/odoo used=23%
2026-06-05T16:40:01-06:00 SUMMARY status=ok
2026-06-05T16:45:04-06:00 OK health label=production container=odoo-production
2026-06-05T16:45:04-06:00 OK health label=staging container=odoo-staging
2026-06-05T16:45:04-06:00 OK disk path=/opt/odoo used=23%
2026-06-05T16:45:04-06:00 SUMMARY status=ok
2026-06-05T16:50:02-06:00 OK health label=production container=odoo-production
2026-06-05T16:50:02-06:00 OK health label=staging container=odoo-staging
2026-06-05T16:50:02-06:00 OK disk path=/opt/odoo used=23%
2026-06-05T16:50:02-06:00 SUMMARY status=ok
2026-06-05T16:55:01-06:00 OK health label=production container=odoo-production
2026-06-05T16:55:01-06:00 OK health label=staging container=odoo-staging
2026-06-05T16:55:01-06:00 OK disk path=/opt/odoo used=23%
2026-06-05T16:55:01-06:00 SUMMARY status=ok
2026-06-05T17:00:02-06:00 OK health label=production container=odoo-production
2026-06-05T17:00:02-06:00 OK health label=staging container=odoo-staging
2026-06-05T17:00:02-06:00 OK disk path=/opt/odoo used=23%
2026-06-05T17:00:02-06:00 SUMMARY status=ok
2026-06-05T17:05:04-06:00 OK health label=production container=odoo-production
2026-06-05T17:05:04-06:00 OK health label=staging container=odoo-staging
2026-06-05T17:05:04-06:00 OK disk path=/opt/odoo used=23%
2026-06-05T17:05:04-06:00 SUMMARY status=ok
2026-06-05T17:10:02-06:00 OK health label=production container=odoo-production
2026-06-05T17:10:02-06:00 OK health label=staging container=odoo-staging
2026-06-05T17:10:02-06:00 OK disk path=/opt/odoo used=23%
2026-06-05T17:10:02-06:00 SUMMARY status=ok
2026-06-05T17:15:02-06:00 OK health label=production container=odoo-production
2026-06-05T17:15:02-06:00 OK health label=staging container=odoo-staging
2026-06-05T17:15:02-06:00 OK disk path=/opt/odoo used=23%
2026-06-05T17:15:02-06:00 SUMMARY status=ok
2026-06-05T17:20:03-06:00 OK health label=production container=odoo-production
2026-06-05T17:20:03-06:00 OK health label=staging container=odoo-staging
2026-06-05T17:20:03-06:00 OK disk path=/opt/odoo used=23%
2026-06-05T17:20:03-06:00 SUMMARY status=ok
2026-06-05T17:25:02-06:00 OK health label=production container=odoo-production
2026-06-05T17:25:02-06:00 OK health label=staging container=odoo-staging
2026-06-05T17:25:02-06:00 OK disk path=/opt/odoo used=23%
2026-06-05T17:25:02-06:00 SUMMARY status=ok
2026-06-05T17:30:01-06:00 OK health label=production container=odoo-production
2026-06-05T17:30:01-06:00 OK health label=staging container=odoo-staging
2026-06-05T17:30:01-06:00 OK disk path=/opt/odoo used=23%
2026-06-05T17:30:01-06:00 SUMMARY status=ok
2026-06-05T17:35:02-06:00 OK health label=production container=odoo-production
2026-06-05T17:35:02-06:00 OK health label=staging container=odoo-staging
2026-06-05T17:35:02-06:00 OK disk path=/opt/odoo used=23%
2026-06-05T17:35:02-06:00 SUMMARY status=ok
2026-06-05T17:40:03-06:00 OK health label=production container=odoo-production
2026-06-05T17:40:03-06:00 OK health label=staging container=odoo-staging
2026-06-05T17:40:03-06:00 OK disk path=/opt/odoo used=23%
2026-06-05T17:40:03-06:00 SUMMARY status=ok
2026-06-05T17:45:03-06:00 OK health label=production container=odoo-production
2026-06-05T17:45:03-06:00 OK health label=staging container=odoo-staging
2026-06-05T17:45:03-06:00 OK disk path=/opt/odoo used=23%
2026-06-05T17:45:03-06:00 SUMMARY status=ok
2026-06-05T17:50:03-06:00 ERROR container_unhealthy name=odoo-staging health=starting
2026-06-05T17:50:03-06:00 OK health label=production container=odoo-production
2026-06-05T17:50:03-06:00 OK health label=staging container=odoo-staging
2026-06-05T17:50:03-06:00 OK disk path=/opt/odoo used=23%
2026-06-05T17:50:03-06:00 SUMMARY status=fail errors=1
2026-06-05T17:55:02-06:00 OK health label=production container=odoo-production
2026-06-05T17:55:02-06:00 OK health label=staging container=odoo-staging
2026-06-05T17:55:02-06:00 OK disk path=/opt/odoo used=23%
2026-06-05T17:55:02-06:00 SUMMARY status=ok
2026-06-05T18:00:02-06:00 OK health label=production container=odoo-production
2026-06-05T18:00:02-06:00 OK health label=staging container=odoo-staging
2026-06-05T18:00:02-06:00 OK disk path=/opt/odoo used=23%
2026-06-05T18:00:02-06:00 SUMMARY status=ok
2026-06-05T18:05:03-06:00 OK health label=production container=odoo-production
2026-06-05T18:05:03-06:00 OK health label=staging container=odoo-staging
2026-06-05T18:05:03-06:00 OK disk path=/opt/odoo used=23%
2026-06-05T18:05:03-06:00 SUMMARY status=ok
2026-06-05T18:10:02-06:00 OK health label=production container=odoo-production
2026-06-05T18:10:02-06:00 OK health label=staging container=odoo-staging
2026-06-05T18:10:02-06:00 OK disk path=/opt/odoo used=23%
2026-06-05T18:10:02-06:00 SUMMARY status=ok
2026-06-05T18:15:02-06:00 ERROR container_unhealthy name=odoo-staging health=starting
2026-06-05T18:15:02-06:00 OK health label=production container=odoo-production
2026-06-05T18:15:02-06:00 OK health label=staging container=odoo-staging
2026-06-05T18:15:02-06:00 OK disk path=/opt/odoo used=23%
2026-06-05T18:15:02-06:00 SUMMARY status=fail errors=1
2026-06-05T18:20:03-06:00 OK health label=production container=odoo-production
2026-06-05T18:20:03-06:00 OK health label=staging container=odoo-staging
2026-06-05T18:20:03-06:00 OK disk path=/opt/odoo used=23%
2026-06-05T18:20:03-06:00 SUMMARY status=ok
2026-06-05T18:25:01-06:00 OK health label=production container=odoo-production
2026-06-05T18:25:01-06:00 OK health label=staging container=odoo-staging
2026-06-05T18:25:01-06:00 OK disk path=/opt/odoo used=23%
2026-06-05T18:25:01-06:00 SUMMARY status=ok
2026-06-05T18:30:01-06:00 OK health label=production container=odoo-production
2026-06-05T18:30:01-06:00 OK health label=staging container=odoo-staging
2026-06-05T18:30:01-06:00 OK disk path=/opt/odoo used=23%
2026-06-05T18:30:01-06:00 SUMMARY status=ok
2026-06-05T18:35:02-06:00 OK health label=production container=odoo-production
2026-06-05T18:35:02-06:00 OK health label=staging container=odoo-staging
2026-06-05T18:35:02-06:00 OK disk path=/opt/odoo used=23%
2026-06-05T18:35:02-06:00 SUMMARY status=ok
2026-06-05T18:40:03-06:00 OK health label=production container=odoo-production
2026-06-05T18:40:03-06:00 OK health label=staging container=odoo-staging
2026-06-05T18:40:03-06:00 OK disk path=/opt/odoo used=23%
2026-06-05T18:40:03-06:00 SUMMARY status=ok
2026-06-05T18:45:03-06:00 OK health label=production container=odoo-production
2026-06-05T18:45:03-06:00 OK health label=staging container=odoo-staging
2026-06-05T18:45:03-06:00 OK disk path=/opt/odoo used=23%
2026-06-05T18:45:03-06:00 SUMMARY status=ok
2026-06-05T18:50:02-06:00 OK health label=production container=odoo-production
2026-06-05T18:50:02-06:00 OK health label=staging container=odoo-staging
2026-06-05T18:50:02-06:00 OK disk path=/opt/odoo used=23%
2026-06-05T18:50:02-06:00 SUMMARY status=ok
2026-06-05T18:55:02-06:00 OK health label=production container=odoo-production
2026-06-05T18:55:02-06:00 OK health label=staging container=odoo-staging
2026-06-05T18:55:02-06:00 OK disk path=/opt/odoo used=23%
2026-06-05T18:55:02-06:00 SUMMARY status=ok
2026-06-05T19:00:03-06:00 OK health label=production container=odoo-production
2026-06-05T19:00:03-06:00 OK health label=staging container=odoo-staging
2026-06-05T19:00:03-06:00 OK disk path=/opt/odoo used=23%
2026-06-05T19:00:03-06:00 SUMMARY status=ok
2026-06-05T19:05:02-06:00 OK health label=production container=odoo-production
2026-06-05T19:05:02-06:00 OK health label=staging container=odoo-staging
2026-06-05T19:05:02-06:00 OK disk path=/opt/odoo used=23%
2026-06-05T19:05:02-06:00 SUMMARY status=ok
2026-06-05T19:10:02-06:00 OK health label=production container=odoo-production
2026-06-05T19:10:02-06:00 OK health label=staging container=odoo-staging
2026-06-05T19:10:02-06:00 OK disk path=/opt/odoo used=23%
2026-06-05T19:10:02-06:00 SUMMARY status=ok
2026-06-05T19:15:03-06:00 OK health label=production container=odoo-production
2026-06-05T19:15:03-06:00 OK health label=staging container=odoo-staging
2026-06-05T19:15:03-06:00 OK disk path=/opt/odoo used=23%
2026-06-05T19:15:03-06:00 SUMMARY status=ok
2026-06-05T19:20:03-06:00 OK health label=production container=odoo-production
2026-06-05T19:20:03-06:00 OK health label=staging container=odoo-staging
2026-06-05T19:20:03-06:00 OK disk path=/opt/odoo used=23%
2026-06-05T19:20:03-06:00 SUMMARY status=ok
2026-06-05T19:25:02-06:00 OK health label=production container=odoo-production
2026-06-05T19:25:02-06:00 OK health label=staging container=odoo-staging
2026-06-05T19:25:02-06:00 OK disk path=/opt/odoo used=23%
2026-06-05T19:25:02-06:00 SUMMARY status=ok
2026-06-05T19:30:03-06:00 OK health label=production container=odoo-production
2026-06-05T19:30:03-06:00 OK health label=staging container=odoo-staging
2026-06-05T19:30:03-06:00 OK disk path=/opt/odoo used=23%
2026-06-05T19:30:03-06:00 SUMMARY status=ok
2026-06-05T19:35:02-06:00 OK health label=production container=odoo-production
2026-06-05T19:35:02-06:00 OK health label=staging container=odoo-staging
2026-06-05T19:35:02-06:00 OK disk path=/opt/odoo used=23%
2026-06-05T19:35:02-06:00 SUMMARY status=ok
2026-06-05T19:40:04-06:00 OK health label=production container=odoo-production
2026-06-05T19:40:04-06:00 OK health label=staging container=odoo-staging
2026-06-05T19:40:04-06:00 OK disk path=/opt/odoo used=23%
2026-06-05T19:40:04-06:00 SUMMARY status=ok
2026-06-05T19:45:02-06:00 OK health label=production container=odoo-production
2026-06-05T19:45:02-06:00 OK health label=staging container=odoo-staging
2026-06-05T19:45:02-06:00 OK disk path=/opt/odoo used=23%
2026-06-05T19:45:02-06:00 SUMMARY status=ok
2026-06-05T19:50:01-06:00 OK health label=production container=odoo-production
2026-06-05T19:50:01-06:00 OK health label=staging container=odoo-staging
2026-06-05T19:50:01-06:00 OK disk path=/opt/odoo used=23%
2026-06-05T19:50:01-06:00 SUMMARY status=ok
2026-06-05T19:55:02-06:00 OK health label=production container=odoo-production
2026-06-05T19:55:02-06:00 OK health label=staging container=odoo-staging
2026-06-05T19:55:02-06:00 OK disk path=/opt/odoo used=23%
2026-06-05T19:55:02-06:00 SUMMARY status=ok
2026-06-05T20:00:01-06:00 OK health label=production container=odoo-production
2026-06-05T20:00:01-06:00 OK health label=staging container=odoo-staging
2026-06-05T20:00:01-06:00 OK disk path=/opt/odoo used=23%
2026-06-05T20:00:01-06:00 SUMMARY status=ok
2026-06-05T20:05:01-06:00 OK health label=production container=odoo-production
2026-06-05T20:05:01-06:00 OK health label=staging container=odoo-staging
2026-06-05T20:05:01-06:00 OK disk path=/opt/odoo used=23%
2026-06-05T20:05:01-06:00 SUMMARY status=ok
2026-06-05T20:10:03-06:00 OK health label=production container=odoo-production
2026-06-05T20:10:03-06:00 OK health label=staging container=odoo-staging
2026-06-05T20:10:03-06:00 OK disk path=/opt/odoo used=23%
2026-06-05T20:10:03-06:00 SUMMARY status=ok
2026-06-05T20:15:03-06:00 OK health label=production container=odoo-production
2026-06-05T20:15:03-06:00 OK health label=staging container=odoo-staging
2026-06-05T20:15:03-06:00 OK disk path=/opt/odoo used=23%
2026-06-05T20:15:03-06:00 SUMMARY status=ok
2026-06-05T20:20:02-06:00 OK health label=production container=odoo-production
2026-06-05T20:20:02-06:00 OK health label=staging container=odoo-staging
2026-06-05T20:20:02-06:00 OK disk path=/opt/odoo used=23%
2026-06-05T20:20:02-06:00 SUMMARY status=ok
2026-06-05T20:25:05-06:00 OK health label=production container=odoo-production
2026-06-05T20:25:05-06:00 OK health label=staging container=odoo-staging
2026-06-05T20:25:05-06:00 OK disk path=/opt/odoo used=23%
2026-06-05T20:25:05-06:00 SUMMARY status=ok
2026-06-05T20:30:02-06:00 OK health label=production container=odoo-production
2026-06-05T20:30:02-06:00 OK health label=staging container=odoo-staging
2026-06-05T20:30:02-06:00 OK disk path=/opt/odoo used=23%
2026-06-05T20:30:02-06:00 SUMMARY status=ok
2026-06-05T20:35:02-06:00 OK health label=production container=odoo-production
2026-06-05T20:35:02-06:00 OK health label=staging container=odoo-staging
2026-06-05T20:35:02-06:00 OK disk path=/opt/odoo used=23%
2026-06-05T20:35:02-06:00 SUMMARY status=ok
2026-06-05T20:40:02-06:00 OK health label=production container=odoo-production
2026-06-05T20:40:02-06:00 OK health label=staging container=odoo-staging
2026-06-05T20:40:02-06:00 OK disk path=/opt/odoo used=23%
2026-06-05T20:40:02-06:00 SUMMARY status=ok
2026-06-05T20:45:02-06:00 OK health label=production container=odoo-production
2026-06-05T20:45:02-06:00 OK health label=staging container=odoo-staging
2026-06-05T20:45:02-06:00 OK disk path=/opt/odoo used=23%
2026-06-05T20:45:02-06:00 SUMMARY status=ok
2026-06-05T20:50:01-06:00 OK health label=production container=odoo-production
2026-06-05T20:50:01-06:00 OK health label=staging container=odoo-staging
2026-06-05T20:50:01-06:00 OK disk path=/opt/odoo used=23%
2026-06-05T20:50:01-06:00 SUMMARY status=ok
2026-06-05T20:55:02-06:00 OK health label=production container=odoo-production
2026-06-05T20:55:02-06:00 OK health label=staging container=odoo-staging
2026-06-05T20:55:02-06:00 OK disk path=/opt/odoo used=23%
2026-06-05T20:55:02-06:00 SUMMARY status=ok
2026-06-05T21:00:03-06:00 OK health label=production container=odoo-production
2026-06-05T21:00:03-06:00 OK health label=staging container=odoo-staging
2026-06-05T21:00:03-06:00 OK disk path=/opt/odoo used=23%
2026-06-05T21:00:03-06:00 SUMMARY status=ok
2026-06-05T21:05:04-06:00 OK health label=production container=odoo-production
2026-06-05T21:05:04-06:00 OK health label=staging container=odoo-staging
2026-06-05T21:05:04-06:00 OK disk path=/opt/odoo used=23%
2026-06-05T21:05:04-06:00 SUMMARY status=ok
2026-06-05T21:10:03-06:00 OK health label=production container=odoo-production
2026-06-05T21:10:03-06:00 OK health label=staging container=odoo-staging
2026-06-05T21:10:03-06:00 OK disk path=/opt/odoo used=23%
2026-06-05T21:10:03-06:00 SUMMARY status=ok
2026-06-05T21:15:01-06:00 OK health label=production container=odoo-production
2026-06-05T21:15:01-06:00 OK health label=staging container=odoo-staging
2026-06-05T21:15:01-06:00 OK disk path=/opt/odoo used=23%
2026-06-05T21:15:01-06:00 SUMMARY status=ok
2026-06-05T21:20:04-06:00 OK health label=production container=odoo-production
2026-06-05T21:20:04-06:00 OK health label=staging container=odoo-staging
2026-06-05T21:20:04-06:00 OK disk path=/opt/odoo used=23%
2026-06-05T21:20:04-06:00 SUMMARY status=ok
2026-06-05T21:25:05-06:00 OK health label=production container=odoo-production
2026-06-05T21:25:05-06:00 OK health label=staging container=odoo-staging
2026-06-05T21:25:05-06:00 OK disk path=/opt/odoo used=23%
2026-06-05T21:25:05-06:00 SUMMARY status=ok
2026-06-05T21:30:03-06:00 OK health label=production container=odoo-production
2026-06-05T21:30:03-06:00 OK health label=staging container=odoo-staging
2026-06-05T21:30:03-06:00 OK disk path=/opt/odoo used=23%
2026-06-05T21:30:03-06:00 SUMMARY status=ok
2026-06-05T21:35:03-06:00 OK health label=production container=odoo-production
2026-06-05T21:35:03-06:00 OK health label=staging container=odoo-staging
2026-06-05T21:35:03-06:00 OK disk path=/opt/odoo used=23%
2026-06-05T21:35:03-06:00 SUMMARY status=ok
2026-06-05T21:40:03-06:00 OK health label=production container=odoo-production
2026-06-05T21:40:03-06:00 OK health label=staging container=odoo-staging
2026-06-05T21:40:03-06:00 OK disk path=/opt/odoo used=23%
2026-06-05T21:40:03-06:00 SUMMARY status=ok
2026-06-05T21:45:03-06:00 OK health label=production container=odoo-production
2026-06-05T21:45:03-06:00 OK health label=staging container=odoo-staging
2026-06-05T21:45:03-06:00 OK disk path=/opt/odoo used=23%
2026-06-05T21:45:03-06:00 SUMMARY status=ok
2026-06-05T21:50:02-06:00 OK health label=production container=odoo-production
2026-06-05T21:50:02-06:00 OK health label=staging container=odoo-staging
2026-06-05T21:50:02-06:00 OK disk path=/opt/odoo used=23%
2026-06-05T21:50:02-06:00 SUMMARY status=ok
2026-06-05T21:55:01-06:00 OK health label=production container=odoo-production
2026-06-05T21:55:01-06:00 OK health label=staging container=odoo-staging
2026-06-05T21:55:01-06:00 OK disk path=/opt/odoo used=23%
2026-06-05T21:55:01-06:00 SUMMARY status=ok
2026-06-05T22:00:03-06:00 OK health label=production container=odoo-production
2026-06-05T22:00:03-06:00 OK health label=staging container=odoo-staging
2026-06-05T22:00:03-06:00 OK disk path=/opt/odoo used=23%
2026-06-05T22:00:03-06:00 SUMMARY status=ok
2026-06-05T22:05:02-06:00 OK health label=production container=odoo-production
2026-06-05T22:05:02-06:00 OK health label=staging container=odoo-staging
2026-06-05T22:05:02-06:00 OK disk path=/opt/odoo used=23%
2026-06-05T22:05:02-06:00 SUMMARY status=ok
2026-06-05T22:10:02-06:00 OK health label=production container=odoo-production
2026-06-05T22:10:02-06:00 OK health label=staging container=odoo-staging
2026-06-05T22:10:02-06:00 OK disk path=/opt/odoo used=23%
2026-06-05T22:10:02-06:00 SUMMARY status=ok
2026-06-05T22:15:01-06:00 OK health label=production container=odoo-production
2026-06-05T22:15:01-06:00 OK health label=staging container=odoo-staging
2026-06-05T22:15:01-06:00 OK disk path=/opt/odoo used=23%
2026-06-05T22:15:01-06:00 SUMMARY status=ok
2026-06-05T22:20:03-06:00 OK health label=production container=odoo-production
2026-06-05T22:20:03-06:00 OK health label=staging container=odoo-staging
2026-06-05T22:20:03-06:00 OK disk path=/opt/odoo used=23%
2026-06-05T22:20:03-06:00 SUMMARY status=ok
2026-06-05T22:25:03-06:00 OK health label=production container=odoo-production
2026-06-05T22:25:03-06:00 OK health label=staging container=odoo-staging
2026-06-05T22:25:03-06:00 OK disk path=/opt/odoo used=23%
2026-06-05T22:25:03-06:00 SUMMARY status=ok
2026-06-05T22:30:03-06:00 OK health label=production container=odoo-production
2026-06-05T22:30:03-06:00 OK health label=staging container=odoo-staging
2026-06-05T22:30:03-06:00 OK disk path=/opt/odoo used=23%
2026-06-05T22:30:03-06:00 SUMMARY status=ok
2026-06-05T22:35:02-06:00 OK health label=production container=odoo-production
2026-06-05T22:35:02-06:00 OK health label=staging container=odoo-staging
2026-06-05T22:35:02-06:00 OK disk path=/opt/odoo used=23%
2026-06-05T22:35:02-06:00 SUMMARY status=ok
2026-06-05T22:40:01-06:00 OK health label=production container=odoo-production
2026-06-05T22:40:01-06:00 OK health label=staging container=odoo-staging
2026-06-05T22:40:01-06:00 OK disk path=/opt/odoo used=23%
2026-06-05T22:40:01-06:00 SUMMARY status=ok
2026-06-05T22:45:01-06:00 OK health label=production container=odoo-production
2026-06-05T22:45:01-06:00 OK health label=staging container=odoo-staging
2026-06-05T22:45:01-06:00 OK disk path=/opt/odoo used=23%
2026-06-05T22:45:01-06:00 SUMMARY status=ok
2026-06-05T22:50:03-06:00 OK health label=production container=odoo-production
2026-06-05T22:50:03-06:00 OK health label=staging container=odoo-staging
2026-06-05T22:50:03-06:00 OK disk path=/opt/odoo used=23%
2026-06-05T22:50:03-06:00 SUMMARY status=ok
2026-06-05T22:55:04-06:00 OK health label=production container=odoo-production
2026-06-05T22:55:04-06:00 OK health label=staging container=odoo-staging
2026-06-05T22:55:04-06:00 OK disk path=/opt/odoo used=23%
2026-06-05T22:55:04-06:00 SUMMARY status=ok
2026-06-05T23:00:02-06:00 OK health label=production container=odoo-production
2026-06-05T23:00:02-06:00 OK health label=staging container=odoo-staging
2026-06-05T23:00:02-06:00 OK disk path=/opt/odoo used=23%
2026-06-05T23:00:02-06:00 SUMMARY status=ok
2026-06-05T23:05:01-06:00 OK health label=production container=odoo-production
2026-06-05T23:05:01-06:00 OK health label=staging container=odoo-staging
2026-06-05T23:05:01-06:00 OK disk path=/opt/odoo used=23%
2026-06-05T23:05:01-06:00 SUMMARY status=ok
2026-06-05T23:10:03-06:00 OK health label=production container=odoo-production
2026-06-05T23:10:03-06:00 OK health label=staging container=odoo-staging
2026-06-05T23:10:03-06:00 OK disk path=/opt/odoo used=23%
2026-06-05T23:10:03-06:00 SUMMARY status=ok
2026-06-05T23:15:02-06:00 OK health label=production container=odoo-production
2026-06-05T23:15:02-06:00 OK health label=staging container=odoo-staging
2026-06-05T23:15:02-06:00 OK disk path=/opt/odoo used=23%
2026-06-05T23:15:02-06:00 SUMMARY status=ok
2026-06-05T23:20:06-06:00 OK health label=production container=odoo-production
2026-06-05T23:20:06-06:00 OK health label=staging container=odoo-staging
2026-06-05T23:20:06-06:00 OK disk path=/opt/odoo used=23%
2026-06-05T23:20:06-06:00 SUMMARY status=ok
2026-06-05T23:25:03-06:00 ERROR container_unhealthy name=odoo-staging health=starting
2026-06-05T23:25:03-06:00 OK health label=production container=odoo-production
2026-06-05T23:25:03-06:00 OK health label=staging container=odoo-staging
2026-06-05T23:25:03-06:00 OK disk path=/opt/odoo used=23%
2026-06-05T23:25:03-06:00 SUMMARY status=fail errors=1
2026-06-05T23:30:03-06:00 OK health label=production container=odoo-production
2026-06-05T23:30:03-06:00 OK health label=staging container=odoo-staging
2026-06-05T23:30:03-06:00 OK disk path=/opt/odoo used=23%
2026-06-05T23:30:03-06:00 SUMMARY status=ok
2026-06-05T23:35:02-06:00 OK health label=production container=odoo-production
2026-06-05T23:35:02-06:00 OK health label=staging container=odoo-staging
2026-06-05T23:35:02-06:00 OK disk path=/opt/odoo used=23%
2026-06-05T23:35:02-06:00 SUMMARY status=ok
2026-06-05T23:40:02-06:00 OK health label=production container=odoo-production
2026-06-05T23:40:02-06:00 OK health label=staging container=odoo-staging
2026-06-05T23:40:02-06:00 OK disk path=/opt/odoo used=23%
2026-06-05T23:40:02-06:00 SUMMARY status=ok
2026-06-05T23:45:01-06:00 ERROR container_not_running name=odoo-staging state=exited
2026-06-05T23:45:01-06:00 OK health label=production container=odoo-production
2026-06-05T23:45:01-06:00 ERROR health_failed label=staging container=odoo-staging
2026-06-05T23:45:01-06:00 OK disk path=/opt/odoo used=23%
2026-06-05T23:45:01-06:00 SUMMARY status=fail errors=2
2026-06-05T23:50:01-06:00 OK health label=production container=odoo-production
2026-06-05T23:50:01-06:00 OK health label=staging container=odoo-staging
2026-06-05T23:50:01-06:00 OK disk path=/opt/odoo used=23%
2026-06-05T23:50:01-06:00 SUMMARY status=ok
2026-06-05T23:55:02-06:00 OK health label=production container=odoo-production
2026-06-05T23:55:02-06:00 OK health label=staging container=odoo-staging
2026-06-05T23:55:02-06:00 OK disk path=/opt/odoo used=23%
2026-06-05T23:55:02-06:00 SUMMARY status=ok
2026-06-06T00:00:04-06:00 OK health label=production container=odoo-production
2026-06-06T00:00:04-06:00 OK health label=staging container=odoo-staging
2026-06-06T00:00:04-06:00 OK disk path=/opt/odoo used=23%
2026-06-06T00:00:04-06:00 SUMMARY status=ok
2026-06-06T00:05:02-06:00 OK health label=production container=odoo-production
2026-06-06T00:05:02-06:00 OK health label=staging container=odoo-staging
2026-06-06T00:05:02-06:00 OK disk path=/opt/odoo used=23%
2026-06-06T00:05:02-06:00 SUMMARY status=ok
2026-06-06T00:10:02-06:00 OK health label=production container=odoo-production
2026-06-06T00:10:02-06:00 OK health label=staging container=odoo-staging
2026-06-06T00:10:02-06:00 OK disk path=/opt/odoo used=23%
2026-06-06T00:10:02-06:00 SUMMARY status=ok
2026-06-06T00:15:03-06:00 OK health label=production container=odoo-production
2026-06-06T00:15:03-06:00 OK health label=staging container=odoo-staging
2026-06-06T00:15:03-06:00 OK disk path=/opt/odoo used=23%
2026-06-06T00:15:03-06:00 SUMMARY status=ok
2026-06-06T00:20:04-06:00 OK health label=production container=odoo-production
2026-06-06T00:20:04-06:00 OK health label=staging container=odoo-staging
2026-06-06T00:20:04-06:00 OK disk path=/opt/odoo used=23%
2026-06-06T00:20:04-06:00 SUMMARY status=ok
2026-06-06T00:25:01-06:00 OK health label=production container=odoo-production
2026-06-06T00:25:01-06:00 OK health label=staging container=odoo-staging
2026-06-06T00:25:01-06:00 OK disk path=/opt/odoo used=23%
2026-06-06T00:25:01-06:00 SUMMARY status=ok
2026-06-06T00:30:02-06:00 OK health label=production container=odoo-production
2026-06-06T00:30:02-06:00 OK health label=staging container=odoo-staging
2026-06-06T00:30:02-06:00 OK disk path=/opt/odoo used=23%
2026-06-06T00:30:02-06:00 SUMMARY status=ok
2026-06-06T00:35:04-06:00 OK health label=production container=odoo-production
2026-06-06T00:35:04-06:00 OK health label=staging container=odoo-staging
2026-06-06T00:35:04-06:00 OK disk path=/opt/odoo used=23%
2026-06-06T00:35:04-06:00 SUMMARY status=ok
2026-06-06T00:40:02-06:00 OK health label=production container=odoo-production
2026-06-06T00:40:02-06:00 OK health label=staging container=odoo-staging
2026-06-06T00:40:02-06:00 OK disk path=/opt/odoo used=23%
2026-06-06T00:40:02-06:00 SUMMARY status=ok
2026-06-06T00:45:06-06:00 OK health label=production container=odoo-production
2026-06-06T00:45:06-06:00 OK health label=staging container=odoo-staging
2026-06-06T00:45:06-06:00 OK disk path=/opt/odoo used=23%
2026-06-06T00:45:06-06:00 SUMMARY status=ok
2026-06-06T00:50:02-06:00 OK health label=production container=odoo-production
2026-06-06T00:50:02-06:00 OK health label=staging container=odoo-staging
2026-06-06T00:50:02-06:00 OK disk path=/opt/odoo used=23%
2026-06-06T00:50:02-06:00 SUMMARY status=ok
2026-06-06T00:55:02-06:00 OK health label=production container=odoo-production
2026-06-06T00:55:02-06:00 OK health label=staging container=odoo-staging
2026-06-06T00:55:02-06:00 OK disk path=/opt/odoo used=23%
2026-06-06T00:55:02-06:00 SUMMARY status=ok
2026-06-06T01:00:02-06:00 OK health label=production container=odoo-production
2026-06-06T01:00:02-06:00 OK health label=staging container=odoo-staging
2026-06-06T01:00:02-06:00 OK disk path=/opt/odoo used=23%
2026-06-06T01:00:02-06:00 SUMMARY status=ok
2026-06-06T01:05:01-06:00 OK health label=production container=odoo-production
2026-06-06T01:05:01-06:00 OK health label=staging container=odoo-staging
2026-06-06T01:05:01-06:00 OK disk path=/opt/odoo used=23%
2026-06-06T01:05:01-06:00 SUMMARY status=ok
2026-06-06T01:10:02-06:00 OK health label=production container=odoo-production
2026-06-06T01:10:02-06:00 OK health label=staging container=odoo-staging
2026-06-06T01:10:02-06:00 OK disk path=/opt/odoo used=23%
2026-06-06T01:10:02-06:00 SUMMARY status=ok
2026-06-06T01:15:02-06:00 OK health label=production container=odoo-production
2026-06-06T01:15:02-06:00 OK health label=staging container=odoo-staging
2026-06-06T01:15:02-06:00 OK disk path=/opt/odoo used=23%
2026-06-06T01:15:02-06:00 SUMMARY status=ok
2026-06-06T01:20:02-06:00 OK health label=production container=odoo-production
2026-06-06T01:20:02-06:00 OK health label=staging container=odoo-staging
2026-06-06T01:20:02-06:00 OK disk path=/opt/odoo used=23%
2026-06-06T01:20:02-06:00 SUMMARY status=ok
2026-06-06T01:25:01-06:00 OK health label=production container=odoo-production
2026-06-06T01:25:01-06:00 OK health label=staging container=odoo-staging
2026-06-06T01:25:01-06:00 OK disk path=/opt/odoo used=23%
2026-06-06T01:25:01-06:00 SUMMARY status=ok
2026-06-06T01:30:02-06:00 OK health label=production container=odoo-production
2026-06-06T01:30:02-06:00 OK health label=staging container=odoo-staging
2026-06-06T01:30:02-06:00 OK disk path=/opt/odoo used=23%
2026-06-06T01:30:02-06:00 SUMMARY status=ok
2026-06-06T01:35:02-06:00 OK health label=production container=odoo-production
2026-06-06T01:35:02-06:00 OK health label=staging container=odoo-staging
2026-06-06T01:35:02-06:00 OK disk path=/opt/odoo used=23%
2026-06-06T01:35:02-06:00 SUMMARY status=ok
2026-06-06T01:40:02-06:00 OK health label=production container=odoo-production
2026-06-06T01:40:02-06:00 OK health label=staging container=odoo-staging
2026-06-06T01:40:02-06:00 OK disk path=/opt/odoo used=23%
2026-06-06T01:40:02-06:00 SUMMARY status=ok
2026-06-06T01:45:02-06:00 OK health label=production container=odoo-production
2026-06-06T01:45:02-06:00 OK health label=staging container=odoo-staging
2026-06-06T01:45:02-06:00 OK disk path=/opt/odoo used=23%
2026-06-06T01:45:02-06:00 SUMMARY status=ok
2026-06-06T01:50:03-06:00 OK health label=production container=odoo-production
2026-06-06T01:50:03-06:00 OK health label=staging container=odoo-staging
2026-06-06T01:50:03-06:00 OK disk path=/opt/odoo used=23%
2026-06-06T01:50:03-06:00 SUMMARY status=ok
2026-06-06T01:55:02-06:00 OK health label=production container=odoo-production
2026-06-06T01:55:02-06:00 OK health label=staging container=odoo-staging
2026-06-06T01:55:02-06:00 OK disk path=/opt/odoo used=23%
2026-06-06T01:55:02-06:00 SUMMARY status=ok
2026-06-06T02:00:01-06:00 OK health label=production container=odoo-production
2026-06-06T02:00:01-06:00 OK health label=staging container=odoo-staging
2026-06-06T02:00:01-06:00 OK disk path=/opt/odoo used=23%
2026-06-06T02:00:01-06:00 SUMMARY status=ok
2026-06-06T02:05:01-06:00 OK health label=production container=odoo-production
2026-06-06T02:05:01-06:00 OK health label=staging container=odoo-staging
2026-06-06T02:05:01-06:00 OK disk path=/opt/odoo used=23%
2026-06-06T02:05:01-06:00 SUMMARY status=ok
2026-06-06T02:10:02-06:00 OK health label=production container=odoo-production
2026-06-06T02:10:02-06:00 OK health label=staging container=odoo-staging
2026-06-06T02:10:02-06:00 OK disk path=/opt/odoo used=23%
2026-06-06T02:10:02-06:00 SUMMARY status=ok
2026-06-06T02:15:02-06:00 OK health label=production container=odoo-production
2026-06-06T02:15:02-06:00 OK health label=staging container=odoo-staging
2026-06-06T02:15:02-06:00 OK disk path=/opt/odoo used=23%
2026-06-06T02:15:02-06:00 SUMMARY status=ok
2026-06-06T02:20:01-06:00 OK health label=production container=odoo-production
2026-06-06T02:20:01-06:00 OK health label=staging container=odoo-staging
2026-06-06T02:20:01-06:00 OK disk path=/opt/odoo used=23%
2026-06-06T02:20:01-06:00 SUMMARY status=ok
2026-06-06T02:25:02-06:00 OK health label=production container=odoo-production
2026-06-06T02:25:02-06:00 OK health label=staging container=odoo-staging
2026-06-06T02:25:02-06:00 OK disk path=/opt/odoo used=23%
2026-06-06T02:25:02-06:00 SUMMARY status=ok
2026-06-06T02:30:02-06:00 OK health label=production container=odoo-production
2026-06-06T02:30:02-06:00 OK health label=staging container=odoo-staging
2026-06-06T02:30:02-06:00 OK disk path=/opt/odoo used=23%
2026-06-06T02:30:02-06:00 SUMMARY status=ok
2026-06-06T02:35:01-06:00 OK health label=production container=odoo-production
2026-06-06T02:35:01-06:00 OK health label=staging container=odoo-staging
2026-06-06T02:35:01-06:00 OK disk path=/opt/odoo used=23%
2026-06-06T02:35:01-06:00 SUMMARY status=ok
2026-06-06T02:40:01-06:00 OK health label=production container=odoo-production
2026-06-06T02:40:01-06:00 OK health label=staging container=odoo-staging
2026-06-06T02:40:01-06:00 OK disk path=/opt/odoo used=23%
2026-06-06T02:40:01-06:00 SUMMARY status=ok
2026-06-06T02:45:03-06:00 OK health label=production container=odoo-production
2026-06-06T02:45:03-06:00 OK health label=staging container=odoo-staging
2026-06-06T02:45:03-06:00 OK disk path=/opt/odoo used=23%
2026-06-06T02:45:03-06:00 SUMMARY status=ok
2026-06-06T02:50:02-06:00 OK health label=production container=odoo-production
2026-06-06T02:50:02-06:00 OK health label=staging container=odoo-staging
2026-06-06T02:50:02-06:00 OK disk path=/opt/odoo used=23%
2026-06-06T02:50:02-06:00 SUMMARY status=ok
2026-06-06T02:55:02-06:00 OK health label=production container=odoo-production
2026-06-06T02:55:02-06:00 OK health label=staging container=odoo-staging
2026-06-06T02:55:02-06:00 OK disk path=/opt/odoo used=23%
2026-06-06T02:55:02-06:00 SUMMARY status=ok
2026-06-06T03:00:02-06:00 OK health label=production container=odoo-production
2026-06-06T03:00:02-06:00 OK health label=staging container=odoo-staging
2026-06-06T03:00:02-06:00 OK disk path=/opt/odoo used=23%
2026-06-06T03:00:02-06:00 SUMMARY status=ok
2026-06-06T03:05:04-06:00 OK health label=production container=odoo-production
2026-06-06T03:05:04-06:00 OK health label=staging container=odoo-staging
2026-06-06T03:05:04-06:00 OK disk path=/opt/odoo used=23%
2026-06-06T03:05:04-06:00 SUMMARY status=ok
2026-06-06T03:10:04-06:00 OK health label=production container=odoo-production
2026-06-06T03:10:04-06:00 OK health label=staging container=odoo-staging
2026-06-06T03:10:04-06:00 OK disk path=/opt/odoo used=23%
2026-06-06T03:10:04-06:00 SUMMARY status=ok
2026-06-06T03:15:02-06:00 OK health label=production container=odoo-production
2026-06-06T03:15:02-06:00 OK health label=staging container=odoo-staging
2026-06-06T03:15:02-06:00 OK disk path=/opt/odoo used=23%
2026-06-06T03:15:02-06:00 SUMMARY status=ok
2026-06-06T03:20:02-06:00 OK health label=production container=odoo-production
2026-06-06T03:20:02-06:00 OK health label=staging container=odoo-staging
2026-06-06T03:20:02-06:00 OK disk path=/opt/odoo used=23%
2026-06-06T03:20:02-06:00 SUMMARY status=ok
2026-06-06T03:25:01-06:00 OK health label=production container=odoo-production
2026-06-06T03:25:01-06:00 OK health label=staging container=odoo-staging
2026-06-06T03:25:01-06:00 OK disk path=/opt/odoo used=23%
2026-06-06T03:25:01-06:00 SUMMARY status=ok
2026-06-06T03:30:02-06:00 OK health label=production container=odoo-production
2026-06-06T03:30:02-06:00 OK health label=staging container=odoo-staging
2026-06-06T03:30:02-06:00 OK disk path=/opt/odoo used=23%
2026-06-06T03:30:02-06:00 SUMMARY status=ok
2026-06-06T03:35:03-06:00 OK health label=production container=odoo-production
2026-06-06T03:35:03-06:00 OK health label=staging container=odoo-staging
2026-06-06T03:35:03-06:00 OK disk path=/opt/odoo used=23%
2026-06-06T03:35:03-06:00 SUMMARY status=ok
2026-06-06T03:40:03-06:00 OK health label=production container=odoo-production
2026-06-06T03:40:03-06:00 OK health label=staging container=odoo-staging
2026-06-06T03:40:03-06:00 OK disk path=/opt/odoo used=23%
2026-06-06T03:40:03-06:00 SUMMARY status=ok
2026-06-06T03:45:03-06:00 OK health label=production container=odoo-production
2026-06-06T03:45:03-06:00 OK health label=staging container=odoo-staging
2026-06-06T03:45:03-06:00 OK disk path=/opt/odoo used=23%
2026-06-06T03:45:03-06:00 SUMMARY status=ok
2026-06-06T03:50:04-06:00 OK health label=production container=odoo-production
2026-06-06T03:50:04-06:00 OK health label=staging container=odoo-staging
2026-06-06T03:50:04-06:00 OK disk path=/opt/odoo used=23%
2026-06-06T03:50:04-06:00 SUMMARY status=ok
2026-06-06T03:55:02-06:00 OK health label=production container=odoo-production
2026-06-06T03:55:02-06:00 OK health label=staging container=odoo-staging
2026-06-06T03:55:02-06:00 OK disk path=/opt/odoo used=23%
2026-06-06T03:55:02-06:00 SUMMARY status=ok
2026-06-06T04:00:02-06:00 OK health label=production container=odoo-production
2026-06-06T04:00:02-06:00 OK health label=staging container=odoo-staging
2026-06-06T04:00:02-06:00 OK disk path=/opt/odoo used=23%
2026-06-06T04:00:02-06:00 SUMMARY status=ok
2026-06-06T04:05:01-06:00 OK health label=production container=odoo-production
2026-06-06T04:05:01-06:00 OK health label=staging container=odoo-staging
2026-06-06T04:05:01-06:00 OK disk path=/opt/odoo used=23%
2026-06-06T04:05:01-06:00 SUMMARY status=ok
2026-06-06T04:10:03-06:00 OK health label=production container=odoo-production
2026-06-06T04:10:03-06:00 OK health label=staging container=odoo-staging
2026-06-06T04:10:03-06:00 OK disk path=/opt/odoo used=23%
2026-06-06T04:10:03-06:00 SUMMARY status=ok
2026-06-06T04:15:01-06:00 OK health label=production container=odoo-production
2026-06-06T04:15:01-06:00 OK health label=staging container=odoo-staging
2026-06-06T04:15:01-06:00 OK disk path=/opt/odoo used=23%
2026-06-06T04:15:01-06:00 SUMMARY status=ok
2026-06-06T04:20:02-06:00 OK health label=production container=odoo-production
2026-06-06T04:20:02-06:00 OK health label=staging container=odoo-staging
2026-06-06T04:20:02-06:00 OK disk path=/opt/odoo used=23%
2026-06-06T04:20:02-06:00 SUMMARY status=ok
2026-06-06T04:25:01-06:00 OK health label=production container=odoo-production
2026-06-06T04:25:01-06:00 OK health label=staging container=odoo-staging
2026-06-06T04:25:01-06:00 OK disk path=/opt/odoo used=23%
2026-06-06T04:25:01-06:00 SUMMARY status=ok
2026-06-06T04:30:02-06:00 OK health label=production container=odoo-production
2026-06-06T04:30:02-06:00 OK health label=staging container=odoo-staging
2026-06-06T04:30:02-06:00 OK disk path=/opt/odoo used=23%
2026-06-06T04:30:02-06:00 SUMMARY status=ok
2026-06-06T04:35:02-06:00 OK health label=production container=odoo-production
2026-06-06T04:35:02-06:00 OK health label=staging container=odoo-staging
2026-06-06T04:35:02-06:00 OK disk path=/opt/odoo used=23%
2026-06-06T04:35:02-06:00 SUMMARY status=ok
2026-06-06T04:40:03-06:00 OK health label=production container=odoo-production
2026-06-06T04:40:03-06:00 OK health label=staging container=odoo-staging
2026-06-06T04:40:03-06:00 OK disk path=/opt/odoo used=23%
2026-06-06T04:40:03-06:00 SUMMARY status=ok
2026-06-06T04:45:02-06:00 OK health label=production container=odoo-production
2026-06-06T04:45:02-06:00 OK health label=staging container=odoo-staging
2026-06-06T04:45:02-06:00 OK disk path=/opt/odoo used=23%
2026-06-06T04:45:02-06:00 SUMMARY status=ok
2026-06-06T04:50:01-06:00 OK health label=production container=odoo-production
2026-06-06T04:50:01-06:00 OK health label=staging container=odoo-staging
2026-06-06T04:50:01-06:00 OK disk path=/opt/odoo used=23%
2026-06-06T04:50:01-06:00 SUMMARY status=ok
2026-06-06T04:55:03-06:00 OK health label=production container=odoo-production
2026-06-06T04:55:03-06:00 OK health label=staging container=odoo-staging
2026-06-06T04:55:03-06:00 OK disk path=/opt/odoo used=23%
2026-06-06T04:55:03-06:00 SUMMARY status=ok
2026-06-06T05:00:01-06:00 OK health label=production container=odoo-production
2026-06-06T05:00:01-06:00 OK health label=staging container=odoo-staging
2026-06-06T05:00:01-06:00 OK disk path=/opt/odoo used=23%
2026-06-06T05:00:01-06:00 SUMMARY status=ok
2026-06-06T05:05:01-06:00 OK health label=production container=odoo-production
2026-06-06T05:05:01-06:00 OK health label=staging container=odoo-staging
2026-06-06T05:05:01-06:00 OK disk path=/opt/odoo used=23%
2026-06-06T05:05:01-06:00 SUMMARY status=ok
2026-06-06T05:10:01-06:00 OK health label=production container=odoo-production
2026-06-06T05:10:01-06:00 OK health label=staging container=odoo-staging
2026-06-06T05:10:01-06:00 OK disk path=/opt/odoo used=23%
2026-06-06T05:10:01-06:00 SUMMARY status=ok
2026-06-06T05:15:01-06:00 OK health label=production container=odoo-production
2026-06-06T05:15:01-06:00 OK health label=staging container=odoo-staging
2026-06-06T05:15:01-06:00 OK disk path=/opt/odoo used=23%
2026-06-06T05:15:01-06:00 SUMMARY status=ok
2026-06-06T05:20:02-06:00 OK health label=production container=odoo-production
2026-06-06T05:20:02-06:00 OK health label=staging container=odoo-staging
2026-06-06T05:20:02-06:00 OK disk path=/opt/odoo used=23%
2026-06-06T05:20:02-06:00 SUMMARY status=ok
2026-06-06T05:25:03-06:00 OK health label=production container=odoo-production
2026-06-06T05:25:03-06:00 OK health label=staging container=odoo-staging
2026-06-06T05:25:03-06:00 OK disk path=/opt/odoo used=23%
2026-06-06T05:25:03-06:00 SUMMARY status=ok
2026-06-06T05:30:02-06:00 OK health label=production container=odoo-production
2026-06-06T05:30:02-06:00 OK health label=staging container=odoo-staging
2026-06-06T05:30:02-06:00 OK disk path=/opt/odoo used=23%
2026-06-06T05:30:02-06:00 SUMMARY status=ok
2026-06-06T05:35:01-06:00 OK health label=production container=odoo-production
2026-06-06T05:35:01-06:00 OK health label=staging container=odoo-staging
2026-06-06T05:35:01-06:00 OK disk path=/opt/odoo used=23%
2026-06-06T05:35:01-06:00 SUMMARY status=ok
2026-06-06T05:40:01-06:00 OK health label=production container=odoo-production
2026-06-06T05:40:01-06:00 OK health label=staging container=odoo-staging
2026-06-06T05:40:01-06:00 OK disk path=/opt/odoo used=23%
2026-06-06T05:40:01-06:00 SUMMARY status=ok
2026-06-06T05:45:02-06:00 OK health label=production container=odoo-production
2026-06-06T05:45:02-06:00 OK health label=staging container=odoo-staging
2026-06-06T05:45:02-06:00 OK disk path=/opt/odoo used=23%
2026-06-06T05:45:02-06:00 SUMMARY status=ok
2026-06-06T05:50:03-06:00 OK health label=production container=odoo-production
2026-06-06T05:50:03-06:00 OK health label=staging container=odoo-staging
2026-06-06T05:50:03-06:00 OK disk path=/opt/odoo used=23%
2026-06-06T05:50:03-06:00 SUMMARY status=ok
2026-06-06T05:55:02-06:00 OK health label=production container=odoo-production
2026-06-06T05:55:02-06:00 OK health label=staging container=odoo-staging
2026-06-06T05:55:02-06:00 OK disk path=/opt/odoo used=23%
2026-06-06T05:55:02-06:00 SUMMARY status=ok
2026-06-06T06:00:03-06:00 OK health label=production container=odoo-production
2026-06-06T06:00:03-06:00 OK health label=staging container=odoo-staging
2026-06-06T06:00:03-06:00 OK disk path=/opt/odoo used=23%
2026-06-06T06:00:03-06:00 SUMMARY status=ok
2026-06-06T06:05:05-06:00 OK health label=production container=odoo-production
2026-06-06T06:05:05-06:00 OK health label=staging container=odoo-staging
2026-06-06T06:05:05-06:00 OK disk path=/opt/odoo used=23%
2026-06-06T06:05:05-06:00 SUMMARY status=ok
2026-06-06T06:10:01-06:00 OK health label=production container=odoo-production
2026-06-06T06:10:01-06:00 OK health label=staging container=odoo-staging
2026-06-06T06:10:01-06:00 OK disk path=/opt/odoo used=23%
2026-06-06T06:10:01-06:00 SUMMARY status=ok
2026-06-06T06:15:02-06:00 OK health label=production container=odoo-production
2026-06-06T06:15:02-06:00 OK health label=staging container=odoo-staging
2026-06-06T06:15:02-06:00 OK disk path=/opt/odoo used=23%
2026-06-06T06:15:02-06:00 SUMMARY status=ok
2026-06-06T06:20:01-06:00 OK health label=production container=odoo-production
2026-06-06T06:20:01-06:00 OK health label=staging container=odoo-staging
2026-06-06T06:20:01-06:00 OK disk path=/opt/odoo used=23%
2026-06-06T06:20:01-06:00 SUMMARY status=ok
2026-06-06T06:25:01-06:00 OK health label=production container=odoo-production
2026-06-06T06:25:01-06:00 OK health label=staging container=odoo-staging
2026-06-06T06:25:01-06:00 OK disk path=/opt/odoo used=23%
2026-06-06T06:25:01-06:00 SUMMARY status=ok
2026-06-06T06:30:03-06:00 OK health label=production container=odoo-production
2026-06-06T06:30:03-06:00 OK health label=staging container=odoo-staging
2026-06-06T06:30:03-06:00 OK disk path=/opt/odoo used=23%
2026-06-06T06:30:03-06:00 SUMMARY status=ok
2026-06-06T06:35:01-06:00 OK health label=production container=odoo-production
2026-06-06T06:35:01-06:00 OK health label=staging container=odoo-staging
2026-06-06T06:35:01-06:00 OK disk path=/opt/odoo used=23%
2026-06-06T06:35:01-06:00 SUMMARY status=ok
2026-06-06T06:40:01-06:00 OK health label=production container=odoo-production
2026-06-06T06:40:01-06:00 OK health label=staging container=odoo-staging
2026-06-06T06:40:01-06:00 OK disk path=/opt/odoo used=23%
2026-06-06T06:40:01-06:00 SUMMARY status=ok
2026-06-06T06:45:02-06:00 OK health label=production container=odoo-production
2026-06-06T06:45:02-06:00 OK health label=staging container=odoo-staging
2026-06-06T06:45:02-06:00 OK disk path=/opt/odoo used=23%
2026-06-06T06:45:02-06:00 SUMMARY status=ok
2026-06-06T06:50:02-06:00 OK health label=production container=odoo-production
2026-06-06T06:50:02-06:00 OK health label=staging container=odoo-staging
2026-06-06T06:50:02-06:00 OK disk path=/opt/odoo used=23%
2026-06-06T06:50:02-06:00 SUMMARY status=ok
2026-06-06T06:55:01-06:00 OK health label=production container=odoo-production
2026-06-06T06:55:01-06:00 OK health label=staging container=odoo-staging
2026-06-06T06:55:01-06:00 OK disk path=/opt/odoo used=23%
2026-06-06T06:55:01-06:00 SUMMARY status=ok
2026-06-06T07:00:02-06:00 OK health label=production container=odoo-production
2026-06-06T07:00:02-06:00 OK health label=staging container=odoo-staging
2026-06-06T07:00:02-06:00 OK disk path=/opt/odoo used=23%
2026-06-06T07:00:02-06:00 SUMMARY status=ok
2026-06-06T07:05:01-06:00 OK health label=production container=odoo-production
2026-06-06T07:05:01-06:00 OK health label=staging container=odoo-staging
2026-06-06T07:05:01-06:00 OK disk path=/opt/odoo used=23%
2026-06-06T07:05:01-06:00 SUMMARY status=ok
2026-06-06T07:10:02-06:00 OK health label=production container=odoo-production
2026-06-06T07:10:02-06:00 OK health label=staging container=odoo-staging
2026-06-06T07:10:02-06:00 OK disk path=/opt/odoo used=23%
2026-06-06T07:10:02-06:00 SUMMARY status=ok
2026-06-06T07:15:01-06:00 OK health label=production container=odoo-production
2026-06-06T07:15:01-06:00 OK health label=staging container=odoo-staging
2026-06-06T07:15:01-06:00 OK disk path=/opt/odoo used=23%
2026-06-06T07:15:01-06:00 SUMMARY status=ok
2026-06-06T07:20:04-06:00 OK health label=production container=odoo-production
2026-06-06T07:20:04-06:00 OK health label=staging container=odoo-staging
2026-06-06T07:20:04-06:00 OK disk path=/opt/odoo used=23%
2026-06-06T07:20:04-06:00 SUMMARY status=ok
2026-06-06T07:25:02-06:00 OK health label=production container=odoo-production
2026-06-06T07:25:02-06:00 OK health label=staging container=odoo-staging
2026-06-06T07:25:02-06:00 OK disk path=/opt/odoo used=23%
2026-06-06T07:25:02-06:00 SUMMARY status=ok
2026-06-06T07:30:02-06:00 OK health label=production container=odoo-production
2026-06-06T07:30:02-06:00 OK health label=staging container=odoo-staging
2026-06-06T07:30:02-06:00 OK disk path=/opt/odoo used=23%
2026-06-06T07:30:02-06:00 SUMMARY status=ok
2026-06-06T07:35:01-06:00 OK health label=production container=odoo-production
2026-06-06T07:35:01-06:00 OK health label=staging container=odoo-staging
2026-06-06T07:35:01-06:00 OK disk path=/opt/odoo used=23%
2026-06-06T07:35:01-06:00 SUMMARY status=ok
2026-06-06T07:40:02-06:00 OK health label=production container=odoo-production
2026-06-06T07:40:02-06:00 OK health label=staging container=odoo-staging
2026-06-06T07:40:02-06:00 OK disk path=/opt/odoo used=23%
2026-06-06T07:40:02-06:00 SUMMARY status=ok
2026-06-06T07:45:01-06:00 OK health label=production container=odoo-production
2026-06-06T07:45:01-06:00 OK health label=staging container=odoo-staging
2026-06-06T07:45:01-06:00 OK disk path=/opt/odoo used=23%
2026-06-06T07:45:01-06:00 SUMMARY status=ok
2026-06-06T07:50:02-06:00 OK health label=production container=odoo-production
2026-06-06T07:50:02-06:00 OK health label=staging container=odoo-staging
2026-06-06T07:50:02-06:00 OK disk path=/opt/odoo used=23%
2026-06-06T07:50:02-06:00 SUMMARY status=ok
2026-06-06T07:55:01-06:00 OK health label=production container=odoo-production
2026-06-06T07:55:01-06:00 OK health label=staging container=odoo-staging
2026-06-06T07:55:01-06:00 OK disk path=/opt/odoo used=23%
2026-06-06T07:55:01-06:00 SUMMARY status=ok
2026-06-06T08:00:01-06:00 OK health label=production container=odoo-production
2026-06-06T08:00:01-06:00 OK health label=staging container=odoo-staging
2026-06-06T08:00:01-06:00 OK disk path=/opt/odoo used=23%
2026-06-06T08:00:01-06:00 SUMMARY status=ok
2026-06-06T08:05:01-06:00 OK health label=production container=odoo-production
2026-06-06T08:05:01-06:00 OK health label=staging container=odoo-staging
2026-06-06T08:05:01-06:00 OK disk path=/opt/odoo used=23%
2026-06-06T08:05:01-06:00 SUMMARY status=ok
2026-06-06T08:10:02-06:00 OK health label=production container=odoo-production
2026-06-06T08:10:02-06:00 OK health label=staging container=odoo-staging
2026-06-06T08:10:02-06:00 OK disk path=/opt/odoo used=23%
2026-06-06T08:10:02-06:00 SUMMARY status=ok
2026-06-06T08:15:01-06:00 OK health label=production container=odoo-production
2026-06-06T08:15:01-06:00 OK health label=staging container=odoo-staging
2026-06-06T08:15:01-06:00 OK disk path=/opt/odoo used=23%
2026-06-06T08:15:01-06:00 SUMMARY status=ok
2026-06-06T08:20:03-06:00 OK health label=production container=odoo-production
2026-06-06T08:20:03-06:00 OK health label=staging container=odoo-staging
2026-06-06T08:20:03-06:00 OK disk path=/opt/odoo used=23%
2026-06-06T08:20:03-06:00 SUMMARY status=ok
2026-06-06T08:25:04-06:00 OK health label=production container=odoo-production
2026-06-06T08:25:04-06:00 OK health label=staging container=odoo-staging
2026-06-06T08:25:04-06:00 OK disk path=/opt/odoo used=23%
2026-06-06T08:25:04-06:00 SUMMARY status=ok
2026-06-06T08:30:01-06:00 ERROR container_unhealthy name=odoo-production health=starting
2026-06-06T08:30:01-06:00 OK health label=production container=odoo-production
2026-06-06T08:30:01-06:00 OK health label=staging container=odoo-staging
2026-06-06T08:30:01-06:00 OK disk path=/opt/odoo used=23%
2026-06-06T08:30:01-06:00 SUMMARY status=fail errors=1
2026-06-06T08:35:01-06:00 OK health label=production container=odoo-production
2026-06-06T08:35:01-06:00 OK health label=staging container=odoo-staging
2026-06-06T08:35:01-06:00 OK disk path=/opt/odoo used=23%
2026-06-06T08:35:01-06:00 SUMMARY status=ok
2026-06-06T08:40:02-06:00 OK health label=production container=odoo-production
2026-06-06T08:40:02-06:00 OK health label=staging container=odoo-staging
2026-06-06T08:40:02-06:00 OK disk path=/opt/odoo used=23%
2026-06-06T08:40:02-06:00 SUMMARY status=ok
2026-06-06T08:45:02-06:00 OK health label=production container=odoo-production
2026-06-06T08:45:02-06:00 OK health label=staging container=odoo-staging
2026-06-06T08:45:02-06:00 OK disk path=/opt/odoo used=23%
2026-06-06T08:45:02-06:00 SUMMARY status=ok
2026-06-06T08:50:02-06:00 OK health label=production container=odoo-production
2026-06-06T08:50:02-06:00 OK health label=staging container=odoo-staging
2026-06-06T08:50:02-06:00 OK disk path=/opt/odoo used=23%
2026-06-06T08:50:02-06:00 SUMMARY status=ok
2026-06-06T08:55:01-06:00 OK health label=production container=odoo-production
2026-06-06T08:55:01-06:00 OK health label=staging container=odoo-staging
2026-06-06T08:55:01-06:00 OK disk path=/opt/odoo used=23%
2026-06-06T08:55:01-06:00 SUMMARY status=ok
2026-06-06T09:00:01-06:00 OK health label=production container=odoo-production
2026-06-06T09:00:01-06:00 OK health label=staging container=odoo-staging
2026-06-06T09:00:01-06:00 OK disk path=/opt/odoo used=23%
2026-06-06T09:00:01-06:00 SUMMARY status=ok
2026-06-06T09:05:02-06:00 OK health label=production container=odoo-production
2026-06-06T09:05:02-06:00 OK health label=staging container=odoo-staging
2026-06-06T09:05:02-06:00 OK disk path=/opt/odoo used=23%
2026-06-06T09:05:02-06:00 SUMMARY status=ok
2026-06-06T09:10:01-06:00 OK health label=production container=odoo-production
2026-06-06T09:10:01-06:00 OK health label=staging container=odoo-staging
2026-06-06T09:10:01-06:00 OK disk path=/opt/odoo used=23%
2026-06-06T09:10:01-06:00 SUMMARY status=ok
2026-06-06T09:15:02-06:00 OK health label=production container=odoo-production
2026-06-06T09:15:02-06:00 OK health label=staging container=odoo-staging
2026-06-06T09:15:02-06:00 OK disk path=/opt/odoo used=23%
2026-06-06T09:15:02-06:00 SUMMARY status=ok
2026-06-06T09:20:02-06:00 OK health label=production container=odoo-production
2026-06-06T09:20:02-06:00 OK health label=staging container=odoo-staging
2026-06-06T09:20:02-06:00 OK disk path=/opt/odoo used=23%
2026-06-06T09:20:02-06:00 SUMMARY status=ok
2026-06-06T09:25:02-06:00 OK health label=production container=odoo-production
2026-06-06T09:25:02-06:00 OK health label=staging container=odoo-staging
2026-06-06T09:25:02-06:00 OK disk path=/opt/odoo used=23%
2026-06-06T09:25:02-06:00 SUMMARY status=ok
2026-06-06T09:30:02-06:00 OK health label=production container=odoo-production
2026-06-06T09:30:02-06:00 OK health label=staging container=odoo-staging
2026-06-06T09:30:02-06:00 OK disk path=/opt/odoo used=23%
2026-06-06T09:30:02-06:00 SUMMARY status=ok
2026-06-06T09:35:01-06:00 OK health label=production container=odoo-production
2026-06-06T09:35:01-06:00 OK health label=staging container=odoo-staging
2026-06-06T09:35:01-06:00 OK disk path=/opt/odoo used=23%
2026-06-06T09:35:01-06:00 SUMMARY status=ok
2026-06-06T09:40:02-06:00 OK health label=production container=odoo-production
2026-06-06T09:40:02-06:00 OK health label=staging container=odoo-staging
2026-06-06T09:40:02-06:00 OK disk path=/opt/odoo used=23%
2026-06-06T09:40:02-06:00 SUMMARY status=ok
2026-06-06T09:45:01-06:00 OK health label=production container=odoo-production
2026-06-06T09:45:01-06:00 OK health label=staging container=odoo-staging
2026-06-06T09:45:01-06:00 OK disk path=/opt/odoo used=23%
2026-06-06T09:45:01-06:00 SUMMARY status=ok
2026-06-06T09:50:01-06:00 OK health label=production container=odoo-production
2026-06-06T09:50:01-06:00 OK health label=staging container=odoo-staging
2026-06-06T09:50:01-06:00 OK disk path=/opt/odoo used=23%
2026-06-06T09:50:01-06:00 SUMMARY status=ok
2026-06-06T09:55:02-06:00 OK health label=production container=odoo-production
2026-06-06T09:55:02-06:00 OK health label=staging container=odoo-staging
2026-06-06T09:55:02-06:00 OK disk path=/opt/odoo used=23%
2026-06-06T09:55:02-06:00 SUMMARY status=ok
2026-06-06T10:00:02-06:00 OK health label=production container=odoo-production
2026-06-06T10:00:02-06:00 OK health label=staging container=odoo-staging
2026-06-06T10:00:02-06:00 OK disk path=/opt/odoo used=23%
2026-06-06T10:00:02-06:00 SUMMARY status=ok
2026-06-06T10:05:04-06:00 OK health label=production container=odoo-production
2026-06-06T10:05:04-06:00 OK health label=staging container=odoo-staging
2026-06-06T10:05:04-06:00 OK disk path=/opt/odoo used=23%
2026-06-06T10:05:04-06:00 SUMMARY status=ok
2026-06-06T10:10:02-06:00 OK health label=production container=odoo-production
2026-06-06T10:10:02-06:00 OK health label=staging container=odoo-staging
2026-06-06T10:10:02-06:00 OK disk path=/opt/odoo used=23%
2026-06-06T10:10:02-06:00 SUMMARY status=ok
2026-06-06T10:15:02-06:00 OK health label=production container=odoo-production
2026-06-06T10:15:02-06:00 OK health label=staging container=odoo-staging
2026-06-06T10:15:02-06:00 OK disk path=/opt/odoo used=23%
2026-06-06T10:15:02-06:00 SUMMARY status=ok
2026-06-06T10:20:03-06:00 OK health label=production container=odoo-production
2026-06-06T10:20:03-06:00 OK health label=staging container=odoo-staging
2026-06-06T10:20:03-06:00 OK disk path=/opt/odoo used=23%
2026-06-06T10:20:03-06:00 SUMMARY status=ok
2026-06-06T10:25:02-06:00 OK health label=production container=odoo-production
2026-06-06T10:25:02-06:00 OK health label=staging container=odoo-staging
2026-06-06T10:25:02-06:00 OK disk path=/opt/odoo used=23%
2026-06-06T10:25:02-06:00 SUMMARY status=ok
2026-06-06T10:30:01-06:00 OK health label=production container=odoo-production
2026-06-06T10:30:01-06:00 OK health label=staging container=odoo-staging
2026-06-06T10:30:01-06:00 OK disk path=/opt/odoo used=23%
2026-06-06T10:30:01-06:00 SUMMARY status=ok
2026-06-06T10:35:02-06:00 OK health label=production container=odoo-production
2026-06-06T10:35:02-06:00 OK health label=staging container=odoo-staging
2026-06-06T10:35:02-06:00 OK disk path=/opt/odoo used=23%
2026-06-06T10:35:02-06:00 SUMMARY status=ok
2026-06-06T10:40:01-06:00 OK health label=production container=odoo-production
2026-06-06T10:40:01-06:00 OK health label=staging container=odoo-staging
2026-06-06T10:40:01-06:00 OK disk path=/opt/odoo used=23%
2026-06-06T10:40:01-06:00 SUMMARY status=ok
2026-06-06T10:45:02-06:00 OK health label=production container=odoo-production
2026-06-06T10:45:02-06:00 OK health label=staging container=odoo-staging
2026-06-06T10:45:02-06:00 OK disk path=/opt/odoo used=23%
2026-06-06T10:45:02-06:00 SUMMARY status=ok
2026-06-06T10:50:03-06:00 OK health label=production container=odoo-production
2026-06-06T10:50:03-06:00 OK health label=staging container=odoo-staging
2026-06-06T10:50:03-06:00 OK disk path=/opt/odoo used=23%
2026-06-06T10:50:03-06:00 SUMMARY status=ok
2026-06-06T10:55:01-06:00 OK health label=production container=odoo-production
2026-06-06T10:55:01-06:00 OK health label=staging container=odoo-staging
2026-06-06T10:55:01-06:00 OK disk path=/opt/odoo used=23%
2026-06-06T10:55:01-06:00 SUMMARY status=ok
2026-06-06T11:00:02-06:00 OK health label=production container=odoo-production
2026-06-06T11:00:02-06:00 OK health label=staging container=odoo-staging
2026-06-06T11:00:02-06:00 OK disk path=/opt/odoo used=23%
2026-06-06T11:00:02-06:00 SUMMARY status=ok
2026-06-06T11:05:02-06:00 OK health label=production container=odoo-production
2026-06-06T11:05:02-06:00 OK health label=staging container=odoo-staging
2026-06-06T11:05:02-06:00 OK disk path=/opt/odoo used=23%
2026-06-06T11:05:02-06:00 SUMMARY status=ok
2026-06-06T11:10:01-06:00 OK health label=production container=odoo-production
2026-06-06T11:10:01-06:00 OK health label=staging container=odoo-staging
2026-06-06T11:10:01-06:00 OK disk path=/opt/odoo used=23%
2026-06-06T11:10:01-06:00 SUMMARY status=ok
2026-06-06T11:15:02-06:00 OK health label=production container=odoo-production
2026-06-06T11:15:02-06:00 OK health label=staging container=odoo-staging
2026-06-06T11:15:02-06:00 OK disk path=/opt/odoo used=23%
2026-06-06T11:15:02-06:00 SUMMARY status=ok
2026-06-06T11:20:02-06:00 OK health label=production container=odoo-production
2026-06-06T11:20:02-06:00 OK health label=staging container=odoo-staging
2026-06-06T11:20:02-06:00 OK disk path=/opt/odoo used=23%
2026-06-06T11:20:02-06:00 SUMMARY status=ok
2026-06-06T11:25:03-06:00 OK health label=production container=odoo-production
2026-06-06T11:25:03-06:00 OK health label=staging container=odoo-staging
2026-06-06T11:25:03-06:00 OK disk path=/opt/odoo used=23%
2026-06-06T11:25:03-06:00 SUMMARY status=ok
2026-06-06T11:30:02-06:00 OK health label=production container=odoo-production
2026-06-06T11:30:02-06:00 OK health label=staging container=odoo-staging
2026-06-06T11:30:02-06:00 OK disk path=/opt/odoo used=23%
2026-06-06T11:30:02-06:00 SUMMARY status=ok
2026-06-06T11:35:01-06:00 OK health label=production container=odoo-production
2026-06-06T11:35:01-06:00 OK health label=staging container=odoo-staging
2026-06-06T11:35:01-06:00 OK disk path=/opt/odoo used=23%
2026-06-06T11:35:01-06:00 SUMMARY status=ok
2026-06-06T11:40:01-06:00 OK health label=production container=odoo-production
2026-06-06T11:40:01-06:00 OK health label=staging container=odoo-staging
2026-06-06T11:40:01-06:00 OK disk path=/opt/odoo used=23%
2026-06-06T11:40:01-06:00 SUMMARY status=ok
2026-06-06T11:45:01-06:00 OK health label=production container=odoo-production
2026-06-06T11:45:01-06:00 ERROR health_failed label=staging container=odoo-staging
2026-06-06T11:45:01-06:00 OK disk path=/opt/odoo used=23%
2026-06-06T11:45:01-06:00 SUMMARY status=fail errors=1
2026-06-06T11:50:03-06:00 OK health label=production container=odoo-production
2026-06-06T11:50:03-06:00 OK health label=staging container=odoo-staging
2026-06-06T11:50:03-06:00 OK disk path=/opt/odoo used=23%
2026-06-06T11:50:03-06:00 SUMMARY status=ok
2026-06-06T11:55:01-06:00 OK health label=production container=odoo-production
2026-06-06T11:55:01-06:00 OK health label=staging container=odoo-staging
2026-06-06T11:55:01-06:00 OK disk path=/opt/odoo used=23%
2026-06-06T11:55:01-06:00 SUMMARY status=ok
2026-06-06T12:00:03-06:00 OK health label=production container=odoo-production
2026-06-06T12:00:03-06:00 OK health label=staging container=odoo-staging
2026-06-06T12:00:03-06:00 OK disk path=/opt/odoo used=23%
2026-06-06T12:00:03-06:00 SUMMARY status=ok
2026-06-06T12:05:02-06:00 OK health label=production container=odoo-production
2026-06-06T12:05:02-06:00 OK health label=staging container=odoo-staging
2026-06-06T12:05:02-06:00 OK disk path=/opt/odoo used=23%
2026-06-06T12:05:02-06:00 SUMMARY status=ok
2026-06-06T12:10:01-06:00 OK health label=production container=odoo-production
2026-06-06T12:10:01-06:00 OK health label=staging container=odoo-staging
2026-06-06T12:10:01-06:00 OK disk path=/opt/odoo used=23%
2026-06-06T12:10:01-06:00 SUMMARY status=ok
2026-06-06T12:15:02-06:00 ERROR container_not_running name=odoo-staging state=exited
2026-06-06T12:15:02-06:00 OK health label=production container=odoo-production
2026-06-06T12:15:02-06:00 ERROR health_failed label=staging container=odoo-staging
2026-06-06T12:15:02-06:00 OK disk path=/opt/odoo used=23%
2026-06-06T12:15:02-06:00 SUMMARY status=fail errors=2
2026-06-06T12:20:01-06:00 OK health label=production container=odoo-production
2026-06-06T12:20:01-06:00 OK health label=staging container=odoo-staging
2026-06-06T12:20:01-06:00 OK disk path=/opt/odoo used=23%
2026-06-06T12:20:01-06:00 SUMMARY status=ok
2026-06-06T12:25:02-06:00 OK health label=production container=odoo-production
2026-06-06T12:25:02-06:00 OK health label=staging container=odoo-staging
2026-06-06T12:25:02-06:00 OK disk path=/opt/odoo used=23%
2026-06-06T12:25:02-06:00 SUMMARY status=ok
2026-06-06T12:30:02-06:00 OK health label=production container=odoo-production
2026-06-06T12:30:02-06:00 OK health label=staging container=odoo-staging
2026-06-06T12:30:02-06:00 OK disk path=/opt/odoo used=23%
2026-06-06T12:30:02-06:00 SUMMARY status=ok
2026-06-06T12:35:01-06:00 OK health label=production container=odoo-production
2026-06-06T12:35:01-06:00 OK health label=staging container=odoo-staging
2026-06-06T12:35:01-06:00 OK disk path=/opt/odoo used=23%
2026-06-06T12:35:01-06:00 SUMMARY status=ok
2026-06-06T12:40:02-06:00 OK health label=production container=odoo-production
2026-06-06T12:40:02-06:00 OK health label=staging container=odoo-staging
2026-06-06T12:40:02-06:00 OK disk path=/opt/odoo used=23%
2026-06-06T12:40:02-06:00 SUMMARY status=ok
2026-06-06T12:45:03-06:00 OK health label=production container=odoo-production
2026-06-06T12:45:03-06:00 OK health label=staging container=odoo-staging
2026-06-06T12:45:03-06:00 OK disk path=/opt/odoo used=23%
2026-06-06T12:45:03-06:00 SUMMARY status=ok
2026-06-06T12:50:02-06:00 OK health label=production container=odoo-production
2026-06-06T12:50:02-06:00 OK health label=staging container=odoo-staging
2026-06-06T12:50:02-06:00 OK disk path=/opt/odoo used=23%
2026-06-06T12:50:02-06:00 SUMMARY status=ok
2026-06-06T12:55:01-06:00 OK health label=production container=odoo-production
2026-06-06T12:55:01-06:00 OK health label=staging container=odoo-staging
2026-06-06T12:55:01-06:00 OK disk path=/opt/odoo used=23%
2026-06-06T12:55:01-06:00 SUMMARY status=ok
2026-06-06T13:00:03-06:00 OK health label=production container=odoo-production
2026-06-06T13:00:03-06:00 OK health label=staging container=odoo-staging
2026-06-06T13:00:03-06:00 OK disk path=/opt/odoo used=23%
2026-06-06T13:00:03-06:00 SUMMARY status=ok
2026-06-06T13:05:01-06:00 ERROR container_not_running name=odoo-production state=created
2026-06-06T13:05:01-06:00 ERROR health_failed label=production container=odoo-production
2026-06-06T13:05:01-06:00 OK health label=staging container=odoo-staging
2026-06-06T13:05:01-06:00 OK disk path=/opt/odoo used=23%
2026-06-06T13:05:01-06:00 SUMMARY status=fail errors=2
2026-06-06T13:10:02-06:00 OK health label=production container=odoo-production
2026-06-06T13:10:02-06:00 OK health label=staging container=odoo-staging
2026-06-06T13:10:02-06:00 OK disk path=/opt/odoo used=23%
2026-06-06T13:10:02-06:00 SUMMARY status=ok
2026-06-06T13:15:01-06:00 OK health label=production container=odoo-production
2026-06-06T13:15:01-06:00 OK health label=staging container=odoo-staging
2026-06-06T13:15:01-06:00 OK disk path=/opt/odoo used=23%
2026-06-06T13:15:01-06:00 SUMMARY status=ok
2026-06-06T13:20:03-06:00 OK health label=production container=odoo-production
2026-06-06T13:20:03-06:00 OK health label=staging container=odoo-staging
2026-06-06T13:20:03-06:00 OK disk path=/opt/odoo used=23%
2026-06-06T13:20:03-06:00 SUMMARY status=ok
2026-06-06T13:25:02-06:00 OK health label=production container=odoo-production
2026-06-06T13:25:02-06:00 OK health label=staging container=odoo-staging
2026-06-06T13:25:02-06:00 OK disk path=/opt/odoo used=23%
2026-06-06T13:25:02-06:00 SUMMARY status=ok
2026-06-06T13:30:01-06:00 OK health label=production container=odoo-production
2026-06-06T13:30:01-06:00 OK health label=staging container=odoo-staging
2026-06-06T13:30:01-06:00 OK disk path=/opt/odoo used=23%
2026-06-06T13:30:01-06:00 SUMMARY status=ok
2026-06-06T13:35:04-06:00 OK health label=production container=odoo-production
2026-06-06T13:35:04-06:00 OK health label=staging container=odoo-staging
2026-06-06T13:35:04-06:00 OK disk path=/opt/odoo used=23%
2026-06-06T13:35:04-06:00 SUMMARY status=ok
2026-06-06T13:40:02-06:00 OK health label=production container=odoo-production
2026-06-06T13:40:02-06:00 OK health label=staging container=odoo-staging
2026-06-06T13:40:02-06:00 OK disk path=/opt/odoo used=23%
2026-06-06T13:40:02-06:00 SUMMARY status=ok
2026-06-06T13:45:01-06:00 OK health label=production container=odoo-production
2026-06-06T13:45:01-06:00 OK health label=staging container=odoo-staging
2026-06-06T13:45:01-06:00 OK disk path=/opt/odoo used=23%
2026-06-06T13:45:01-06:00 SUMMARY status=ok
2026-06-06T13:50:01-06:00 OK health label=production container=odoo-production
2026-06-06T13:50:01-06:00 OK health label=staging container=odoo-staging
2026-06-06T13:50:01-06:00 OK disk path=/opt/odoo used=23%
2026-06-06T13:50:01-06:00 SUMMARY status=ok
2026-06-06T13:55:01-06:00 OK health label=production container=odoo-production
2026-06-06T13:55:01-06:00 OK health label=staging container=odoo-staging
2026-06-06T13:55:01-06:00 OK disk path=/opt/odoo used=23%
2026-06-06T13:55:01-06:00 SUMMARY status=ok
2026-06-06T14:00:02-06:00 OK health label=production container=odoo-production
2026-06-06T14:00:02-06:00 OK health label=staging container=odoo-staging
2026-06-06T14:00:02-06:00 OK disk path=/opt/odoo used=23%
2026-06-06T14:00:02-06:00 SUMMARY status=ok
2026-06-06T14:05:01-06:00 OK health label=production container=odoo-production
2026-06-06T14:05:01-06:00 OK health label=staging container=odoo-staging
2026-06-06T14:05:01-06:00 OK disk path=/opt/odoo used=23%
2026-06-06T14:05:01-06:00 SUMMARY status=ok
2026-06-06T14:10:01-06:00 OK health label=production container=odoo-production
2026-06-06T14:10:01-06:00 OK health label=staging container=odoo-staging
2026-06-06T14:10:01-06:00 OK disk path=/opt/odoo used=23%
2026-06-06T14:10:01-06:00 SUMMARY status=ok
2026-06-06T14:15:02-06:00 OK health label=production container=odoo-production
2026-06-06T14:15:02-06:00 OK health label=staging container=odoo-staging
2026-06-06T14:15:02-06:00 OK disk path=/opt/odoo used=23%
2026-06-06T14:15:02-06:00 SUMMARY status=ok
2026-06-06T14:20:02-06:00 OK health label=production container=odoo-production
2026-06-06T14:20:02-06:00 OK health label=staging container=odoo-staging
2026-06-06T14:20:02-06:00 OK disk path=/opt/odoo used=23%
2026-06-06T14:20:02-06:00 SUMMARY status=ok
2026-06-06T14:25:02-06:00 OK health label=production container=odoo-production
2026-06-06T14:25:02-06:00 OK health label=staging container=odoo-staging
2026-06-06T14:25:02-06:00 OK disk path=/opt/odoo used=23%
2026-06-06T14:25:02-06:00 SUMMARY status=ok
2026-06-06T14:30:02-06:00 OK health label=production container=odoo-production
2026-06-06T14:30:02-06:00 OK health label=staging container=odoo-staging
2026-06-06T14:30:02-06:00 OK disk path=/opt/odoo used=23%
2026-06-06T14:30:02-06:00 SUMMARY status=ok
2026-06-06T14:35:02-06:00 OK health label=production container=odoo-production
2026-06-06T14:35:02-06:00 OK health label=staging container=odoo-staging
2026-06-06T14:35:02-06:00 OK disk path=/opt/odoo used=23%
2026-06-06T14:35:02-06:00 SUMMARY status=ok
2026-06-06T14:40:01-06:00 OK health label=production container=odoo-production
2026-06-06T14:40:01-06:00 OK health label=staging container=odoo-staging
2026-06-06T14:40:01-06:00 OK disk path=/opt/odoo used=23%
2026-06-06T14:40:01-06:00 SUMMARY status=ok
2026-06-06T14:45:01-06:00 OK health label=production container=odoo-production
2026-06-06T14:45:01-06:00 OK health label=staging container=odoo-staging
2026-06-06T14:45:01-06:00 OK disk path=/opt/odoo used=23%
2026-06-06T14:45:01-06:00 SUMMARY status=ok
2026-06-06T14:50:02-06:00 OK health label=production container=odoo-production
2026-06-06T14:50:02-06:00 OK health label=staging container=odoo-staging
2026-06-06T14:50:02-06:00 OK disk path=/opt/odoo used=23%
2026-06-06T14:50:02-06:00 SUMMARY status=ok
2026-06-06T14:55:01-06:00 OK health label=production container=odoo-production
2026-06-06T14:55:01-06:00 OK health label=staging container=odoo-staging
2026-06-06T14:55:01-06:00 OK disk path=/opt/odoo used=23%
2026-06-06T14:55:01-06:00 SUMMARY status=ok
2026-06-06T15:00:03-06:00 OK health label=production container=odoo-production
2026-06-06T15:00:03-06:00 OK health label=staging container=odoo-staging
2026-06-06T15:00:03-06:00 OK disk path=/opt/odoo used=23%
2026-06-06T15:00:03-06:00 SUMMARY status=ok
2026-06-06T15:05:02-06:00 OK health label=production container=odoo-production
2026-06-06T15:05:02-06:00 OK health label=staging container=odoo-staging
2026-06-06T15:05:02-06:00 OK disk path=/opt/odoo used=23%
2026-06-06T15:05:02-06:00 SUMMARY status=ok
2026-06-06T15:10:01-06:00 OK health label=production container=odoo-production
2026-06-06T15:10:01-06:00 OK health label=staging container=odoo-staging
2026-06-06T15:10:01-06:00 OK disk path=/opt/odoo used=23%
2026-06-06T15:10:01-06:00 SUMMARY status=ok
2026-06-06T15:15:01-06:00 OK health label=production container=odoo-production
2026-06-06T15:15:01-06:00 OK health label=staging container=odoo-staging
2026-06-06T15:15:01-06:00 OK disk path=/opt/odoo used=23%
2026-06-06T15:15:01-06:00 SUMMARY status=ok
2026-06-06T15:20:02-06:00 OK health label=production container=odoo-production
2026-06-06T15:20:02-06:00 OK health label=staging container=odoo-staging
2026-06-06T15:20:02-06:00 OK disk path=/opt/odoo used=23%
2026-06-06T15:20:02-06:00 SUMMARY status=ok
2026-06-06T15:25:02-06:00 OK health label=production container=odoo-production
2026-06-06T15:25:02-06:00 OK health label=staging container=odoo-staging
2026-06-06T15:25:02-06:00 OK disk path=/opt/odoo used=23%
2026-06-06T15:25:02-06:00 SUMMARY status=ok
2026-06-06T15:30:02-06:00 OK health label=production container=odoo-production
2026-06-06T15:30:02-06:00 OK health label=staging container=odoo-staging
2026-06-06T15:30:02-06:00 OK disk path=/opt/odoo used=23%
2026-06-06T15:30:02-06:00 SUMMARY status=ok
2026-06-06T15:35:01-06:00 OK health label=production container=odoo-production
2026-06-06T15:35:01-06:00 OK health label=staging container=odoo-staging
2026-06-06T15:35:01-06:00 OK disk path=/opt/odoo used=23%
2026-06-06T15:35:01-06:00 SUMMARY status=ok
2026-06-06T15:40:02-06:00 OK health label=production container=odoo-production
2026-06-06T15:40:02-06:00 OK health label=staging container=odoo-staging
2026-06-06T15:40:02-06:00 OK disk path=/opt/odoo used=23%
2026-06-06T15:40:02-06:00 SUMMARY status=ok
2026-06-06T15:45:01-06:00 OK health label=production container=odoo-production
2026-06-06T15:45:01-06:00 OK health label=staging container=odoo-staging
2026-06-06T15:45:01-06:00 OK disk path=/opt/odoo used=23%
2026-06-06T15:45:01-06:00 SUMMARY status=ok
2026-06-06T15:50:01-06:00 OK health label=production container=odoo-production
2026-06-06T15:50:01-06:00 OK health label=staging container=odoo-staging
2026-06-06T15:50:01-06:00 OK disk path=/opt/odoo used=23%
2026-06-06T15:50:01-06:00 SUMMARY status=ok
2026-06-06T15:55:01-06:00 OK health label=production container=odoo-production
2026-06-06T15:55:01-06:00 OK health label=staging container=odoo-staging
2026-06-06T15:55:01-06:00 OK disk path=/opt/odoo used=23%
2026-06-06T15:55:01-06:00 SUMMARY status=ok
2026-06-06T16:00:02-06:00 OK health label=production container=odoo-production
2026-06-06T16:00:02-06:00 OK health label=staging container=odoo-staging
2026-06-06T16:00:02-06:00 OK disk path=/opt/odoo used=23%
2026-06-06T16:00:02-06:00 SUMMARY status=ok
2026-06-06T16:05:01-06:00 OK health label=production container=odoo-production
2026-06-06T16:05:01-06:00 OK health label=staging container=odoo-staging
2026-06-06T16:05:01-06:00 OK disk path=/opt/odoo used=23%
2026-06-06T16:05:01-06:00 SUMMARY status=ok
2026-06-06T16:10:02-06:00 OK health label=production container=odoo-production
2026-06-06T16:10:02-06:00 OK health label=staging container=odoo-staging
2026-06-06T16:10:02-06:00 OK disk path=/opt/odoo used=23%
2026-06-06T16:10:02-06:00 SUMMARY status=ok
2026-06-06T16:15:02-06:00 OK health label=production container=odoo-production
2026-06-06T16:15:02-06:00 OK health label=staging container=odoo-staging
2026-06-06T16:15:02-06:00 OK disk path=/opt/odoo used=23%
2026-06-06T16:15:02-06:00 SUMMARY status=ok
2026-06-06T16:20:01-06:00 OK health label=production container=odoo-production
2026-06-06T16:20:01-06:00 OK health label=staging container=odoo-staging
2026-06-06T16:20:01-06:00 OK disk path=/opt/odoo used=23%
2026-06-06T16:20:01-06:00 SUMMARY status=ok
2026-06-06T16:25:01-06:00 OK health label=production container=odoo-production
2026-06-06T16:25:01-06:00 OK health label=staging container=odoo-staging
2026-06-06T16:25:01-06:00 OK disk path=/opt/odoo used=23%
2026-06-06T16:25:01-06:00 SUMMARY status=ok
2026-06-06T16:30:02-06:00 OK health label=production container=odoo-production
2026-06-06T16:30:02-06:00 OK health label=staging container=odoo-staging
2026-06-06T16:30:02-06:00 OK disk path=/opt/odoo used=23%
2026-06-06T16:30:02-06:00 SUMMARY status=ok
2026-06-06T16:35:01-06:00 OK health label=production container=odoo-production
2026-06-06T16:35:01-06:00 OK health label=staging container=odoo-staging
2026-06-06T16:35:01-06:00 OK disk path=/opt/odoo used=23%
2026-06-06T16:35:01-06:00 SUMMARY status=ok
2026-06-06T16:40:01-06:00 OK health label=production container=odoo-production
2026-06-06T16:40:01-06:00 OK health label=staging container=odoo-staging
2026-06-06T16:40:01-06:00 OK disk path=/opt/odoo used=23%
2026-06-06T16:40:01-06:00 SUMMARY status=ok
2026-06-06T16:45:02-06:00 OK health label=production container=odoo-production
2026-06-06T16:45:02-06:00 OK health label=staging container=odoo-staging
2026-06-06T16:45:02-06:00 OK disk path=/opt/odoo used=23%
2026-06-06T16:45:02-06:00 SUMMARY status=ok
2026-06-06T16:50:01-06:00 OK health label=production container=odoo-production
2026-06-06T16:50:01-06:00 OK health label=staging container=odoo-staging
2026-06-06T16:50:01-06:00 OK disk path=/opt/odoo used=23%
2026-06-06T16:50:01-06:00 SUMMARY status=ok
2026-06-06T16:55:01-06:00 OK health label=production container=odoo-production
2026-06-06T16:55:01-06:00 OK health label=staging container=odoo-staging
2026-06-06T16:55:01-06:00 OK disk path=/opt/odoo used=23%
2026-06-06T16:55:01-06:00 SUMMARY status=ok
2026-06-06T17:00:02-06:00 OK health label=production container=odoo-production
2026-06-06T17:00:02-06:00 OK health label=staging container=odoo-staging
2026-06-06T17:00:02-06:00 OK disk path=/opt/odoo used=23%
2026-06-06T17:00:02-06:00 SUMMARY status=ok
2026-06-06T17:05:03-06:00 OK health label=production container=odoo-production
2026-06-06T17:05:03-06:00 OK health label=staging container=odoo-staging
2026-06-06T17:05:03-06:00 OK disk path=/opt/odoo used=23%
2026-06-06T17:05:03-06:00 SUMMARY status=ok
2026-06-06T17:10:02-06:00 OK health label=production container=odoo-production
2026-06-06T17:10:02-06:00 OK health label=staging container=odoo-staging
2026-06-06T17:10:02-06:00 OK disk path=/opt/odoo used=23%
2026-06-06T17:10:02-06:00 SUMMARY status=ok
2026-06-06T17:15:01-06:00 OK health label=production container=odoo-production
2026-06-06T17:15:01-06:00 OK health label=staging container=odoo-staging
2026-06-06T17:15:01-06:00 OK disk path=/opt/odoo used=23%
2026-06-06T17:15:01-06:00 SUMMARY status=ok
2026-06-06T17:20:01-06:00 OK health label=production container=odoo-production
2026-06-06T17:20:01-06:00 OK health label=staging container=odoo-staging
2026-06-06T17:20:01-06:00 OK disk path=/opt/odoo used=23%
2026-06-06T17:20:01-06:00 SUMMARY status=ok
2026-06-06T17:25:02-06:00 OK health label=production container=odoo-production
2026-06-06T17:25:02-06:00 OK health label=staging container=odoo-staging
2026-06-06T17:25:02-06:00 OK disk path=/opt/odoo used=23%
2026-06-06T17:25:02-06:00 SUMMARY status=ok
2026-06-06T17:30:02-06:00 OK health label=production container=odoo-production
2026-06-06T17:30:02-06:00 OK health label=staging container=odoo-staging
2026-06-06T17:30:02-06:00 OK disk path=/opt/odoo used=23%
2026-06-06T17:30:02-06:00 SUMMARY status=ok
2026-06-06T17:35:02-06:00 OK health label=production container=odoo-production
2026-06-06T17:35:02-06:00 OK health label=staging container=odoo-staging
2026-06-06T17:35:02-06:00 OK disk path=/opt/odoo used=23%
2026-06-06T17:35:02-06:00 SUMMARY status=ok
2026-06-06T17:40:02-06:00 OK health label=production container=odoo-production
2026-06-06T17:40:02-06:00 OK health label=staging container=odoo-staging
2026-06-06T17:40:02-06:00 OK disk path=/opt/odoo used=23%
2026-06-06T17:40:02-06:00 SUMMARY status=ok
2026-06-06T17:45:01-06:00 OK health label=production container=odoo-production
2026-06-06T17:45:01-06:00 OK health label=staging container=odoo-staging
2026-06-06T17:45:01-06:00 OK disk path=/opt/odoo used=23%
2026-06-06T17:45:01-06:00 SUMMARY status=ok
2026-06-06T17:50:01-06:00 OK health label=production container=odoo-production
2026-06-06T17:50:01-06:00 OK health label=staging container=odoo-staging
2026-06-06T17:50:01-06:00 OK disk path=/opt/odoo used=23%
2026-06-06T17:50:01-06:00 SUMMARY status=ok
2026-06-06T17:55:02-06:00 OK health label=production container=odoo-production
2026-06-06T17:55:02-06:00 OK health label=staging container=odoo-staging
2026-06-06T17:55:02-06:00 OK disk path=/opt/odoo used=23%
2026-06-06T17:55:02-06:00 SUMMARY status=ok
2026-06-06T18:00:02-06:00 OK health label=production container=odoo-production
2026-06-06T18:00:02-06:00 OK health label=staging container=odoo-staging
2026-06-06T18:00:02-06:00 OK disk path=/opt/odoo used=23%
2026-06-06T18:00:02-06:00 SUMMARY status=ok
2026-06-06T18:05:02-06:00 OK health label=production container=odoo-production
2026-06-06T18:05:02-06:00 OK health label=staging container=odoo-staging
2026-06-06T18:05:02-06:00 OK disk path=/opt/odoo used=23%
2026-06-06T18:05:02-06:00 SUMMARY status=ok
2026-06-06T18:10:01-06:00 OK health label=production container=odoo-production
2026-06-06T18:10:01-06:00 OK health label=staging container=odoo-staging
2026-06-06T18:10:01-06:00 OK disk path=/opt/odoo used=23%
2026-06-06T18:10:01-06:00 SUMMARY status=ok
2026-06-06T18:15:01-06:00 OK health label=production container=odoo-production
2026-06-06T18:15:01-06:00 OK health label=staging container=odoo-staging
2026-06-06T18:15:01-06:00 OK disk path=/opt/odoo used=23%
2026-06-06T18:15:01-06:00 SUMMARY status=ok
2026-06-06T18:20:02-06:00 OK health label=production container=odoo-production
2026-06-06T18:20:02-06:00 OK health label=staging container=odoo-staging
2026-06-06T18:20:02-06:00 OK disk path=/opt/odoo used=23%
2026-06-06T18:20:02-06:00 SUMMARY status=ok
2026-06-06T18:25:01-06:00 OK health label=production container=odoo-production
2026-06-06T18:25:01-06:00 OK health label=staging container=odoo-staging
2026-06-06T18:25:01-06:00 OK disk path=/opt/odoo used=23%
2026-06-06T18:25:01-06:00 SUMMARY status=ok
2026-06-06T18:30:01-06:00 OK health label=production container=odoo-production
2026-06-06T18:30:01-06:00 OK health label=staging container=odoo-staging
2026-06-06T18:30:01-06:00 OK disk path=/opt/odoo used=23%
2026-06-06T18:30:01-06:00 SUMMARY status=ok
2026-06-06T18:35:01-06:00 OK health label=production container=odoo-production
2026-06-06T18:35:01-06:00 OK health label=staging container=odoo-staging
2026-06-06T18:35:01-06:00 OK disk path=/opt/odoo used=23%
2026-06-06T18:35:01-06:00 SUMMARY status=ok
2026-06-06T18:40:01-06:00 OK health label=production container=odoo-production
2026-06-06T18:40:01-06:00 OK health label=staging container=odoo-staging
2026-06-06T18:40:01-06:00 OK disk path=/opt/odoo used=23%
2026-06-06T18:40:01-06:00 SUMMARY status=ok
2026-06-06T18:45:02-06:00 OK health label=production container=odoo-production
2026-06-06T18:45:02-06:00 OK health label=staging container=odoo-staging
2026-06-06T18:45:02-06:00 OK disk path=/opt/odoo used=23%
2026-06-06T18:45:02-06:00 SUMMARY status=ok
2026-06-06T18:50:01-06:00 OK health label=production container=odoo-production
2026-06-06T18:50:01-06:00 OK health label=staging container=odoo-staging
2026-06-06T18:50:01-06:00 OK disk path=/opt/odoo used=23%
2026-06-06T18:50:01-06:00 SUMMARY status=ok
2026-06-06T18:55:02-06:00 OK health label=production container=odoo-production
2026-06-06T18:55:02-06:00 OK health label=staging container=odoo-staging
2026-06-06T18:55:02-06:00 OK disk path=/opt/odoo used=23%
2026-06-06T18:55:02-06:00 SUMMARY status=ok
2026-06-06T19:00:01-06:00 OK health label=production container=odoo-production
2026-06-06T19:00:01-06:00 OK health label=staging container=odoo-staging
2026-06-06T19:00:01-06:00 OK disk path=/opt/odoo used=23%
2026-06-06T19:00:01-06:00 SUMMARY status=ok
2026-06-06T19:05:02-06:00 OK health label=production container=odoo-production
2026-06-06T19:05:02-06:00 OK health label=staging container=odoo-staging
2026-06-06T19:05:02-06:00 OK disk path=/opt/odoo used=23%
2026-06-06T19:05:02-06:00 SUMMARY status=ok
2026-06-06T19:10:02-06:00 OK health label=production container=odoo-production
2026-06-06T19:10:02-06:00 OK health label=staging container=odoo-staging
2026-06-06T19:10:02-06:00 OK disk path=/opt/odoo used=23%
2026-06-06T19:10:02-06:00 SUMMARY status=ok
2026-06-06T19:15:01-06:00 OK health label=production container=odoo-production
2026-06-06T19:15:01-06:00 OK health label=staging container=odoo-staging
2026-06-06T19:15:01-06:00 OK disk path=/opt/odoo used=23%
2026-06-06T19:15:01-06:00 SUMMARY status=ok
2026-06-06T19:20:03-06:00 OK health label=production container=odoo-production
2026-06-06T19:20:03-06:00 OK health label=staging container=odoo-staging
2026-06-06T19:20:03-06:00 OK disk path=/opt/odoo used=23%
2026-06-06T19:20:03-06:00 SUMMARY status=ok
2026-06-06T19:25:02-06:00 OK health label=production container=odoo-production
2026-06-06T19:25:02-06:00 OK health label=staging container=odoo-staging
2026-06-06T19:25:02-06:00 OK disk path=/opt/odoo used=23%
2026-06-06T19:25:02-06:00 SUMMARY status=ok
2026-06-06T19:30:01-06:00 OK health label=production container=odoo-production
2026-06-06T19:30:01-06:00 OK health label=staging container=odoo-staging
2026-06-06T19:30:01-06:00 OK disk path=/opt/odoo used=23%
2026-06-06T19:30:01-06:00 SUMMARY status=ok
2026-06-06T19:35:02-06:00 OK health label=production container=odoo-production
2026-06-06T19:35:02-06:00 OK health label=staging container=odoo-staging
2026-06-06T19:35:02-06:00 OK disk path=/opt/odoo used=23%
2026-06-06T19:35:02-06:00 SUMMARY status=ok
2026-06-06T19:40:01-06:00 OK health label=production container=odoo-production
2026-06-06T19:40:01-06:00 OK health label=staging container=odoo-staging
2026-06-06T19:40:01-06:00 OK disk path=/opt/odoo used=23%
2026-06-06T19:40:01-06:00 SUMMARY status=ok
2026-06-06T19:45:02-06:00 OK health label=production container=odoo-production
2026-06-06T19:45:02-06:00 OK health label=staging container=odoo-staging
2026-06-06T19:45:02-06:00 OK disk path=/opt/odoo used=23%
2026-06-06T19:45:02-06:00 SUMMARY status=ok
2026-06-06T19:50:01-06:00 OK health label=production container=odoo-production
2026-06-06T19:50:01-06:00 OK health label=staging container=odoo-staging
2026-06-06T19:50:01-06:00 OK disk path=/opt/odoo used=23%
2026-06-06T19:50:01-06:00 SUMMARY status=ok
2026-06-06T19:55:01-06:00 OK health label=production container=odoo-production
2026-06-06T19:55:01-06:00 OK health label=staging container=odoo-staging
2026-06-06T19:55:01-06:00 OK disk path=/opt/odoo used=23%
2026-06-06T19:55:01-06:00 SUMMARY status=ok
2026-06-06T20:00:01-06:00 OK health label=production container=odoo-production
2026-06-06T20:00:01-06:00 OK health label=staging container=odoo-staging
2026-06-06T20:00:01-06:00 OK disk path=/opt/odoo used=23%
2026-06-06T20:00:01-06:00 SUMMARY status=ok
2026-06-06T20:05:02-06:00 OK health label=production container=odoo-production
2026-06-06T20:05:02-06:00 OK health label=staging container=odoo-staging
2026-06-06T20:05:02-06:00 OK disk path=/opt/odoo used=23%
2026-06-06T20:05:02-06:00 SUMMARY status=ok
2026-06-06T20:10:03-06:00 OK health label=production container=odoo-production
2026-06-06T20:10:03-06:00 OK health label=staging container=odoo-staging
2026-06-06T20:10:03-06:00 OK disk path=/opt/odoo used=23%
2026-06-06T20:10:03-06:00 SUMMARY status=ok
2026-06-06T20:15:02-06:00 OK health label=production container=odoo-production
2026-06-06T20:15:02-06:00 OK health label=staging container=odoo-staging
2026-06-06T20:15:02-06:00 OK disk path=/opt/odoo used=23%
2026-06-06T20:15:02-06:00 SUMMARY status=ok
2026-06-06T20:20:02-06:00 OK health label=production container=odoo-production
2026-06-06T20:20:02-06:00 OK health label=staging container=odoo-staging
2026-06-06T20:20:02-06:00 OK disk path=/opt/odoo used=23%
2026-06-06T20:20:02-06:00 SUMMARY status=ok
2026-06-06T20:25:02-06:00 OK health label=production container=odoo-production
2026-06-06T20:25:02-06:00 OK health label=staging container=odoo-staging
2026-06-06T20:25:02-06:00 OK disk path=/opt/odoo used=23%
2026-06-06T20:25:02-06:00 SUMMARY status=ok
2026-06-06T20:30:01-06:00 OK health label=production container=odoo-production
2026-06-06T20:30:01-06:00 OK health label=staging container=odoo-staging
2026-06-06T20:30:01-06:00 OK disk path=/opt/odoo used=23%
2026-06-06T20:30:01-06:00 SUMMARY status=ok
2026-06-06T20:35:02-06:00 OK health label=production container=odoo-production
2026-06-06T20:35:02-06:00 OK health label=staging container=odoo-staging
2026-06-06T20:35:02-06:00 OK disk path=/opt/odoo used=23%
2026-06-06T20:35:02-06:00 SUMMARY status=ok
2026-06-06T20:40:02-06:00 OK health label=production container=odoo-production
2026-06-06T20:40:02-06:00 OK health label=staging container=odoo-staging
2026-06-06T20:40:02-06:00 OK disk path=/opt/odoo used=23%
2026-06-06T20:40:02-06:00 SUMMARY status=ok
2026-06-06T20:45:02-06:00 OK health label=production container=odoo-production
2026-06-06T20:45:02-06:00 OK health label=staging container=odoo-staging
2026-06-06T20:45:02-06:00 OK disk path=/opt/odoo used=23%
2026-06-06T20:45:02-06:00 SUMMARY status=ok
2026-06-06T20:50:02-06:00 OK health label=production container=odoo-production
2026-06-06T20:50:02-06:00 OK health label=staging container=odoo-staging
2026-06-06T20:50:02-06:00 OK disk path=/opt/odoo used=23%
2026-06-06T20:50:02-06:00 SUMMARY status=ok
2026-06-06T20:55:01-06:00 OK health label=production container=odoo-production
2026-06-06T20:55:01-06:00 OK health label=staging container=odoo-staging
2026-06-06T20:55:01-06:00 OK disk path=/opt/odoo used=23%
2026-06-06T20:55:01-06:00 SUMMARY status=ok
2026-06-06T21:00:01-06:00 OK health label=production container=odoo-production
2026-06-06T21:00:01-06:00 OK health label=staging container=odoo-staging
2026-06-06T21:00:01-06:00 OK disk path=/opt/odoo used=23%
2026-06-06T21:00:01-06:00 SUMMARY status=ok
2026-06-06T21:05:02-06:00 OK health label=production container=odoo-production
2026-06-06T21:05:02-06:00 OK health label=staging container=odoo-staging
2026-06-06T21:05:02-06:00 OK disk path=/opt/odoo used=23%
2026-06-06T21:05:02-06:00 SUMMARY status=ok
2026-06-06T21:10:01-06:00 OK health label=production container=odoo-production
2026-06-06T21:10:01-06:00 OK health label=staging container=odoo-staging
2026-06-06T21:10:01-06:00 OK disk path=/opt/odoo used=23%
2026-06-06T21:10:01-06:00 SUMMARY status=ok
2026-06-06T21:15:03-06:00 OK health label=production container=odoo-production
2026-06-06T21:15:03-06:00 OK health label=staging container=odoo-staging
2026-06-06T21:15:03-06:00 OK disk path=/opt/odoo used=23%
2026-06-06T21:15:03-06:00 SUMMARY status=ok
2026-06-06T21:20:01-06:00 OK health label=production container=odoo-production
2026-06-06T21:20:01-06:00 OK health label=staging container=odoo-staging
2026-06-06T21:20:01-06:00 OK disk path=/opt/odoo used=23%
2026-06-06T21:20:01-06:00 SUMMARY status=ok
2026-06-06T21:25:01-06:00 OK health label=production container=odoo-production
2026-06-06T21:25:01-06:00 OK health label=staging container=odoo-staging
2026-06-06T21:25:01-06:00 OK disk path=/opt/odoo used=23%
2026-06-06T21:25:01-06:00 SUMMARY status=ok
2026-06-06T21:30:02-06:00 OK health label=production container=odoo-production
2026-06-06T21:30:02-06:00 OK health label=staging container=odoo-staging
2026-06-06T21:30:02-06:00 OK disk path=/opt/odoo used=23%
2026-06-06T21:30:02-06:00 SUMMARY status=ok
2026-06-06T21:35:01-06:00 OK health label=production container=odoo-production
2026-06-06T21:35:01-06:00 OK health label=staging container=odoo-staging
2026-06-06T21:35:01-06:00 OK disk path=/opt/odoo used=23%
2026-06-06T21:35:01-06:00 SUMMARY status=ok
2026-06-06T21:40:02-06:00 OK health label=production container=odoo-production
2026-06-06T21:40:02-06:00 OK health label=staging container=odoo-staging
2026-06-06T21:40:02-06:00 OK disk path=/opt/odoo used=23%
2026-06-06T21:40:02-06:00 SUMMARY status=ok
2026-06-06T21:45:02-06:00 OK health label=production container=odoo-production
2026-06-06T21:45:02-06:00 OK health label=staging container=odoo-staging
2026-06-06T21:45:02-06:00 OK disk path=/opt/odoo used=23%
2026-06-06T21:45:02-06:00 SUMMARY status=ok
2026-06-06T21:50:01-06:00 OK health label=production container=odoo-production
2026-06-06T21:50:01-06:00 OK health label=staging container=odoo-staging
2026-06-06T21:50:01-06:00 OK disk path=/opt/odoo used=23%
2026-06-06T21:50:01-06:00 SUMMARY status=ok
2026-06-06T21:55:02-06:00 OK health label=production container=odoo-production
2026-06-06T21:55:02-06:00 OK health label=staging container=odoo-staging
2026-06-06T21:55:02-06:00 OK disk path=/opt/odoo used=23%
2026-06-06T21:55:02-06:00 SUMMARY status=ok
2026-06-06T22:00:03-06:00 OK health label=production container=odoo-production
2026-06-06T22:00:03-06:00 OK health label=staging container=odoo-staging
2026-06-06T22:00:03-06:00 OK disk path=/opt/odoo used=23%
2026-06-06T22:00:03-06:00 SUMMARY status=ok
2026-06-06T22:05:02-06:00 OK health label=production container=odoo-production
2026-06-06T22:05:02-06:00 OK health label=staging container=odoo-staging
2026-06-06T22:05:02-06:00 OK disk path=/opt/odoo used=23%
2026-06-06T22:05:02-06:00 SUMMARY status=ok
2026-06-06T22:10:02-06:00 OK health label=production container=odoo-production
2026-06-06T22:10:02-06:00 OK health label=staging container=odoo-staging
2026-06-06T22:10:02-06:00 OK disk path=/opt/odoo used=23%
2026-06-06T22:10:02-06:00 SUMMARY status=ok
2026-06-06T22:15:01-06:00 OK health label=production container=odoo-production
2026-06-06T22:15:01-06:00 OK health label=staging container=odoo-staging
2026-06-06T22:15:01-06:00 OK disk path=/opt/odoo used=23%
2026-06-06T22:15:01-06:00 SUMMARY status=ok
2026-06-06T22:20:02-06:00 OK health label=production container=odoo-production
2026-06-06T22:20:02-06:00 OK health label=staging container=odoo-staging
2026-06-06T22:20:02-06:00 OK disk path=/opt/odoo used=23%
2026-06-06T22:20:02-06:00 SUMMARY status=ok
2026-06-06T22:25:01-06:00 OK health label=production container=odoo-production
2026-06-06T22:25:01-06:00 OK health label=staging container=odoo-staging
2026-06-06T22:25:01-06:00 OK disk path=/opt/odoo used=23%
2026-06-06T22:25:01-06:00 SUMMARY status=ok
2026-06-06T22:30:01-06:00 OK health label=production container=odoo-production
2026-06-06T22:30:01-06:00 OK health label=staging container=odoo-staging
2026-06-06T22:30:01-06:00 OK disk path=/opt/odoo used=23%
2026-06-06T22:30:01-06:00 SUMMARY status=ok
2026-06-06T22:35:02-06:00 OK health label=production container=odoo-production
2026-06-06T22:35:02-06:00 OK health label=staging container=odoo-staging
2026-06-06T22:35:02-06:00 OK disk path=/opt/odoo used=23%
2026-06-06T22:35:02-06:00 SUMMARY status=ok
2026-06-06T22:40:02-06:00 OK health label=production container=odoo-production
2026-06-06T22:40:02-06:00 OK health label=staging container=odoo-staging
2026-06-06T22:40:02-06:00 OK disk path=/opt/odoo used=23%
2026-06-06T22:40:02-06:00 SUMMARY status=ok
2026-06-06T22:45:01-06:00 OK health label=production container=odoo-production
2026-06-06T22:45:01-06:00 OK health label=staging container=odoo-staging
2026-06-06T22:45:01-06:00 OK disk path=/opt/odoo used=23%
2026-06-06T22:45:01-06:00 SUMMARY status=ok
2026-06-06T22:50:01-06:00 OK health label=production container=odoo-production
2026-06-06T22:50:01-06:00 OK health label=staging container=odoo-staging
2026-06-06T22:50:01-06:00 OK disk path=/opt/odoo used=23%
2026-06-06T22:50:01-06:00 SUMMARY status=ok
2026-06-06T22:55:02-06:00 OK health label=production container=odoo-production
2026-06-06T22:55:02-06:00 OK health label=staging container=odoo-staging
2026-06-06T22:55:02-06:00 OK disk path=/opt/odoo used=23%
2026-06-06T22:55:02-06:00 SUMMARY status=ok
2026-06-06T23:00:01-06:00 OK health label=production container=odoo-production
2026-06-06T23:00:01-06:00 OK health label=staging container=odoo-staging
2026-06-06T23:00:01-06:00 OK disk path=/opt/odoo used=23%
2026-06-06T23:00:01-06:00 SUMMARY status=ok
2026-06-06T23:05:02-06:00 OK health label=production container=odoo-production
2026-06-06T23:05:02-06:00 OK health label=staging container=odoo-staging
2026-06-06T23:05:02-06:00 OK disk path=/opt/odoo used=23%
2026-06-06T23:05:02-06:00 SUMMARY status=ok
2026-06-06T23:10:01-06:00 OK health label=production container=odoo-production
2026-06-06T23:10:01-06:00 OK health label=staging container=odoo-staging
2026-06-06T23:10:01-06:00 OK disk path=/opt/odoo used=23%
2026-06-06T23:10:01-06:00 SUMMARY status=ok
2026-06-06T23:15:02-06:00 OK health label=production container=odoo-production
2026-06-06T23:15:02-06:00 OK health label=staging container=odoo-staging
2026-06-06T23:15:02-06:00 OK disk path=/opt/odoo used=23%
2026-06-06T23:15:02-06:00 SUMMARY status=ok
2026-06-06T23:20:02-06:00 OK health label=production container=odoo-production
2026-06-06T23:20:02-06:00 OK health label=staging container=odoo-staging
2026-06-06T23:20:02-06:00 OK disk path=/opt/odoo used=23%
2026-06-06T23:20:02-06:00 SUMMARY status=ok
2026-06-06T23:25:01-06:00 OK health label=production container=odoo-production
2026-06-06T23:25:01-06:00 OK health label=staging container=odoo-staging
2026-06-06T23:25:01-06:00 OK disk path=/opt/odoo used=23%
2026-06-06T23:25:01-06:00 SUMMARY status=ok
2026-06-06T23:30:01-06:00 OK health label=production container=odoo-production
2026-06-06T23:30:01-06:00 OK health label=staging container=odoo-staging
2026-06-06T23:30:01-06:00 OK disk path=/opt/odoo used=23%
2026-06-06T23:30:01-06:00 SUMMARY status=ok
2026-06-06T23:35:01-06:00 OK health label=production container=odoo-production
2026-06-06T23:35:01-06:00 OK health label=staging container=odoo-staging
2026-06-06T23:35:01-06:00 OK disk path=/opt/odoo used=23%
2026-06-06T23:35:01-06:00 SUMMARY status=ok
2026-06-06T23:40:01-06:00 OK health label=production container=odoo-production
2026-06-06T23:40:01-06:00 OK health label=staging container=odoo-staging
2026-06-06T23:40:01-06:00 OK disk path=/opt/odoo used=23%
2026-06-06T23:40:01-06:00 SUMMARY status=ok
2026-06-06T23:45:01-06:00 OK health label=production container=odoo-production
2026-06-06T23:45:01-06:00 OK health label=staging container=odoo-staging
2026-06-06T23:45:01-06:00 OK disk path=/opt/odoo used=23%
2026-06-06T23:45:01-06:00 SUMMARY status=ok
2026-06-06T23:50:02-06:00 OK health label=production container=odoo-production
2026-06-06T23:50:02-06:00 OK health label=staging container=odoo-staging
2026-06-06T23:50:02-06:00 OK disk path=/opt/odoo used=23%
2026-06-06T23:50:02-06:00 SUMMARY status=ok
2026-06-06T23:55:01-06:00 OK health label=production container=odoo-production
2026-06-06T23:55:01-06:00 OK health label=staging container=odoo-staging
2026-06-06T23:55:01-06:00 OK disk path=/opt/odoo used=23%
2026-06-06T23:55:01-06:00 SUMMARY status=ok
2026-06-07T00:00:04-06:00 OK health label=production container=odoo-production
2026-06-07T00:00:04-06:00 OK health label=staging container=odoo-staging
2026-06-07T00:00:04-06:00 OK disk path=/opt/odoo used=23%
2026-06-07T00:00:04-06:00 SUMMARY status=ok
2026-06-07T00:05:01-06:00 OK health label=production container=odoo-production
2026-06-07T00:05:01-06:00 OK health label=staging container=odoo-staging
2026-06-07T00:05:01-06:00 OK disk path=/opt/odoo used=23%
2026-06-07T00:05:01-06:00 SUMMARY status=ok
2026-06-07T00:10:02-06:00 OK health label=production container=odoo-production
2026-06-07T00:10:02-06:00 OK health label=staging container=odoo-staging
2026-06-07T00:10:02-06:00 OK disk path=/opt/odoo used=23%
2026-06-07T00:10:02-06:00 SUMMARY status=ok
2026-06-07T00:15:01-06:00 OK health label=production container=odoo-production
2026-06-07T00:15:01-06:00 OK health label=staging container=odoo-staging
2026-06-07T00:15:01-06:00 OK disk path=/opt/odoo used=23%
2026-06-07T00:15:01-06:00 SUMMARY status=ok
2026-06-07T00:20:02-06:00 OK health label=production container=odoo-production
2026-06-07T00:20:02-06:00 OK health label=staging container=odoo-staging
2026-06-07T00:20:02-06:00 OK disk path=/opt/odoo used=23%
2026-06-07T00:20:02-06:00 SUMMARY status=ok
2026-06-07T00:25:02-06:00 OK health label=production container=odoo-production
2026-06-07T00:25:02-06:00 OK health label=staging container=odoo-staging
2026-06-07T00:25:02-06:00 OK disk path=/opt/odoo used=23%
2026-06-07T00:25:02-06:00 SUMMARY status=ok
2026-06-07T00:30:01-06:00 OK health label=production container=odoo-production
2026-06-07T00:30:01-06:00 OK health label=staging container=odoo-staging
2026-06-07T00:30:01-06:00 OK disk path=/opt/odoo used=23%
2026-06-07T00:30:01-06:00 SUMMARY status=ok
2026-06-07T00:35:01-06:00 OK health label=production container=odoo-production
2026-06-07T00:35:01-06:00 OK health label=staging container=odoo-staging
2026-06-07T00:35:01-06:00 OK disk path=/opt/odoo used=23%
2026-06-07T00:35:01-06:00 SUMMARY status=ok
2026-06-07T00:40:01-06:00 OK health label=production container=odoo-production
2026-06-07T00:40:01-06:00 OK health label=staging container=odoo-staging
2026-06-07T00:40:01-06:00 OK disk path=/opt/odoo used=23%
2026-06-07T00:40:01-06:00 SUMMARY status=ok
2026-06-07T00:45:01-06:00 OK health label=production container=odoo-production
2026-06-07T00:45:01-06:00 OK health label=staging container=odoo-staging
2026-06-07T00:45:01-06:00 OK disk path=/opt/odoo used=23%
2026-06-07T00:45:01-06:00 SUMMARY status=ok
2026-06-07T00:50:02-06:00 OK health label=production container=odoo-production
2026-06-07T00:50:02-06:00 OK health label=staging container=odoo-staging
2026-06-07T00:50:02-06:00 OK disk path=/opt/odoo used=23%
2026-06-07T00:50:02-06:00 SUMMARY status=ok
2026-06-07T00:55:02-06:00 OK health label=production container=odoo-production
2026-06-07T00:55:02-06:00 OK health label=staging container=odoo-staging
2026-06-07T00:55:02-06:00 OK disk path=/opt/odoo used=23%
2026-06-07T00:55:02-06:00 SUMMARY status=ok
2026-06-07T01:00:04-06:00 OK health label=production container=odoo-production
2026-06-07T01:00:04-06:00 OK health label=staging container=odoo-staging
2026-06-07T01:00:04-06:00 OK disk path=/opt/odoo used=23%
2026-06-07T01:00:04-06:00 SUMMARY status=ok
2026-06-07T01:05:01-06:00 OK health label=production container=odoo-production
2026-06-07T01:05:01-06:00 OK health label=staging container=odoo-staging
2026-06-07T01:05:01-06:00 OK disk path=/opt/odoo used=23%
2026-06-07T01:05:01-06:00 SUMMARY status=ok
2026-06-07T01:10:02-06:00 OK health label=production container=odoo-production
2026-06-07T01:10:02-06:00 OK health label=staging container=odoo-staging
2026-06-07T01:10:02-06:00 OK disk path=/opt/odoo used=23%
2026-06-07T01:10:02-06:00 SUMMARY status=ok
2026-06-07T01:15:01-06:00 OK health label=production container=odoo-production
2026-06-07T01:15:01-06:00 OK health label=staging container=odoo-staging
2026-06-07T01:15:01-06:00 OK disk path=/opt/odoo used=23%
2026-06-07T01:15:01-06:00 SUMMARY status=ok
2026-06-07T01:20:03-06:00 OK health label=production container=odoo-production
2026-06-07T01:20:03-06:00 OK health label=staging container=odoo-staging
2026-06-07T01:20:03-06:00 OK disk path=/opt/odoo used=23%
2026-06-07T01:20:03-06:00 SUMMARY status=ok
2026-06-07T01:25:01-06:00 OK health label=production container=odoo-production
2026-06-07T01:25:01-06:00 OK health label=staging container=odoo-staging
2026-06-07T01:25:01-06:00 OK disk path=/opt/odoo used=23%
2026-06-07T01:25:01-06:00 SUMMARY status=ok
2026-06-07T01:30:01-06:00 OK health label=production container=odoo-production
2026-06-07T01:30:01-06:00 OK health label=staging container=odoo-staging
2026-06-07T01:30:01-06:00 OK disk path=/opt/odoo used=23%
2026-06-07T01:30:01-06:00 SUMMARY status=ok
2026-06-07T01:35:01-06:00 OK health label=production container=odoo-production
2026-06-07T01:35:01-06:00 OK health label=staging container=odoo-staging
2026-06-07T01:35:01-06:00 OK disk path=/opt/odoo used=23%
2026-06-07T01:35:01-06:00 SUMMARY status=ok
2026-06-07T01:40:02-06:00 OK health label=production container=odoo-production
2026-06-07T01:40:02-06:00 OK health label=staging container=odoo-staging
2026-06-07T01:40:02-06:00 OK disk path=/opt/odoo used=23%
2026-06-07T01:40:02-06:00 SUMMARY status=ok
2026-06-07T01:45:01-06:00 OK health label=production container=odoo-production
2026-06-07T01:45:01-06:00 OK health label=staging container=odoo-staging
2026-06-07T01:45:01-06:00 OK disk path=/opt/odoo used=23%
2026-06-07T01:45:01-06:00 SUMMARY status=ok
2026-06-07T01:50:01-06:00 OK health label=production container=odoo-production
2026-06-07T01:50:01-06:00 OK health label=staging container=odoo-staging
2026-06-07T01:50:01-06:00 OK disk path=/opt/odoo used=23%
2026-06-07T01:50:01-06:00 SUMMARY status=ok
2026-06-07T01:55:01-06:00 OK health label=production container=odoo-production
2026-06-07T01:55:01-06:00 OK health label=staging container=odoo-staging
2026-06-07T01:55:01-06:00 OK disk path=/opt/odoo used=23%
2026-06-07T01:55:01-06:00 SUMMARY status=ok
2026-06-07T02:00:02-06:00 OK health label=production container=odoo-production
2026-06-07T02:00:02-06:00 OK health label=staging container=odoo-staging
2026-06-07T02:00:02-06:00 OK disk path=/opt/odoo used=23%
2026-06-07T02:00:02-06:00 SUMMARY status=ok
2026-06-07T02:05:01-06:00 OK health label=production container=odoo-production
2026-06-07T02:05:01-06:00 OK health label=staging container=odoo-staging
2026-06-07T02:05:01-06:00 OK disk path=/opt/odoo used=23%
2026-06-07T02:05:01-06:00 SUMMARY status=ok
2026-06-07T02:10:03-06:00 OK health label=production container=odoo-production
2026-06-07T02:10:03-06:00 OK health label=staging container=odoo-staging
2026-06-07T02:10:03-06:00 OK disk path=/opt/odoo used=23%
2026-06-07T02:10:03-06:00 SUMMARY status=ok
2026-06-07T02:15:01-06:00 OK health label=production container=odoo-production
2026-06-07T02:15:01-06:00 OK health label=staging container=odoo-staging
2026-06-07T02:15:01-06:00 OK disk path=/opt/odoo used=23%
2026-06-07T02:15:01-06:00 SUMMARY status=ok
2026-06-07T02:20:02-06:00 OK health label=production container=odoo-production
2026-06-07T02:20:02-06:00 OK health label=staging container=odoo-staging
2026-06-07T02:20:02-06:00 OK disk path=/opt/odoo used=23%
2026-06-07T02:20:02-06:00 SUMMARY status=ok
2026-06-07T02:25:02-06:00 OK health label=production container=odoo-production
2026-06-07T02:25:02-06:00 OK health label=staging container=odoo-staging
2026-06-07T02:25:02-06:00 OK disk path=/opt/odoo used=23%
2026-06-07T02:25:02-06:00 SUMMARY status=ok
2026-06-07T02:30:01-06:00 OK health label=production container=odoo-production
2026-06-07T02:30:01-06:00 OK health label=staging container=odoo-staging
2026-06-07T02:30:01-06:00 OK disk path=/opt/odoo used=23%
2026-06-07T02:30:01-06:00 SUMMARY status=ok
2026-06-07T02:35:01-06:00 OK health label=production container=odoo-production
2026-06-07T02:35:01-06:00 OK health label=staging container=odoo-staging
2026-06-07T02:35:01-06:00 OK disk path=/opt/odoo used=23%
2026-06-07T02:35:01-06:00 SUMMARY status=ok
2026-06-07T02:40:02-06:00 OK health label=production container=odoo-production
2026-06-07T02:40:02-06:00 OK health label=staging container=odoo-staging
2026-06-07T02:40:02-06:00 OK disk path=/opt/odoo used=23%
2026-06-07T02:40:02-06:00 SUMMARY status=ok
2026-06-07T02:45:01-06:00 OK health label=production container=odoo-production
2026-06-07T02:45:01-06:00 OK health label=staging container=odoo-staging
2026-06-07T02:45:01-06:00 OK disk path=/opt/odoo used=23%
2026-06-07T02:45:01-06:00 SUMMARY status=ok
2026-06-07T02:50:01-06:00 OK health label=production container=odoo-production
2026-06-07T02:50:01-06:00 OK health label=staging container=odoo-staging
2026-06-07T02:50:01-06:00 OK disk path=/opt/odoo used=23%
2026-06-07T02:50:01-06:00 SUMMARY status=ok
2026-06-07T02:55:01-06:00 OK health label=production container=odoo-production
2026-06-07T02:55:01-06:00 OK health label=staging container=odoo-staging
2026-06-07T02:55:01-06:00 OK disk path=/opt/odoo used=23%
2026-06-07T02:55:01-06:00 SUMMARY status=ok
2026-06-07T03:00:01-06:00 OK health label=production container=odoo-production
2026-06-07T03:00:01-06:00 OK health label=staging container=odoo-staging
2026-06-07T03:00:01-06:00 OK disk path=/opt/odoo used=23%
2026-06-07T03:00:01-06:00 SUMMARY status=ok
2026-06-07T03:05:02-06:00 OK health label=production container=odoo-production
2026-06-07T03:05:02-06:00 OK health label=staging container=odoo-staging
2026-06-07T03:05:02-06:00 OK disk path=/opt/odoo used=23%
2026-06-07T03:05:02-06:00 SUMMARY status=ok
2026-06-07T03:10:02-06:00 OK health label=production container=odoo-production
2026-06-07T03:10:02-06:00 OK health label=staging container=odoo-staging
2026-06-07T03:10:02-06:00 OK disk path=/opt/odoo used=23%
2026-06-07T03:10:02-06:00 SUMMARY status=ok
2026-06-07T03:15:01-06:00 OK health label=production container=odoo-production
2026-06-07T03:15:01-06:00 OK health label=staging container=odoo-staging
2026-06-07T03:15:01-06:00 OK disk path=/opt/odoo used=23%
2026-06-07T03:15:01-06:00 SUMMARY status=ok
2026-06-07T03:20:02-06:00 OK health label=production container=odoo-production
2026-06-07T03:20:02-06:00 OK health label=staging container=odoo-staging
2026-06-07T03:20:02-06:00 OK disk path=/opt/odoo used=23%
2026-06-07T03:20:02-06:00 SUMMARY status=ok
2026-06-07T03:25:01-06:00 OK health label=production container=odoo-production
2026-06-07T03:25:01-06:00 OK health label=staging container=odoo-staging
2026-06-07T03:25:01-06:00 OK disk path=/opt/odoo used=23%
2026-06-07T03:25:01-06:00 SUMMARY status=ok
2026-06-07T03:30:01-06:00 OK health label=production container=odoo-production
2026-06-07T03:30:01-06:00 OK health label=staging container=odoo-staging
2026-06-07T03:30:01-06:00 OK disk path=/opt/odoo used=23%
2026-06-07T03:30:01-06:00 SUMMARY status=ok
2026-06-07T03:35:01-06:00 OK health label=production container=odoo-production
2026-06-07T03:35:01-06:00 OK health label=staging container=odoo-staging
2026-06-07T03:35:01-06:00 OK disk path=/opt/odoo used=23%
2026-06-07T03:35:01-06:00 SUMMARY status=ok
2026-06-07T03:40:01-06:00 OK health label=production container=odoo-production
2026-06-07T03:40:01-06:00 OK health label=staging container=odoo-staging
2026-06-07T03:40:01-06:00 OK disk path=/opt/odoo used=23%
2026-06-07T03:40:01-06:00 SUMMARY status=ok
2026-06-07T03:45:02-06:00 OK health label=production container=odoo-production
2026-06-07T03:45:02-06:00 OK health label=staging container=odoo-staging
2026-06-07T03:45:02-06:00 OK disk path=/opt/odoo used=23%
2026-06-07T03:45:02-06:00 SUMMARY status=ok
2026-06-07T03:50:02-06:00 OK health label=production container=odoo-production
2026-06-07T03:50:02-06:00 OK health label=staging container=odoo-staging
2026-06-07T03:50:02-06:00 OK disk path=/opt/odoo used=23%
2026-06-07T03:50:02-06:00 SUMMARY status=ok
2026-06-07T03:55:01-06:00 OK health label=production container=odoo-production
2026-06-07T03:55:01-06:00 OK health label=staging container=odoo-staging
2026-06-07T03:55:01-06:00 OK disk path=/opt/odoo used=23%
2026-06-07T03:55:01-06:00 SUMMARY status=ok
2026-06-07T04:00:01-06:00 OK health label=production container=odoo-production
2026-06-07T04:00:01-06:00 OK health label=staging container=odoo-staging
2026-06-07T04:00:01-06:00 OK disk path=/opt/odoo used=23%
2026-06-07T04:00:01-06:00 SUMMARY status=ok
2026-06-07T04:05:02-06:00 OK health label=production container=odoo-production
2026-06-07T04:05:02-06:00 OK health label=staging container=odoo-staging
2026-06-07T04:05:02-06:00 OK disk path=/opt/odoo used=23%
2026-06-07T04:05:02-06:00 SUMMARY status=ok
2026-06-07T04:10:01-06:00 OK health label=production container=odoo-production
2026-06-07T04:10:01-06:00 OK health label=staging container=odoo-staging
2026-06-07T04:10:01-06:00 OK disk path=/opt/odoo used=23%
2026-06-07T04:10:01-06:00 SUMMARY status=ok
2026-06-07T04:15:01-06:00 OK health label=production container=odoo-production
2026-06-07T04:15:01-06:00 OK health label=staging container=odoo-staging
2026-06-07T04:15:01-06:00 OK disk path=/opt/odoo used=23%
2026-06-07T04:15:01-06:00 SUMMARY status=ok
2026-06-07T04:20:02-06:00 OK health label=production container=odoo-production
2026-06-07T04:20:02-06:00 OK health label=staging container=odoo-staging
2026-06-07T04:20:02-06:00 OK disk path=/opt/odoo used=23%
2026-06-07T04:20:02-06:00 SUMMARY status=ok
2026-06-07T04:25:02-06:00 OK health label=production container=odoo-production
2026-06-07T04:25:02-06:00 OK health label=staging container=odoo-staging
2026-06-07T04:25:02-06:00 OK disk path=/opt/odoo used=23%
2026-06-07T04:25:02-06:00 SUMMARY status=ok
2026-06-07T04:30:01-06:00 OK health label=production container=odoo-production
2026-06-07T04:30:01-06:00 OK health label=staging container=odoo-staging
2026-06-07T04:30:01-06:00 OK disk path=/opt/odoo used=23%
2026-06-07T04:30:01-06:00 SUMMARY status=ok
2026-06-07T04:35:02-06:00 OK health label=production container=odoo-production
2026-06-07T04:35:02-06:00 OK health label=staging container=odoo-staging
2026-06-07T04:35:02-06:00 OK disk path=/opt/odoo used=23%
2026-06-07T04:35:02-06:00 SUMMARY status=ok
2026-06-07T04:40:01-06:00 OK health label=production container=odoo-production
2026-06-07T04:40:01-06:00 OK health label=staging container=odoo-staging
2026-06-07T04:40:01-06:00 OK disk path=/opt/odoo used=23%
2026-06-07T04:40:01-06:00 SUMMARY status=ok
2026-06-07T04:45:01-06:00 OK health label=production container=odoo-production
2026-06-07T04:45:01-06:00 OK health label=staging container=odoo-staging
2026-06-07T04:45:01-06:00 OK disk path=/opt/odoo used=23%
2026-06-07T04:45:01-06:00 SUMMARY status=ok
2026-06-07T04:50:02-06:00 OK health label=production container=odoo-production
2026-06-07T04:50:02-06:00 OK health label=staging container=odoo-staging
2026-06-07T04:50:02-06:00 OK disk path=/opt/odoo used=23%
2026-06-07T04:50:02-06:00 SUMMARY status=ok
2026-06-07T04:55:01-06:00 OK health label=production container=odoo-production
2026-06-07T04:55:01-06:00 OK health label=staging container=odoo-staging
2026-06-07T04:55:01-06:00 OK disk path=/opt/odoo used=23%
2026-06-07T04:55:01-06:00 SUMMARY status=ok
2026-06-07T05:00:01-06:00 OK health label=production container=odoo-production
2026-06-07T05:00:01-06:00 OK health label=staging container=odoo-staging
2026-06-07T05:00:01-06:00 OK disk path=/opt/odoo used=23%
2026-06-07T05:00:01-06:00 SUMMARY status=ok
2026-06-07T05:05:01-06:00 OK health label=production container=odoo-production
2026-06-07T05:05:01-06:00 OK health label=staging container=odoo-staging
2026-06-07T05:05:01-06:00 OK disk path=/opt/odoo used=23%
2026-06-07T05:05:01-06:00 SUMMARY status=ok
2026-06-07T05:10:02-06:00 OK health label=production container=odoo-production
2026-06-07T05:10:02-06:00 OK health label=staging container=odoo-staging
2026-06-07T05:10:02-06:00 OK disk path=/opt/odoo used=23%
2026-06-07T05:10:02-06:00 SUMMARY status=ok
2026-06-07T05:15:01-06:00 OK health label=production container=odoo-production
2026-06-07T05:15:01-06:00 OK health label=staging container=odoo-staging
2026-06-07T05:15:01-06:00 OK disk path=/opt/odoo used=23%
2026-06-07T05:15:01-06:00 SUMMARY status=ok
2026-06-07T05:20:02-06:00 OK health label=production container=odoo-production
2026-06-07T05:20:02-06:00 OK health label=staging container=odoo-staging
2026-06-07T05:20:02-06:00 OK disk path=/opt/odoo used=23%
2026-06-07T05:20:02-06:00 SUMMARY status=ok
2026-06-07T05:25:01-06:00 OK health label=production container=odoo-production
2026-06-07T05:25:01-06:00 OK health label=staging container=odoo-staging
2026-06-07T05:25:01-06:00 OK disk path=/opt/odoo used=23%
2026-06-07T05:25:01-06:00 SUMMARY status=ok
2026-06-07T05:30:04-06:00 OK health label=production container=odoo-production
2026-06-07T05:30:04-06:00 OK health label=staging container=odoo-staging
2026-06-07T05:30:04-06:00 OK disk path=/opt/odoo used=23%
2026-06-07T05:30:04-06:00 SUMMARY status=ok
2026-06-07T05:35:02-06:00 OK health label=production container=odoo-production
2026-06-07T05:35:02-06:00 OK health label=staging container=odoo-staging
2026-06-07T05:35:02-06:00 OK disk path=/opt/odoo used=23%
2026-06-07T05:35:02-06:00 SUMMARY status=ok
2026-06-07T05:40:02-06:00 OK health label=production container=odoo-production
2026-06-07T05:40:02-06:00 OK health label=staging container=odoo-staging
2026-06-07T05:40:02-06:00 OK disk path=/opt/odoo used=23%
2026-06-07T05:40:02-06:00 SUMMARY status=ok
2026-06-07T05:45:02-06:00 OK health label=production container=odoo-production
2026-06-07T05:45:02-06:00 OK health label=staging container=odoo-staging
2026-06-07T05:45:02-06:00 OK disk path=/opt/odoo used=23%
2026-06-07T05:45:02-06:00 SUMMARY status=ok
2026-06-07T05:50:01-06:00 OK health label=production container=odoo-production
2026-06-07T05:50:01-06:00 OK health label=staging container=odoo-staging
2026-06-07T05:50:01-06:00 OK disk path=/opt/odoo used=23%
2026-06-07T05:50:01-06:00 SUMMARY status=ok
2026-06-07T05:55:02-06:00 OK health label=production container=odoo-production
2026-06-07T05:55:02-06:00 OK health label=staging container=odoo-staging
2026-06-07T05:55:02-06:00 OK disk path=/opt/odoo used=23%
2026-06-07T05:55:02-06:00 SUMMARY status=ok
2026-06-07T06:00:04-06:00 OK health label=production container=odoo-production
2026-06-07T06:00:04-06:00 OK health label=staging container=odoo-staging
2026-06-07T06:00:04-06:00 OK disk path=/opt/odoo used=23%
2026-06-07T06:00:04-06:00 SUMMARY status=ok
2026-06-07T06:05:02-06:00 OK health label=production container=odoo-production
2026-06-07T06:05:02-06:00 OK health label=staging container=odoo-staging
2026-06-07T06:05:02-06:00 OK disk path=/opt/odoo used=23%
2026-06-07T06:05:02-06:00 SUMMARY status=ok
2026-06-07T06:10:02-06:00 OK health label=production container=odoo-production
2026-06-07T06:10:02-06:00 OK health label=staging container=odoo-staging
2026-06-07T06:10:02-06:00 OK disk path=/opt/odoo used=23%
2026-06-07T06:10:02-06:00 SUMMARY status=ok
2026-06-07T06:15:01-06:00 OK health label=production container=odoo-production
2026-06-07T06:15:01-06:00 OK health label=staging container=odoo-staging
2026-06-07T06:15:01-06:00 OK disk path=/opt/odoo used=23%
2026-06-07T06:15:01-06:00 SUMMARY status=ok
2026-06-07T06:20:03-06:00 OK health label=production container=odoo-production
2026-06-07T06:20:03-06:00 OK health label=staging container=odoo-staging
2026-06-07T06:20:03-06:00 OK disk path=/opt/odoo used=23%
2026-06-07T06:20:03-06:00 SUMMARY status=ok
2026-06-07T06:25:03-06:00 OK health label=production container=odoo-production
2026-06-07T06:25:03-06:00 OK health label=staging container=odoo-staging
2026-06-07T06:25:03-06:00 OK disk path=/opt/odoo used=23%
2026-06-07T06:25:03-06:00 SUMMARY status=ok
2026-06-07T06:30:01-06:00 OK health label=production container=odoo-production
2026-06-07T06:30:01-06:00 OK health label=staging container=odoo-staging
2026-06-07T06:30:01-06:00 OK disk path=/opt/odoo used=23%
2026-06-07T06:30:01-06:00 SUMMARY status=ok
2026-06-07T06:35:01-06:00 OK health label=production container=odoo-production
2026-06-07T06:35:01-06:00 OK health label=staging container=odoo-staging
2026-06-07T06:35:01-06:00 OK disk path=/opt/odoo used=23%
2026-06-07T06:35:01-06:00 SUMMARY status=ok
2026-06-07T06:40:01-06:00 OK health label=production container=odoo-production
2026-06-07T06:40:01-06:00 OK health label=staging container=odoo-staging
2026-06-07T06:40:01-06:00 OK disk path=/opt/odoo used=23%
2026-06-07T06:40:01-06:00 SUMMARY status=ok
2026-06-07T06:45:02-06:00 OK health label=production container=odoo-production
2026-06-07T06:45:02-06:00 OK health label=staging container=odoo-staging
2026-06-07T06:45:02-06:00 OK disk path=/opt/odoo used=23%
2026-06-07T06:45:02-06:00 SUMMARY status=ok
2026-06-07T06:50:02-06:00 OK health label=production container=odoo-production
2026-06-07T06:50:02-06:00 OK health label=staging container=odoo-staging
2026-06-07T06:50:02-06:00 OK disk path=/opt/odoo used=23%
2026-06-07T06:50:02-06:00 SUMMARY status=ok
2026-06-07T06:55:01-06:00 OK health label=production container=odoo-production
2026-06-07T06:55:01-06:00 OK health label=staging container=odoo-staging
2026-06-07T06:55:01-06:00 OK disk path=/opt/odoo used=23%
2026-06-07T06:55:01-06:00 SUMMARY status=ok
2026-06-07T07:00:02-06:00 OK health label=production container=odoo-production
2026-06-07T07:00:02-06:00 OK health label=staging container=odoo-staging
2026-06-07T07:00:02-06:00 OK disk path=/opt/odoo used=23%
2026-06-07T07:00:02-06:00 SUMMARY status=ok
2026-06-07T07:05:01-06:00 OK health label=production container=odoo-production
2026-06-07T07:05:01-06:00 OK health label=staging container=odoo-staging
2026-06-07T07:05:01-06:00 OK disk path=/opt/odoo used=23%
2026-06-07T07:05:01-06:00 SUMMARY status=ok
2026-06-07T07:10:02-06:00 OK health label=production container=odoo-production
2026-06-07T07:10:02-06:00 OK health label=staging container=odoo-staging
2026-06-07T07:10:02-06:00 OK disk path=/opt/odoo used=23%
2026-06-07T07:10:02-06:00 SUMMARY status=ok
2026-06-07T07:15:02-06:00 OK health label=production container=odoo-production
2026-06-07T07:15:02-06:00 OK health label=staging container=odoo-staging
2026-06-07T07:15:02-06:00 OK disk path=/opt/odoo used=23%
2026-06-07T07:15:02-06:00 SUMMARY status=ok
2026-06-07T07:20:03-06:00 OK health label=production container=odoo-production
2026-06-07T07:20:03-06:00 OK health label=staging container=odoo-staging
2026-06-07T07:20:03-06:00 OK disk path=/opt/odoo used=23%
2026-06-07T07:20:03-06:00 SUMMARY status=ok
2026-06-07T07:25:02-06:00 OK health label=production container=odoo-production
2026-06-07T07:25:02-06:00 OK health label=staging container=odoo-staging
2026-06-07T07:25:02-06:00 OK disk path=/opt/odoo used=23%
2026-06-07T07:25:02-06:00 SUMMARY status=ok
2026-06-07T07:30:01-06:00 OK health label=production container=odoo-production
2026-06-07T07:30:01-06:00 OK health label=staging container=odoo-staging
2026-06-07T07:30:01-06:00 OK disk path=/opt/odoo used=23%
2026-06-07T07:30:01-06:00 SUMMARY status=ok
2026-06-07T07:35:03-06:00 OK health label=production container=odoo-production
2026-06-07T07:35:03-06:00 OK health label=staging container=odoo-staging
2026-06-07T07:35:03-06:00 OK disk path=/opt/odoo used=23%
2026-06-07T07:35:03-06:00 SUMMARY status=ok
2026-06-07T07:40:01-06:00 OK health label=production container=odoo-production
2026-06-07T07:40:01-06:00 OK health label=staging container=odoo-staging
2026-06-07T07:40:01-06:00 OK disk path=/opt/odoo used=23%
2026-06-07T07:40:01-06:00 SUMMARY status=ok
2026-06-07T07:45:02-06:00 OK health label=production container=odoo-production
2026-06-07T07:45:02-06:00 OK health label=staging container=odoo-staging
2026-06-07T07:45:02-06:00 OK disk path=/opt/odoo used=23%
2026-06-07T07:45:02-06:00 SUMMARY status=ok
2026-06-07T07:50:02-06:00 OK health label=production container=odoo-production
2026-06-07T07:50:02-06:00 OK health label=staging container=odoo-staging
2026-06-07T07:50:02-06:00 OK disk path=/opt/odoo used=23%
2026-06-07T07:50:02-06:00 SUMMARY status=ok
2026-06-07T07:55:01-06:00 OK health label=production container=odoo-production
2026-06-07T07:55:01-06:00 OK health label=staging container=odoo-staging
2026-06-07T07:55:01-06:00 OK disk path=/opt/odoo used=23%
2026-06-07T07:55:01-06:00 SUMMARY status=ok
2026-06-07T08:00:01-06:00 OK health label=production container=odoo-production
2026-06-07T08:00:01-06:00 OK health label=staging container=odoo-staging
2026-06-07T08:00:01-06:00 OK disk path=/opt/odoo used=23%
2026-06-07T08:00:01-06:00 SUMMARY status=ok
2026-06-07T08:05:01-06:00 OK health label=production container=odoo-production
2026-06-07T08:05:01-06:00 OK health label=staging container=odoo-staging
2026-06-07T08:05:01-06:00 OK disk path=/opt/odoo used=23%
2026-06-07T08:05:01-06:00 SUMMARY status=ok
2026-06-07T08:10:01-06:00 OK health label=production container=odoo-production
2026-06-07T08:10:01-06:00 OK health label=staging container=odoo-staging
2026-06-07T08:10:01-06:00 OK disk path=/opt/odoo used=23%
2026-06-07T08:10:01-06:00 SUMMARY status=ok
2026-06-07T08:15:02-06:00 OK health label=production container=odoo-production
2026-06-07T08:15:02-06:00 OK health label=staging container=odoo-staging
2026-06-07T08:15:02-06:00 OK disk path=/opt/odoo used=23%
2026-06-07T08:15:02-06:00 SUMMARY status=ok
2026-06-07T08:20:01-06:00 OK health label=production container=odoo-production
2026-06-07T08:20:01-06:00 OK health label=staging container=odoo-staging
2026-06-07T08:20:01-06:00 OK disk path=/opt/odoo used=23%
2026-06-07T08:20:01-06:00 SUMMARY status=ok
2026-06-07T08:25:01-06:00 OK health label=production container=odoo-production
2026-06-07T08:25:01-06:00 OK health label=staging container=odoo-staging
2026-06-07T08:25:01-06:00 OK disk path=/opt/odoo used=23%
2026-06-07T08:25:01-06:00 SUMMARY status=ok
2026-06-07T08:30:01-06:00 OK health label=production container=odoo-production
2026-06-07T08:30:01-06:00 OK health label=staging container=odoo-staging
2026-06-07T08:30:01-06:00 OK disk path=/opt/odoo used=23%
2026-06-07T08:30:01-06:00 SUMMARY status=ok
2026-06-07T08:35:02-06:00 OK health label=production container=odoo-production
2026-06-07T08:35:02-06:00 OK health label=staging container=odoo-staging
2026-06-07T08:35:02-06:00 OK disk path=/opt/odoo used=23%
2026-06-07T08:35:02-06:00 SUMMARY status=ok
2026-06-07T08:40:02-06:00 OK health label=production container=odoo-production
2026-06-07T08:40:02-06:00 OK health label=staging container=odoo-staging
2026-06-07T08:40:02-06:00 OK disk path=/opt/odoo used=23%
2026-06-07T08:40:02-06:00 SUMMARY status=ok
2026-06-07T08:45:02-06:00 OK health label=production container=odoo-production
2026-06-07T08:45:02-06:00 OK health label=staging container=odoo-staging
2026-06-07T08:45:02-06:00 OK disk path=/opt/odoo used=23%
2026-06-07T08:45:02-06:00 SUMMARY status=ok
2026-06-07T08:50:02-06:00 OK health label=production container=odoo-production
2026-06-07T08:50:02-06:00 OK health label=staging container=odoo-staging
2026-06-07T08:50:02-06:00 OK disk path=/opt/odoo used=23%
2026-06-07T08:50:02-06:00 SUMMARY status=ok
2026-06-07T08:55:01-06:00 OK health label=production container=odoo-production
2026-06-07T08:55:01-06:00 OK health label=staging container=odoo-staging
2026-06-07T08:55:01-06:00 OK disk path=/opt/odoo used=23%
2026-06-07T08:55:01-06:00 SUMMARY status=ok
2026-06-07T09:00:03-06:00 OK health label=production container=odoo-production
2026-06-07T09:00:03-06:00 OK health label=staging container=odoo-staging
2026-06-07T09:00:03-06:00 OK disk path=/opt/odoo used=23%
2026-06-07T09:00:03-06:00 SUMMARY status=ok
2026-06-07T09:05:02-06:00 OK health label=production container=odoo-production
2026-06-07T09:05:02-06:00 OK health label=staging container=odoo-staging
2026-06-07T09:05:02-06:00 OK disk path=/opt/odoo used=23%
2026-06-07T09:05:02-06:00 SUMMARY status=ok
2026-06-07T09:10:02-06:00 OK health label=production container=odoo-production
2026-06-07T09:10:02-06:00 OK health label=staging container=odoo-staging
2026-06-07T09:10:02-06:00 OK disk path=/opt/odoo used=23%
2026-06-07T09:10:02-06:00 SUMMARY status=ok
2026-06-07T09:15:02-06:00 OK health label=production container=odoo-production
2026-06-07T09:15:02-06:00 OK health label=staging container=odoo-staging
2026-06-07T09:15:02-06:00 OK disk path=/opt/odoo used=23%
2026-06-07T09:15:02-06:00 SUMMARY status=ok
2026-06-07T09:20:03-06:00 OK health label=production container=odoo-production
2026-06-07T09:20:03-06:00 OK health label=staging container=odoo-staging
2026-06-07T09:20:03-06:00 OK disk path=/opt/odoo used=23%
2026-06-07T09:20:03-06:00 SUMMARY status=ok
2026-06-07T09:25:01-06:00 OK health label=production container=odoo-production
2026-06-07T09:25:01-06:00 OK health label=staging container=odoo-staging
2026-06-07T09:25:01-06:00 OK disk path=/opt/odoo used=23%
2026-06-07T09:25:01-06:00 SUMMARY status=ok
2026-06-07T09:30:02-06:00 OK health label=production container=odoo-production
2026-06-07T09:30:02-06:00 OK health label=staging container=odoo-staging
2026-06-07T09:30:02-06:00 OK disk path=/opt/odoo used=23%
2026-06-07T09:30:02-06:00 SUMMARY status=ok
2026-06-07T09:35:01-06:00 OK health label=production container=odoo-production
2026-06-07T09:35:01-06:00 OK health label=staging container=odoo-staging
2026-06-07T09:35:01-06:00 OK disk path=/opt/odoo used=23%
2026-06-07T09:35:01-06:00 SUMMARY status=ok
2026-06-07T09:40:01-06:00 OK health label=production container=odoo-production
2026-06-07T09:40:01-06:00 OK health label=staging container=odoo-staging
2026-06-07T09:40:01-06:00 OK disk path=/opt/odoo used=23%
2026-06-07T09:40:01-06:00 SUMMARY status=ok
2026-06-07T09:45:01-06:00 OK health label=production container=odoo-production
2026-06-07T09:45:01-06:00 OK health label=staging container=odoo-staging
2026-06-07T09:45:01-06:00 OK disk path=/opt/odoo used=23%
2026-06-07T09:45:01-06:00 SUMMARY status=ok
2026-06-07T09:50:01-06:00 OK health label=production container=odoo-production
2026-06-07T09:50:01-06:00 OK health label=staging container=odoo-staging
2026-06-07T09:50:01-06:00 OK disk path=/opt/odoo used=23%
2026-06-07T09:50:01-06:00 SUMMARY status=ok
2026-06-07T09:55:01-06:00 OK health label=production container=odoo-production
2026-06-07T09:55:01-06:00 OK health label=staging container=odoo-staging
2026-06-07T09:55:01-06:00 OK disk path=/opt/odoo used=23%
2026-06-07T09:55:01-06:00 SUMMARY status=ok
2026-06-07T10:00:01-06:00 OK health label=production container=odoo-production
2026-06-07T10:00:01-06:00 OK health label=staging container=odoo-staging
2026-06-07T10:00:01-06:00 OK disk path=/opt/odoo used=23%
2026-06-07T10:00:01-06:00 SUMMARY status=ok
2026-06-07T10:05:01-06:00 OK health label=production container=odoo-production
2026-06-07T10:05:01-06:00 OK health label=staging container=odoo-staging
2026-06-07T10:05:01-06:00 OK disk path=/opt/odoo used=23%
2026-06-07T10:05:01-06:00 SUMMARY status=ok
2026-06-07T10:10:02-06:00 OK health label=production container=odoo-production
2026-06-07T10:10:02-06:00 OK health label=staging container=odoo-staging
2026-06-07T10:10:02-06:00 OK disk path=/opt/odoo used=23%
2026-06-07T10:10:02-06:00 SUMMARY status=ok
2026-06-07T10:15:02-06:00 OK health label=production container=odoo-production
2026-06-07T10:15:02-06:00 OK health label=staging container=odoo-staging
2026-06-07T10:15:02-06:00 OK disk path=/opt/odoo used=23%
2026-06-07T10:15:02-06:00 SUMMARY status=ok
2026-06-07T10:20:01-06:00 OK health label=production container=odoo-production
2026-06-07T10:20:01-06:00 OK health label=staging container=odoo-staging
2026-06-07T10:20:01-06:00 OK disk path=/opt/odoo used=23%
2026-06-07T10:20:01-06:00 SUMMARY status=ok
2026-06-07T10:25:02-06:00 OK health label=production container=odoo-production
2026-06-07T10:25:02-06:00 OK health label=staging container=odoo-staging
2026-06-07T10:25:02-06:00 OK disk path=/opt/odoo used=23%
2026-06-07T10:25:02-06:00 SUMMARY status=ok
2026-06-07T10:30:02-06:00 OK health label=production container=odoo-production
2026-06-07T10:30:02-06:00 OK health label=staging container=odoo-staging
2026-06-07T10:30:02-06:00 OK disk path=/opt/odoo used=23%
2026-06-07T10:30:02-06:00 SUMMARY status=ok
2026-06-07T10:35:01-06:00 OK health label=production container=odoo-production
2026-06-07T10:35:01-06:00 OK health label=staging container=odoo-staging
2026-06-07T10:35:01-06:00 OK disk path=/opt/odoo used=23%
2026-06-07T10:35:01-06:00 SUMMARY status=ok
2026-06-07T10:40:02-06:00 OK health label=production container=odoo-production
2026-06-07T10:40:02-06:00 OK health label=staging container=odoo-staging
2026-06-07T10:40:02-06:00 OK disk path=/opt/odoo used=23%
2026-06-07T10:40:02-06:00 SUMMARY status=ok
2026-06-07T10:45:02-06:00 OK health label=production container=odoo-production
2026-06-07T10:45:02-06:00 OK health label=staging container=odoo-staging
2026-06-07T10:45:02-06:00 OK disk path=/opt/odoo used=23%
2026-06-07T10:45:02-06:00 SUMMARY status=ok
2026-06-07T10:50:01-06:00 OK health label=production container=odoo-production
2026-06-07T10:50:01-06:00 OK health label=staging container=odoo-staging
2026-06-07T10:50:01-06:00 OK disk path=/opt/odoo used=23%
2026-06-07T10:50:01-06:00 SUMMARY status=ok
2026-06-07T10:55:01-06:00 OK health label=production container=odoo-production
2026-06-07T10:55:01-06:00 OK health label=staging container=odoo-staging
2026-06-07T10:55:01-06:00 OK disk path=/opt/odoo used=23%
2026-06-07T10:55:01-06:00 SUMMARY status=ok
2026-06-07T11:00:02-06:00 OK health label=production container=odoo-production
2026-06-07T11:00:02-06:00 OK health label=staging container=odoo-staging
2026-06-07T11:00:02-06:00 OK disk path=/opt/odoo used=23%
2026-06-07T11:00:02-06:00 SUMMARY status=ok
2026-06-07T11:05:01-06:00 OK health label=production container=odoo-production
2026-06-07T11:05:01-06:00 OK health label=staging container=odoo-staging
2026-06-07T11:05:01-06:00 OK disk path=/opt/odoo used=23%
2026-06-07T11:05:01-06:00 SUMMARY status=ok
2026-06-07T11:10:01-06:00 OK health label=production container=odoo-production
2026-06-07T11:10:01-06:00 OK health label=staging container=odoo-staging
2026-06-07T11:10:01-06:00 OK disk path=/opt/odoo used=23%
2026-06-07T11:10:01-06:00 SUMMARY status=ok
2026-06-07T11:15:01-06:00 OK health label=production container=odoo-production
2026-06-07T11:15:01-06:00 OK health label=staging container=odoo-staging
2026-06-07T11:15:01-06:00 OK disk path=/opt/odoo used=23%
2026-06-07T11:15:01-06:00 SUMMARY status=ok
2026-06-07T11:20:03-06:00 OK health label=production container=odoo-production
2026-06-07T11:20:03-06:00 OK health label=staging container=odoo-staging
2026-06-07T11:20:03-06:00 OK disk path=/opt/odoo used=23%
2026-06-07T11:20:03-06:00 SUMMARY status=ok
2026-06-07T11:25:01-06:00 OK health label=production container=odoo-production
2026-06-07T11:25:01-06:00 OK health label=staging container=odoo-staging
2026-06-07T11:25:01-06:00 OK disk path=/opt/odoo used=23%
2026-06-07T11:25:01-06:00 SUMMARY status=ok
2026-06-07T11:30:02-06:00 OK health label=production container=odoo-production
2026-06-07T11:30:02-06:00 OK health label=staging container=odoo-staging
2026-06-07T11:30:02-06:00 OK disk path=/opt/odoo used=23%
2026-06-07T11:30:02-06:00 SUMMARY status=ok
2026-06-07T11:35:01-06:00 OK health label=production container=odoo-production
2026-06-07T11:35:01-06:00 OK health label=staging container=odoo-staging
2026-06-07T11:35:01-06:00 OK disk path=/opt/odoo used=23%
2026-06-07T11:35:01-06:00 SUMMARY status=ok
2026-06-07T11:40:01-06:00 OK health label=production container=odoo-production
2026-06-07T11:40:01-06:00 OK health label=staging container=odoo-staging
2026-06-07T11:40:01-06:00 OK disk path=/opt/odoo used=23%
2026-06-07T11:40:01-06:00 SUMMARY status=ok
2026-06-07T11:45:01-06:00 OK health label=production container=odoo-production
2026-06-07T11:45:01-06:00 OK health label=staging container=odoo-staging
2026-06-07T11:45:01-06:00 OK disk path=/opt/odoo used=23%
2026-06-07T11:45:01-06:00 SUMMARY status=ok
2026-06-07T11:50:01-06:00 OK health label=production container=odoo-production
2026-06-07T11:50:01-06:00 OK health label=staging container=odoo-staging
2026-06-07T11:50:01-06:00 OK disk path=/opt/odoo used=23%
2026-06-07T11:50:01-06:00 SUMMARY status=ok
2026-06-07T11:55:01-06:00 OK health label=production container=odoo-production
2026-06-07T11:55:01-06:00 OK health label=staging container=odoo-staging
2026-06-07T11:55:01-06:00 OK disk path=/opt/odoo used=23%
2026-06-07T11:55:01-06:00 SUMMARY status=ok
2026-06-07T12:00:03-06:00 OK health label=production container=odoo-production
2026-06-07T12:00:03-06:00 OK health label=staging container=odoo-staging
2026-06-07T12:00:03-06:00 OK disk path=/opt/odoo used=23%
2026-06-07T12:00:03-06:00 SUMMARY status=ok
2026-06-07T12:05:01-06:00 OK health label=production container=odoo-production
2026-06-07T12:05:01-06:00 OK health label=staging container=odoo-staging
2026-06-07T12:05:01-06:00 OK disk path=/opt/odoo used=23%
2026-06-07T12:05:01-06:00 SUMMARY status=ok
2026-06-07T12:10:03-06:00 OK health label=production container=odoo-production
2026-06-07T12:10:03-06:00 OK health label=staging container=odoo-staging
2026-06-07T12:10:03-06:00 OK disk path=/opt/odoo used=23%
2026-06-07T12:10:03-06:00 SUMMARY status=ok
2026-06-07T12:15:01-06:00 OK health label=production container=odoo-production
2026-06-07T12:15:01-06:00 OK health label=staging container=odoo-staging
2026-06-07T12:15:01-06:00 OK disk path=/opt/odoo used=23%
2026-06-07T12:15:01-06:00 SUMMARY status=ok
2026-06-07T12:20:02-06:00 OK health label=production container=odoo-production
2026-06-07T12:20:02-06:00 OK health label=staging container=odoo-staging
2026-06-07T12:20:02-06:00 OK disk path=/opt/odoo used=23%
2026-06-07T12:20:02-06:00 SUMMARY status=ok
2026-06-07T12:25:01-06:00 OK health label=production container=odoo-production
2026-06-07T12:25:01-06:00 OK health label=staging container=odoo-staging
2026-06-07T12:25:01-06:00 OK disk path=/opt/odoo used=23%
2026-06-07T12:25:01-06:00 SUMMARY status=ok
2026-06-07T12:30:02-06:00 OK health label=production container=odoo-production
2026-06-07T12:30:02-06:00 OK health label=staging container=odoo-staging
2026-06-07T12:30:02-06:00 OK disk path=/opt/odoo used=23%
2026-06-07T12:30:02-06:00 SUMMARY status=ok
2026-06-07T12:35:01-06:00 OK health label=production container=odoo-production
2026-06-07T12:35:01-06:00 OK health label=staging container=odoo-staging
2026-06-07T12:35:01-06:00 OK disk path=/opt/odoo used=23%
2026-06-07T12:35:01-06:00 SUMMARY status=ok
2026-06-07T12:40:03-06:00 OK health label=production container=odoo-production
2026-06-07T12:40:03-06:00 OK health label=staging container=odoo-staging
2026-06-07T12:40:03-06:00 OK disk path=/opt/odoo used=23%
2026-06-07T12:40:03-06:00 SUMMARY status=ok
2026-06-07T12:45:02-06:00 OK health label=production container=odoo-production
2026-06-07T12:45:02-06:00 OK health label=staging container=odoo-staging
2026-06-07T12:45:02-06:00 OK disk path=/opt/odoo used=23%
2026-06-07T12:45:02-06:00 SUMMARY status=ok
2026-06-07T12:50:01-06:00 OK health label=production container=odoo-production
2026-06-07T12:50:01-06:00 OK health label=staging container=odoo-staging
2026-06-07T12:50:01-06:00 OK disk path=/opt/odoo used=23%
2026-06-07T12:50:01-06:00 SUMMARY status=ok
2026-06-07T12:55:01-06:00 OK health label=production container=odoo-production
2026-06-07T12:55:01-06:00 OK health label=staging container=odoo-staging
2026-06-07T12:55:01-06:00 OK disk path=/opt/odoo used=23%
2026-06-07T12:55:01-06:00 SUMMARY status=ok
2026-06-07T13:00:01-06:00 OK health label=production container=odoo-production
2026-06-07T13:00:01-06:00 OK health label=staging container=odoo-staging
2026-06-07T13:00:01-06:00 OK disk path=/opt/odoo used=23%
2026-06-07T13:00:01-06:00 SUMMARY status=ok
2026-06-07T13:05:01-06:00 OK health label=production container=odoo-production
2026-06-07T13:05:01-06:00 OK health label=staging container=odoo-staging
2026-06-07T13:05:01-06:00 OK disk path=/opt/odoo used=23%
2026-06-07T13:05:01-06:00 SUMMARY status=ok
2026-06-07T13:10:01-06:00 OK health label=production container=odoo-production
2026-06-07T13:10:01-06:00 OK health label=staging container=odoo-staging
2026-06-07T13:10:01-06:00 OK disk path=/opt/odoo used=23%
2026-06-07T13:10:01-06:00 SUMMARY status=ok
2026-06-07T13:15:02-06:00 OK health label=production container=odoo-production
2026-06-07T13:15:02-06:00 OK health label=staging container=odoo-staging
2026-06-07T13:15:02-06:00 OK disk path=/opt/odoo used=23%
2026-06-07T13:15:02-06:00 SUMMARY status=ok
2026-06-07T13:20:03-06:00 OK health label=production container=odoo-production
2026-06-07T13:20:03-06:00 OK health label=staging container=odoo-staging
2026-06-07T13:20:03-06:00 OK disk path=/opt/odoo used=23%
2026-06-07T13:20:03-06:00 SUMMARY status=ok
2026-06-07T13:25:01-06:00 OK health label=production container=odoo-production
2026-06-07T13:25:01-06:00 OK health label=staging container=odoo-staging
2026-06-07T13:25:01-06:00 OK disk path=/opt/odoo used=23%
2026-06-07T13:25:01-06:00 SUMMARY status=ok
2026-06-07T13:30:03-06:00 OK health label=production container=odoo-production
2026-06-07T13:30:03-06:00 OK health label=staging container=odoo-staging
2026-06-07T13:30:03-06:00 OK disk path=/opt/odoo used=23%
2026-06-07T13:30:03-06:00 SUMMARY status=ok
2026-06-07T13:35:04-06:00 OK health label=production container=odoo-production
2026-06-07T13:35:04-06:00 OK health label=staging container=odoo-staging
2026-06-07T13:35:04-06:00 OK disk path=/opt/odoo used=23%
2026-06-07T13:35:04-06:00 SUMMARY status=ok
2026-06-07T13:40:02-06:00 OK health label=production container=odoo-production
2026-06-07T13:40:02-06:00 OK health label=staging container=odoo-staging
2026-06-07T13:40:02-06:00 OK disk path=/opt/odoo used=23%
2026-06-07T13:40:02-06:00 SUMMARY status=ok
2026-06-07T13:45:01-06:00 OK health label=production container=odoo-production
2026-06-07T13:45:01-06:00 OK health label=staging container=odoo-staging
2026-06-07T13:45:01-06:00 OK disk path=/opt/odoo used=23%
2026-06-07T13:45:01-06:00 SUMMARY status=ok
2026-06-07T13:50:02-06:00 OK health label=production container=odoo-production
2026-06-07T13:50:02-06:00 OK health label=staging container=odoo-staging
2026-06-07T13:50:02-06:00 OK disk path=/opt/odoo used=23%
2026-06-07T13:50:02-06:00 SUMMARY status=ok
2026-06-07T13:55:02-06:00 OK health label=production container=odoo-production
2026-06-07T13:55:02-06:00 OK health label=staging container=odoo-staging
2026-06-07T13:55:02-06:00 OK disk path=/opt/odoo used=23%
2026-06-07T13:55:02-06:00 SUMMARY status=ok
2026-06-07T14:00:01-06:00 OK health label=production container=odoo-production
2026-06-07T14:00:01-06:00 OK health label=staging container=odoo-staging
2026-06-07T14:00:01-06:00 OK disk path=/opt/odoo used=23%
2026-06-07T14:00:01-06:00 SUMMARY status=ok
2026-06-07T14:05:01-06:00 OK health label=production container=odoo-production
2026-06-07T14:05:01-06:00 OK health label=staging container=odoo-staging
2026-06-07T14:05:01-06:00 OK disk path=/opt/odoo used=23%
2026-06-07T14:05:01-06:00 SUMMARY status=ok
2026-06-07T14:10:01-06:00 OK health label=production container=odoo-production
2026-06-07T14:10:01-06:00 OK health label=staging container=odoo-staging
2026-06-07T14:10:01-06:00 OK disk path=/opt/odoo used=23%
2026-06-07T14:10:01-06:00 SUMMARY status=ok
2026-06-07T14:15:01-06:00 OK health label=production container=odoo-production
2026-06-07T14:15:01-06:00 OK health label=staging container=odoo-staging
2026-06-07T14:15:01-06:00 OK disk path=/opt/odoo used=23%
2026-06-07T14:15:01-06:00 SUMMARY status=ok
2026-06-07T14:20:02-06:00 OK health label=production container=odoo-production
2026-06-07T14:20:02-06:00 OK health label=staging container=odoo-staging
2026-06-07T14:20:02-06:00 OK disk path=/opt/odoo used=23%
2026-06-07T14:20:02-06:00 SUMMARY status=ok
2026-06-07T14:25:01-06:00 OK health label=production container=odoo-production
2026-06-07T14:25:01-06:00 OK health label=staging container=odoo-staging
2026-06-07T14:25:01-06:00 OK disk path=/opt/odoo used=23%
2026-06-07T14:25:01-06:00 SUMMARY status=ok
2026-06-07T14:30:03-06:00 OK health label=production container=odoo-production
2026-06-07T14:30:03-06:00 OK health label=staging container=odoo-staging
2026-06-07T14:30:03-06:00 OK disk path=/opt/odoo used=23%
2026-06-07T14:30:03-06:00 SUMMARY status=ok
2026-06-07T14:35:01-06:00 OK health label=production container=odoo-production
2026-06-07T14:35:01-06:00 OK health label=staging container=odoo-staging
2026-06-07T14:35:01-06:00 OK disk path=/opt/odoo used=23%
2026-06-07T14:35:01-06:00 SUMMARY status=ok
2026-06-07T14:40:01-06:00 OK health label=production container=odoo-production
2026-06-07T14:40:01-06:00 OK health label=staging container=odoo-staging
2026-06-07T14:40:01-06:00 OK disk path=/opt/odoo used=23%
2026-06-07T14:40:01-06:00 SUMMARY status=ok
2026-06-07T14:45:01-06:00 OK health label=production container=odoo-production
2026-06-07T14:45:01-06:00 OK health label=staging container=odoo-staging
2026-06-07T14:45:01-06:00 OK disk path=/opt/odoo used=23%
2026-06-07T14:45:01-06:00 SUMMARY status=ok
2026-06-07T14:50:01-06:00 OK health label=production container=odoo-production
2026-06-07T14:50:01-06:00 OK health label=staging container=odoo-staging
2026-06-07T14:50:01-06:00 OK disk path=/opt/odoo used=23%
2026-06-07T14:50:01-06:00 SUMMARY status=ok
2026-06-07T14:55:02-06:00 OK health label=production container=odoo-production
2026-06-07T14:55:02-06:00 OK health label=staging container=odoo-staging
2026-06-07T14:55:02-06:00 OK disk path=/opt/odoo used=23%
2026-06-07T14:55:02-06:00 SUMMARY status=ok
2026-06-07T15:00:02-06:00 OK health label=production container=odoo-production
2026-06-07T15:00:02-06:00 OK health label=staging container=odoo-staging
2026-06-07T15:00:02-06:00 OK disk path=/opt/odoo used=23%
2026-06-07T15:00:02-06:00 SUMMARY status=ok
2026-06-07T15:05:02-06:00 OK health label=production container=odoo-production
2026-06-07T15:05:02-06:00 OK health label=staging container=odoo-staging
2026-06-07T15:05:02-06:00 OK disk path=/opt/odoo used=23%
2026-06-07T15:05:02-06:00 SUMMARY status=ok
2026-06-07T15:10:02-06:00 OK health label=production container=odoo-production
2026-06-07T15:10:02-06:00 OK health label=staging container=odoo-staging
2026-06-07T15:10:02-06:00 OK disk path=/opt/odoo used=23%
2026-06-07T15:10:02-06:00 SUMMARY status=ok
2026-06-07T15:15:02-06:00 OK health label=production container=odoo-production
2026-06-07T15:15:02-06:00 OK health label=staging container=odoo-staging
2026-06-07T15:15:02-06:00 OK disk path=/opt/odoo used=23%
2026-06-07T15:15:02-06:00 SUMMARY status=ok
2026-06-07T15:20:01-06:00 OK health label=production container=odoo-production
2026-06-07T15:20:01-06:00 OK health label=staging container=odoo-staging
2026-06-07T15:20:01-06:00 OK disk path=/opt/odoo used=23%
2026-06-07T15:20:01-06:00 SUMMARY status=ok
2026-06-07T15:25:02-06:00 OK health label=production container=odoo-production
2026-06-07T15:25:02-06:00 OK health label=staging container=odoo-staging
2026-06-07T15:25:02-06:00 OK disk path=/opt/odoo used=23%
2026-06-07T15:25:02-06:00 SUMMARY status=ok
2026-06-07T15:30:01-06:00 OK health label=production container=odoo-production
2026-06-07T15:30:01-06:00 OK health label=staging container=odoo-staging
2026-06-07T15:30:01-06:00 OK disk path=/opt/odoo used=23%
2026-06-07T15:30:01-06:00 SUMMARY status=ok
2026-06-07T15:35:01-06:00 OK health label=production container=odoo-production
2026-06-07T15:35:01-06:00 OK health label=staging container=odoo-staging
2026-06-07T15:35:01-06:00 OK disk path=/opt/odoo used=23%
2026-06-07T15:35:01-06:00 SUMMARY status=ok
2026-06-07T15:40:02-06:00 OK health label=production container=odoo-production
2026-06-07T15:40:02-06:00 OK health label=staging container=odoo-staging
2026-06-07T15:40:02-06:00 OK disk path=/opt/odoo used=23%
2026-06-07T15:40:02-06:00 SUMMARY status=ok
2026-06-07T15:45:02-06:00 OK health label=production container=odoo-production
2026-06-07T15:45:02-06:00 OK health label=staging container=odoo-staging
2026-06-07T15:45:02-06:00 OK disk path=/opt/odoo used=23%
2026-06-07T15:45:02-06:00 SUMMARY status=ok
2026-06-07T15:50:03-06:00 OK health label=production container=odoo-production
2026-06-07T15:50:03-06:00 OK health label=staging container=odoo-staging
2026-06-07T15:50:03-06:00 OK disk path=/opt/odoo used=23%
2026-06-07T15:50:03-06:00 SUMMARY status=ok
2026-06-07T15:55:02-06:00 OK health label=production container=odoo-production
2026-06-07T15:55:02-06:00 OK health label=staging container=odoo-staging
2026-06-07T15:55:02-06:00 OK disk path=/opt/odoo used=23%
2026-06-07T15:55:02-06:00 SUMMARY status=ok
2026-06-07T16:00:01-06:00 OK health label=production container=odoo-production
2026-06-07T16:00:01-06:00 OK health label=staging container=odoo-staging
2026-06-07T16:00:01-06:00 OK disk path=/opt/odoo used=23%
2026-06-07T16:00:01-06:00 SUMMARY status=ok
2026-06-07T16:05:02-06:00 OK health label=production container=odoo-production
2026-06-07T16:05:02-06:00 OK health label=staging container=odoo-staging
2026-06-07T16:05:02-06:00 OK disk path=/opt/odoo used=23%
2026-06-07T16:05:02-06:00 SUMMARY status=ok
2026-06-07T16:10:01-06:00 OK health label=production container=odoo-production
2026-06-07T16:10:01-06:00 OK health label=staging container=odoo-staging
2026-06-07T16:10:01-06:00 OK disk path=/opt/odoo used=23%
2026-06-07T16:10:01-06:00 SUMMARY status=ok
2026-06-07T16:15:01-06:00 OK health label=production container=odoo-production
2026-06-07T16:15:01-06:00 OK health label=staging container=odoo-staging
2026-06-07T16:15:01-06:00 OK disk path=/opt/odoo used=23%
2026-06-07T16:15:01-06:00 SUMMARY status=ok
2026-06-07T16:20:02-06:00 OK health label=production container=odoo-production
2026-06-07T16:20:02-06:00 OK health label=staging container=odoo-staging
2026-06-07T16:20:02-06:00 OK disk path=/opt/odoo used=23%
2026-06-07T16:20:02-06:00 SUMMARY status=ok
2026-06-07T16:25:02-06:00 OK health label=production container=odoo-production
2026-06-07T16:25:02-06:00 OK health label=staging container=odoo-staging
2026-06-07T16:25:02-06:00 OK disk path=/opt/odoo used=23%
2026-06-07T16:25:02-06:00 SUMMARY status=ok
2026-06-07T16:30:01-06:00 OK health label=production container=odoo-production
2026-06-07T16:30:01-06:00 OK health label=staging container=odoo-staging
2026-06-07T16:30:01-06:00 OK disk path=/opt/odoo used=23%
2026-06-07T16:30:01-06:00 SUMMARY status=ok
2026-06-07T16:35:02-06:00 OK health label=production container=odoo-production
2026-06-07T16:35:02-06:00 OK health label=staging container=odoo-staging
2026-06-07T16:35:02-06:00 OK disk path=/opt/odoo used=23%
2026-06-07T16:35:02-06:00 SUMMARY status=ok
2026-06-07T16:40:02-06:00 OK health label=production container=odoo-production
2026-06-07T16:40:02-06:00 OK health label=staging container=odoo-staging
2026-06-07T16:40:02-06:00 OK disk path=/opt/odoo used=23%
2026-06-07T16:40:02-06:00 SUMMARY status=ok
2026-06-07T16:45:01-06:00 OK health label=production container=odoo-production
2026-06-07T16:45:01-06:00 OK health label=staging container=odoo-staging
2026-06-07T16:45:01-06:00 OK disk path=/opt/odoo used=23%
2026-06-07T16:45:01-06:00 SUMMARY status=ok
2026-06-07T16:50:03-06:00 OK health label=production container=odoo-production
2026-06-07T16:50:03-06:00 OK health label=staging container=odoo-staging
2026-06-07T16:50:03-06:00 OK disk path=/opt/odoo used=23%
2026-06-07T16:50:03-06:00 SUMMARY status=ok
2026-06-07T16:55:01-06:00 OK health label=production container=odoo-production
2026-06-07T16:55:01-06:00 OK health label=staging container=odoo-staging
2026-06-07T16:55:01-06:00 OK disk path=/opt/odoo used=23%
2026-06-07T16:55:01-06:00 SUMMARY status=ok
2026-06-07T17:00:01-06:00 OK health label=production container=odoo-production
2026-06-07T17:00:01-06:00 OK health label=staging container=odoo-staging
2026-06-07T17:00:01-06:00 OK disk path=/opt/odoo used=23%
2026-06-07T17:00:01-06:00 SUMMARY status=ok
2026-06-07T17:05:02-06:00 OK health label=production container=odoo-production
2026-06-07T17:05:02-06:00 OK health label=staging container=odoo-staging
2026-06-07T17:05:02-06:00 OK disk path=/opt/odoo used=23%
2026-06-07T17:05:02-06:00 SUMMARY status=ok
2026-06-07T17:10:02-06:00 OK health label=production container=odoo-production
2026-06-07T17:10:02-06:00 OK health label=staging container=odoo-staging
2026-06-07T17:10:02-06:00 OK disk path=/opt/odoo used=23%
2026-06-07T17:10:02-06:00 SUMMARY status=ok
2026-06-07T17:15:02-06:00 OK health label=production container=odoo-production
2026-06-07T17:15:02-06:00 OK health label=staging container=odoo-staging
2026-06-07T17:15:02-06:00 OK disk path=/opt/odoo used=23%
2026-06-07T17:15:02-06:00 SUMMARY status=ok
2026-06-07T17:20:02-06:00 OK health label=production container=odoo-production
2026-06-07T17:20:02-06:00 OK health label=staging container=odoo-staging
2026-06-07T17:20:02-06:00 OK disk path=/opt/odoo used=23%
2026-06-07T17:20:02-06:00 SUMMARY status=ok
2026-06-07T17:25:02-06:00 OK health label=production container=odoo-production
2026-06-07T17:25:02-06:00 OK health label=staging container=odoo-staging
2026-06-07T17:25:02-06:00 OK disk path=/opt/odoo used=23%
2026-06-07T17:25:02-06:00 SUMMARY status=ok
2026-06-07T17:30:01-06:00 OK health label=production container=odoo-production
2026-06-07T17:30:01-06:00 OK health label=staging container=odoo-staging
2026-06-07T17:30:01-06:00 OK disk path=/opt/odoo used=23%
2026-06-07T17:30:01-06:00 SUMMARY status=ok
2026-06-07T17:35:01-06:00 OK health label=production container=odoo-production
2026-06-07T17:35:01-06:00 OK health label=staging container=odoo-staging
2026-06-07T17:35:01-06:00 OK disk path=/opt/odoo used=23%
2026-06-07T17:35:01-06:00 SUMMARY status=ok
2026-06-07T17:40:02-06:00 OK health label=production container=odoo-production
2026-06-07T17:40:02-06:00 OK health label=staging container=odoo-staging
2026-06-07T17:40:02-06:00 OK disk path=/opt/odoo used=23%
2026-06-07T17:40:02-06:00 SUMMARY status=ok
2026-06-07T17:45:01-06:00 OK health label=production container=odoo-production
2026-06-07T17:45:01-06:00 OK health label=staging container=odoo-staging
2026-06-07T17:45:01-06:00 OK disk path=/opt/odoo used=23%
2026-06-07T17:45:01-06:00 SUMMARY status=ok
2026-06-07T17:50:01-06:00 OK health label=production container=odoo-production
2026-06-07T17:50:01-06:00 OK health label=staging container=odoo-staging
2026-06-07T17:50:01-06:00 OK disk path=/opt/odoo used=23%
2026-06-07T17:50:01-06:00 SUMMARY status=ok
2026-06-07T17:55:01-06:00 OK health label=production container=odoo-production
2026-06-07T17:55:01-06:00 OK health label=staging container=odoo-staging
2026-06-07T17:55:01-06:00 OK disk path=/opt/odoo used=23%
2026-06-07T17:55:01-06:00 SUMMARY status=ok
2026-06-07T18:00:03-06:00 OK health label=production container=odoo-production
2026-06-07T18:00:03-06:00 OK health label=staging container=odoo-staging
2026-06-07T18:00:03-06:00 OK disk path=/opt/odoo used=23%
2026-06-07T18:00:03-06:00 SUMMARY status=ok
2026-06-07T18:05:01-06:00 OK health label=production container=odoo-production
2026-06-07T18:05:01-06:00 OK health label=staging container=odoo-staging
2026-06-07T18:05:01-06:00 OK disk path=/opt/odoo used=23%
2026-06-07T18:05:01-06:00 SUMMARY status=ok
2026-06-07T18:10:01-06:00 OK health label=production container=odoo-production
2026-06-07T18:10:01-06:00 OK health label=staging container=odoo-staging
2026-06-07T18:10:01-06:00 OK disk path=/opt/odoo used=23%
2026-06-07T18:10:01-06:00 SUMMARY status=ok
2026-06-07T18:15:01-06:00 OK health label=production container=odoo-production
2026-06-07T18:15:01-06:00 OK health label=staging container=odoo-staging
2026-06-07T18:15:01-06:00 OK disk path=/opt/odoo used=23%
2026-06-07T18:15:01-06:00 SUMMARY status=ok
2026-06-07T18:20:05-06:00 OK health label=production container=odoo-production
2026-06-07T18:20:05-06:00 OK health label=staging container=odoo-staging
2026-06-07T18:20:05-06:00 OK disk path=/opt/odoo used=23%
2026-06-07T18:20:05-06:00 SUMMARY status=ok
2026-06-07T18:25:02-06:00 OK health label=production container=odoo-production
2026-06-07T18:25:02-06:00 OK health label=staging container=odoo-staging
2026-06-07T18:25:02-06:00 OK disk path=/opt/odoo used=23%
2026-06-07T18:25:02-06:00 SUMMARY status=ok
2026-06-07T18:30:01-06:00 OK health label=production container=odoo-production
2026-06-07T18:30:01-06:00 OK health label=staging container=odoo-staging
2026-06-07T18:30:01-06:00 OK disk path=/opt/odoo used=23%
2026-06-07T18:30:01-06:00 SUMMARY status=ok
2026-06-07T18:35:01-06:00 OK health label=production container=odoo-production
2026-06-07T18:35:01-06:00 OK health label=staging container=odoo-staging
2026-06-07T18:35:01-06:00 OK disk path=/opt/odoo used=23%
2026-06-07T18:35:01-06:00 SUMMARY status=ok
2026-06-07T18:40:02-06:00 OK health label=production container=odoo-production
2026-06-07T18:40:02-06:00 OK health label=staging container=odoo-staging
2026-06-07T18:40:02-06:00 OK disk path=/opt/odoo used=23%
2026-06-07T18:40:02-06:00 SUMMARY status=ok
2026-06-07T18:45:01-06:00 OK health label=production container=odoo-production
2026-06-07T18:45:01-06:00 OK health label=staging container=odoo-staging
2026-06-07T18:45:01-06:00 OK disk path=/opt/odoo used=23%
2026-06-07T18:45:01-06:00 SUMMARY status=ok
2026-06-07T18:50:01-06:00 OK health label=production container=odoo-production
2026-06-07T18:50:01-06:00 OK health label=staging container=odoo-staging
2026-06-07T18:50:01-06:00 OK disk path=/opt/odoo used=23%
2026-06-07T18:50:01-06:00 SUMMARY status=ok
2026-06-07T18:55:02-06:00 OK health label=production container=odoo-production
2026-06-07T18:55:02-06:00 OK health label=staging container=odoo-staging
2026-06-07T18:55:02-06:00 OK disk path=/opt/odoo used=23%
2026-06-07T18:55:02-06:00 SUMMARY status=ok
2026-06-07T19:00:02-06:00 OK health label=production container=odoo-production
2026-06-07T19:00:02-06:00 OK health label=staging container=odoo-staging
2026-06-07T19:00:02-06:00 OK disk path=/opt/odoo used=23%
2026-06-07T19:00:02-06:00 SUMMARY status=ok
2026-06-07T19:05:01-06:00 OK health label=production container=odoo-production
2026-06-07T19:05:01-06:00 OK health label=staging container=odoo-staging
2026-06-07T19:05:01-06:00 OK disk path=/opt/odoo used=23%
2026-06-07T19:05:01-06:00 SUMMARY status=ok
2026-06-07T19:10:02-06:00 OK health label=production container=odoo-production
2026-06-07T19:10:02-06:00 OK health label=staging container=odoo-staging
2026-06-07T19:10:02-06:00 OK disk path=/opt/odoo used=23%
2026-06-07T19:10:02-06:00 SUMMARY status=ok
2026-06-07T19:15:01-06:00 OK health label=production container=odoo-production
2026-06-07T19:15:01-06:00 OK health label=staging container=odoo-staging
2026-06-07T19:15:01-06:00 OK disk path=/opt/odoo used=23%
2026-06-07T19:15:01-06:00 SUMMARY status=ok
2026-06-07T19:20:01-06:00 OK health label=production container=odoo-production
2026-06-07T19:20:01-06:00 OK health label=staging container=odoo-staging
2026-06-07T19:20:01-06:00 OK disk path=/opt/odoo used=23%
2026-06-07T19:20:01-06:00 SUMMARY status=ok
2026-06-07T19:25:02-06:00 OK health label=production container=odoo-production
2026-06-07T19:25:02-06:00 OK health label=staging container=odoo-staging
2026-06-07T19:25:02-06:00 OK disk path=/opt/odoo used=23%
2026-06-07T19:25:02-06:00 SUMMARY status=ok
2026-06-07T19:30:02-06:00 OK health label=production container=odoo-production
2026-06-07T19:30:02-06:00 OK health label=staging container=odoo-staging
2026-06-07T19:30:02-06:00 OK disk path=/opt/odoo used=23%
2026-06-07T19:30:02-06:00 SUMMARY status=ok
2026-06-07T19:35:03-06:00 OK health label=production container=odoo-production
2026-06-07T19:35:03-06:00 OK health label=staging container=odoo-staging
2026-06-07T19:35:03-06:00 OK disk path=/opt/odoo used=23%
2026-06-07T19:35:03-06:00 SUMMARY status=ok
2026-06-07T19:40:01-06:00 OK health label=production container=odoo-production
2026-06-07T19:40:01-06:00 OK health label=staging container=odoo-staging
2026-06-07T19:40:01-06:00 OK disk path=/opt/odoo used=23%
2026-06-07T19:40:01-06:00 SUMMARY status=ok
2026-06-07T19:45:01-06:00 OK health label=production container=odoo-production
2026-06-07T19:45:01-06:00 OK health label=staging container=odoo-staging
2026-06-07T19:45:01-06:00 OK disk path=/opt/odoo used=23%
2026-06-07T19:45:01-06:00 SUMMARY status=ok
2026-06-07T19:50:01-06:00 OK health label=production container=odoo-production
2026-06-07T19:50:01-06:00 OK health label=staging container=odoo-staging
2026-06-07T19:50:01-06:00 OK disk path=/opt/odoo used=23%
2026-06-07T19:50:01-06:00 SUMMARY status=ok
2026-06-07T19:55:01-06:00 OK health label=production container=odoo-production
2026-06-07T19:55:01-06:00 OK health label=staging container=odoo-staging
2026-06-07T19:55:01-06:00 OK disk path=/opt/odoo used=23%
2026-06-07T19:55:01-06:00 SUMMARY status=ok
2026-06-07T20:00:02-06:00 OK health label=production container=odoo-production
2026-06-07T20:00:02-06:00 OK health label=staging container=odoo-staging
2026-06-07T20:00:02-06:00 OK disk path=/opt/odoo used=23%
2026-06-07T20:00:02-06:00 SUMMARY status=ok
2026-06-07T20:05:02-06:00 OK health label=production container=odoo-production
2026-06-07T20:05:02-06:00 OK health label=staging container=odoo-staging
2026-06-07T20:05:02-06:00 OK disk path=/opt/odoo used=23%
2026-06-07T20:05:02-06:00 SUMMARY status=ok
2026-06-07T20:10:01-06:00 OK health label=production container=odoo-production
2026-06-07T20:10:01-06:00 OK health label=staging container=odoo-staging
2026-06-07T20:10:01-06:00 OK disk path=/opt/odoo used=23%
2026-06-07T20:10:01-06:00 SUMMARY status=ok
2026-06-07T20:15:01-06:00 OK health label=production container=odoo-production
2026-06-07T20:15:01-06:00 OK health label=staging container=odoo-staging
2026-06-07T20:15:01-06:00 OK disk path=/opt/odoo used=23%
2026-06-07T20:15:01-06:00 SUMMARY status=ok
2026-06-07T20:20:02-06:00 OK health label=production container=odoo-production
2026-06-07T20:20:02-06:00 OK health label=staging container=odoo-staging
2026-06-07T20:20:02-06:00 OK disk path=/opt/odoo used=23%
2026-06-07T20:20:02-06:00 SUMMARY status=ok
2026-06-07T20:25:02-06:00 OK health label=production container=odoo-production
2026-06-07T20:25:02-06:00 OK health label=staging container=odoo-staging
2026-06-07T20:25:02-06:00 OK disk path=/opt/odoo used=23%
2026-06-07T20:25:02-06:00 SUMMARY status=ok
2026-06-07T20:30:02-06:00 OK health label=production container=odoo-production
2026-06-07T20:30:02-06:00 OK health label=staging container=odoo-staging
2026-06-07T20:30:02-06:00 OK disk path=/opt/odoo used=23%
2026-06-07T20:30:02-06:00 SUMMARY status=ok
2026-06-07T20:35:01-06:00 OK health label=production container=odoo-production
2026-06-07T20:35:01-06:00 OK health label=staging container=odoo-staging
2026-06-07T20:35:01-06:00 OK disk path=/opt/odoo used=23%
2026-06-07T20:35:01-06:00 SUMMARY status=ok
2026-06-07T20:40:02-06:00 OK health label=production container=odoo-production
2026-06-07T20:40:02-06:00 OK health label=staging container=odoo-staging
2026-06-07T20:40:02-06:00 OK disk path=/opt/odoo used=23%
2026-06-07T20:40:02-06:00 SUMMARY status=ok
2026-06-07T20:45:01-06:00 OK health label=production container=odoo-production
2026-06-07T20:45:01-06:00 OK health label=staging container=odoo-staging
2026-06-07T20:45:01-06:00 OK disk path=/opt/odoo used=23%
2026-06-07T20:45:01-06:00 SUMMARY status=ok
2026-06-07T20:50:02-06:00 OK health label=production container=odoo-production
2026-06-07T20:50:02-06:00 OK health label=staging container=odoo-staging
2026-06-07T20:50:02-06:00 OK disk path=/opt/odoo used=23%
2026-06-07T20:50:02-06:00 SUMMARY status=ok
2026-06-07T20:55:01-06:00 OK health label=production container=odoo-production
2026-06-07T20:55:01-06:00 OK health label=staging container=odoo-staging
2026-06-07T20:55:01-06:00 OK disk path=/opt/odoo used=23%
2026-06-07T20:55:01-06:00 SUMMARY status=ok
2026-06-07T21:00:01-06:00 OK health label=production container=odoo-production
2026-06-07T21:00:01-06:00 OK health label=staging container=odoo-staging
2026-06-07T21:00:01-06:00 OK disk path=/opt/odoo used=23%
2026-06-07T21:00:01-06:00 SUMMARY status=ok
2026-06-07T21:05:02-06:00 OK health label=production container=odoo-production
2026-06-07T21:05:02-06:00 OK health label=staging container=odoo-staging
2026-06-07T21:05:02-06:00 OK disk path=/opt/odoo used=23%
2026-06-07T21:05:02-06:00 SUMMARY status=ok
2026-06-07T21:10:02-06:00 OK health label=production container=odoo-production
2026-06-07T21:10:02-06:00 OK health label=staging container=odoo-staging
2026-06-07T21:10:02-06:00 OK disk path=/opt/odoo used=23%
2026-06-07T21:10:02-06:00 SUMMARY status=ok
2026-06-07T21:15:01-06:00 OK health label=production container=odoo-production
2026-06-07T21:15:01-06:00 OK health label=staging container=odoo-staging
2026-06-07T21:15:01-06:00 OK disk path=/opt/odoo used=23%
2026-06-07T21:15:01-06:00 SUMMARY status=ok
2026-06-07T21:20:01-06:00 OK health label=production container=odoo-production
2026-06-07T21:20:01-06:00 OK health label=staging container=odoo-staging
2026-06-07T21:20:01-06:00 OK disk path=/opt/odoo used=23%
2026-06-07T21:20:01-06:00 SUMMARY status=ok
2026-06-07T21:25:03-06:00 OK health label=production container=odoo-production
2026-06-07T21:25:03-06:00 OK health label=staging container=odoo-staging
2026-06-07T21:25:03-06:00 OK disk path=/opt/odoo used=23%
2026-06-07T21:25:03-06:00 SUMMARY status=ok
2026-06-07T21:30:02-06:00 OK health label=production container=odoo-production
2026-06-07T21:30:02-06:00 OK health label=staging container=odoo-staging
2026-06-07T21:30:02-06:00 OK disk path=/opt/odoo used=23%
2026-06-07T21:30:02-06:00 SUMMARY status=ok
2026-06-07T21:35:02-06:00 OK health label=production container=odoo-production
2026-06-07T21:35:02-06:00 OK health label=staging container=odoo-staging
2026-06-07T21:35:02-06:00 OK disk path=/opt/odoo used=23%
2026-06-07T21:35:02-06:00 SUMMARY status=ok
2026-06-07T21:40:02-06:00 OK health label=production container=odoo-production
2026-06-07T21:40:02-06:00 OK health label=staging container=odoo-staging
2026-06-07T21:40:02-06:00 OK disk path=/opt/odoo used=23%
2026-06-07T21:40:02-06:00 SUMMARY status=ok
2026-06-07T21:45:02-06:00 OK health label=production container=odoo-production
2026-06-07T21:45:02-06:00 OK health label=staging container=odoo-staging
2026-06-07T21:45:02-06:00 OK disk path=/opt/odoo used=23%
2026-06-07T21:45:02-06:00 SUMMARY status=ok
2026-06-07T21:50:01-06:00 OK health label=production container=odoo-production
2026-06-07T21:50:01-06:00 OK health label=staging container=odoo-staging
2026-06-07T21:50:01-06:00 OK disk path=/opt/odoo used=23%
2026-06-07T21:50:01-06:00 SUMMARY status=ok
2026-06-07T21:55:03-06:00 OK health label=production container=odoo-production
2026-06-07T21:55:03-06:00 OK health label=staging container=odoo-staging
2026-06-07T21:55:03-06:00 OK disk path=/opt/odoo used=23%
2026-06-07T21:55:03-06:00 SUMMARY status=ok
2026-06-07T22:00:02-06:00 OK health label=production container=odoo-production
2026-06-07T22:00:02-06:00 OK health label=staging container=odoo-staging
2026-06-07T22:00:02-06:00 OK disk path=/opt/odoo used=23%
2026-06-07T22:00:02-06:00 SUMMARY status=ok
2026-06-07T22:05:01-06:00 OK health label=production container=odoo-production
2026-06-07T22:05:01-06:00 OK health label=staging container=odoo-staging
2026-06-07T22:05:01-06:00 OK disk path=/opt/odoo used=23%
2026-06-07T22:05:01-06:00 SUMMARY status=ok
2026-06-07T22:10:01-06:00 OK health label=production container=odoo-production
2026-06-07T22:10:01-06:00 OK health label=staging container=odoo-staging
2026-06-07T22:10:01-06:00 OK disk path=/opt/odoo used=23%
2026-06-07T22:10:01-06:00 SUMMARY status=ok
2026-06-07T22:15:01-06:00 OK health label=production container=odoo-production
2026-06-07T22:15:01-06:00 OK health label=staging container=odoo-staging
2026-06-07T22:15:01-06:00 OK disk path=/opt/odoo used=23%
2026-06-07T22:15:01-06:00 SUMMARY status=ok
2026-06-07T22:20:01-06:00 OK health label=production container=odoo-production
2026-06-07T22:20:01-06:00 OK health label=staging container=odoo-staging
2026-06-07T22:20:01-06:00 OK disk path=/opt/odoo used=23%
2026-06-07T22:20:01-06:00 SUMMARY status=ok
2026-06-07T22:25:01-06:00 OK health label=production container=odoo-production
2026-06-07T22:25:01-06:00 OK health label=staging container=odoo-staging
2026-06-07T22:25:01-06:00 OK disk path=/opt/odoo used=23%
2026-06-07T22:25:01-06:00 SUMMARY status=ok
2026-06-07T22:30:01-06:00 OK health label=production container=odoo-production
2026-06-07T22:30:01-06:00 OK health label=staging container=odoo-staging
2026-06-07T22:30:01-06:00 OK disk path=/opt/odoo used=23%
2026-06-07T22:30:01-06:00 SUMMARY status=ok
2026-06-07T22:35:01-06:00 OK health label=production container=odoo-production
2026-06-07T22:35:01-06:00 OK health label=staging container=odoo-staging
2026-06-07T22:35:01-06:00 OK disk path=/opt/odoo used=23%
2026-06-07T22:35:01-06:00 SUMMARY status=ok
2026-06-07T22:40:02-06:00 OK health label=production container=odoo-production
2026-06-07T22:40:02-06:00 OK health label=staging container=odoo-staging
2026-06-07T22:40:02-06:00 OK disk path=/opt/odoo used=23%
2026-06-07T22:40:02-06:00 SUMMARY status=ok
2026-06-07T22:45:02-06:00 OK health label=production container=odoo-production
2026-06-07T22:45:02-06:00 OK health label=staging container=odoo-staging
2026-06-07T22:45:02-06:00 OK disk path=/opt/odoo used=23%
2026-06-07T22:45:02-06:00 SUMMARY status=ok
2026-06-07T22:50:01-06:00 OK health label=production container=odoo-production
2026-06-07T22:50:01-06:00 OK health label=staging container=odoo-staging
2026-06-07T22:50:01-06:00 OK disk path=/opt/odoo used=23%
2026-06-07T22:50:01-06:00 SUMMARY status=ok
2026-06-07T22:55:01-06:00 OK health label=production container=odoo-production
2026-06-07T22:55:01-06:00 OK health label=staging container=odoo-staging
2026-06-07T22:55:01-06:00 OK disk path=/opt/odoo used=23%
2026-06-07T22:55:01-06:00 SUMMARY status=ok
2026-06-07T23:00:01-06:00 OK health label=production container=odoo-production
2026-06-07T23:00:01-06:00 OK health label=staging container=odoo-staging
2026-06-07T23:00:01-06:00 OK disk path=/opt/odoo used=23%
2026-06-07T23:00:01-06:00 SUMMARY status=ok
2026-06-07T23:05:01-06:00 OK health label=production container=odoo-production
2026-06-07T23:05:01-06:00 OK health label=staging container=odoo-staging
2026-06-07T23:05:01-06:00 OK disk path=/opt/odoo used=23%
2026-06-07T23:05:01-06:00 SUMMARY status=ok
2026-06-07T23:10:01-06:00 OK health label=production container=odoo-production
2026-06-07T23:10:01-06:00 OK health label=staging container=odoo-staging
2026-06-07T23:10:01-06:00 OK disk path=/opt/odoo used=23%
2026-06-07T23:10:01-06:00 SUMMARY status=ok
2026-06-07T23:15:02-06:00 OK health label=production container=odoo-production
2026-06-07T23:15:02-06:00 OK health label=staging container=odoo-staging
2026-06-07T23:15:02-06:00 OK disk path=/opt/odoo used=23%
2026-06-07T23:15:02-06:00 SUMMARY status=ok
2026-06-07T23:20:01-06:00 OK health label=production container=odoo-production
2026-06-07T23:20:01-06:00 OK health label=staging container=odoo-staging
2026-06-07T23:20:01-06:00 OK disk path=/opt/odoo used=23%
2026-06-07T23:20:01-06:00 SUMMARY status=ok
2026-06-07T23:25:05-06:00 OK health label=production container=odoo-production
2026-06-07T23:25:05-06:00 OK health label=staging container=odoo-staging
2026-06-07T23:25:05-06:00 OK disk path=/opt/odoo used=23%
2026-06-07T23:25:05-06:00 SUMMARY status=ok
2026-06-07T23:30:02-06:00 OK health label=production container=odoo-production
2026-06-07T23:30:02-06:00 OK health label=staging container=odoo-staging
2026-06-07T23:30:02-06:00 OK disk path=/opt/odoo used=23%
2026-06-07T23:30:02-06:00 SUMMARY status=ok
2026-06-07T23:35:02-06:00 OK health label=production container=odoo-production
2026-06-07T23:35:02-06:00 OK health label=staging container=odoo-staging
2026-06-07T23:35:02-06:00 OK disk path=/opt/odoo used=23%
2026-06-07T23:35:02-06:00 SUMMARY status=ok
2026-06-07T23:40:01-06:00 OK health label=production container=odoo-production
2026-06-07T23:40:01-06:00 OK health label=staging container=odoo-staging
2026-06-07T23:40:01-06:00 OK disk path=/opt/odoo used=23%
2026-06-07T23:40:01-06:00 SUMMARY status=ok
2026-06-07T23:45:01-06:00 OK health label=production container=odoo-production
2026-06-07T23:45:01-06:00 OK health label=staging container=odoo-staging
2026-06-07T23:45:01-06:00 OK disk path=/opt/odoo used=23%
2026-06-07T23:45:01-06:00 SUMMARY status=ok
2026-06-07T23:50:01-06:00 OK health label=production container=odoo-production
2026-06-07T23:50:01-06:00 OK health label=staging container=odoo-staging
2026-06-07T23:50:01-06:00 OK disk path=/opt/odoo used=23%
2026-06-07T23:50:01-06:00 SUMMARY status=ok
2026-06-07T23:55:02-06:00 OK health label=production container=odoo-production
2026-06-07T23:55:02-06:00 OK health label=staging container=odoo-staging
2026-06-07T23:55:02-06:00 OK disk path=/opt/odoo used=23%
2026-06-07T23:55:02-06:00 SUMMARY status=ok
2026-06-08T00:00:03-06:00 OK health label=production container=odoo-production
2026-06-08T00:00:03-06:00 OK health label=staging container=odoo-staging
2026-06-08T00:00:03-06:00 OK disk path=/opt/odoo used=23%
2026-06-08T00:00:03-06:00 SUMMARY status=ok
2026-06-08T00:05:02-06:00 OK health label=production container=odoo-production
2026-06-08T00:05:02-06:00 OK health label=staging container=odoo-staging
2026-06-08T00:05:02-06:00 OK disk path=/opt/odoo used=23%
2026-06-08T00:05:02-06:00 SUMMARY status=ok
2026-06-08T00:10:02-06:00 OK health label=production container=odoo-production
2026-06-08T00:10:02-06:00 OK health label=staging container=odoo-staging
2026-06-08T00:10:02-06:00 OK disk path=/opt/odoo used=23%
2026-06-08T00:10:02-06:00 SUMMARY status=ok
2026-06-08T00:15:02-06:00 OK health label=production container=odoo-production
2026-06-08T00:15:02-06:00 OK health label=staging container=odoo-staging
2026-06-08T00:15:02-06:00 OK disk path=/opt/odoo used=23%
2026-06-08T00:15:02-06:00 SUMMARY status=ok
2026-06-08T00:20:02-06:00 OK health label=production container=odoo-production
2026-06-08T00:20:02-06:00 OK health label=staging container=odoo-staging
2026-06-08T00:20:02-06:00 OK disk path=/opt/odoo used=23%
2026-06-08T00:20:02-06:00 SUMMARY status=ok
2026-06-08T00:25:02-06:00 OK health label=production container=odoo-production
2026-06-08T00:25:02-06:00 OK health label=staging container=odoo-staging
2026-06-08T00:25:02-06:00 OK disk path=/opt/odoo used=23%
2026-06-08T00:25:02-06:00 SUMMARY status=ok
2026-06-08T00:30:02-06:00 OK health label=production container=odoo-production
2026-06-08T00:30:02-06:00 OK health label=staging container=odoo-staging
2026-06-08T00:30:02-06:00 OK disk path=/opt/odoo used=23%
2026-06-08T00:30:02-06:00 SUMMARY status=ok
2026-06-08T00:35:01-06:00 OK health label=production container=odoo-production
2026-06-08T00:35:01-06:00 OK health label=staging container=odoo-staging
2026-06-08T00:35:01-06:00 OK disk path=/opt/odoo used=23%
2026-06-08T00:35:01-06:00 SUMMARY status=ok
2026-06-08T00:40:01-06:00 OK health label=production container=odoo-production
2026-06-08T00:40:01-06:00 OK health label=staging container=odoo-staging
2026-06-08T00:40:01-06:00 OK disk path=/opt/odoo used=23%
2026-06-08T00:40:01-06:00 SUMMARY status=ok
2026-06-08T00:45:01-06:00 OK health label=production container=odoo-production
2026-06-08T00:45:01-06:00 OK health label=staging container=odoo-staging
2026-06-08T00:45:01-06:00 OK disk path=/opt/odoo used=23%
2026-06-08T00:45:01-06:00 SUMMARY status=ok
2026-06-08T00:50:01-06:00 OK health label=production container=odoo-production
2026-06-08T00:50:01-06:00 OK health label=staging container=odoo-staging
2026-06-08T00:50:01-06:00 OK disk path=/opt/odoo used=23%
2026-06-08T00:50:01-06:00 SUMMARY status=ok
2026-06-08T00:55:01-06:00 OK health label=production container=odoo-production
2026-06-08T00:55:01-06:00 OK health label=staging container=odoo-staging
2026-06-08T00:55:01-06:00 OK disk path=/opt/odoo used=23%
2026-06-08T00:55:01-06:00 SUMMARY status=ok
2026-06-08T01:00:02-06:00 OK health label=production container=odoo-production
2026-06-08T01:00:02-06:00 OK health label=staging container=odoo-staging
2026-06-08T01:00:02-06:00 OK disk path=/opt/odoo used=23%
2026-06-08T01:00:02-06:00 SUMMARY status=ok
2026-06-08T01:05:02-06:00 OK health label=production container=odoo-production
2026-06-08T01:05:02-06:00 OK health label=staging container=odoo-staging
2026-06-08T01:05:02-06:00 OK disk path=/opt/odoo used=23%
2026-06-08T01:05:02-06:00 SUMMARY status=ok
2026-06-08T01:10:02-06:00 OK health label=production container=odoo-production
2026-06-08T01:10:02-06:00 OK health label=staging container=odoo-staging
2026-06-08T01:10:02-06:00 OK disk path=/opt/odoo used=23%
2026-06-08T01:10:02-06:00 SUMMARY status=ok
2026-06-08T01:15:02-06:00 OK health label=production container=odoo-production
2026-06-08T01:15:02-06:00 OK health label=staging container=odoo-staging
2026-06-08T01:15:02-06:00 OK disk path=/opt/odoo used=23%
2026-06-08T01:15:02-06:00 SUMMARY status=ok
2026-06-08T01:20:01-06:00 OK health label=production container=odoo-production
2026-06-08T01:20:01-06:00 OK health label=staging container=odoo-staging
2026-06-08T01:20:01-06:00 OK disk path=/opt/odoo used=23%
2026-06-08T01:20:01-06:00 SUMMARY status=ok
2026-06-08T01:25:03-06:00 OK health label=production container=odoo-production
2026-06-08T01:25:03-06:00 OK health label=staging container=odoo-staging
2026-06-08T01:25:03-06:00 OK disk path=/opt/odoo used=23%
2026-06-08T01:25:03-06:00 SUMMARY status=ok
2026-06-08T01:30:02-06:00 OK health label=production container=odoo-production
2026-06-08T01:30:02-06:00 OK health label=staging container=odoo-staging
2026-06-08T01:30:02-06:00 OK disk path=/opt/odoo used=23%
2026-06-08T01:30:02-06:00 SUMMARY status=ok
2026-06-08T01:35:01-06:00 OK health label=production container=odoo-production
2026-06-08T01:35:01-06:00 OK health label=staging container=odoo-staging
2026-06-08T01:35:01-06:00 OK disk path=/opt/odoo used=23%
2026-06-08T01:35:01-06:00 SUMMARY status=ok
2026-06-08T01:40:01-06:00 OK health label=production container=odoo-production
2026-06-08T01:40:01-06:00 OK health label=staging container=odoo-staging
2026-06-08T01:40:01-06:00 OK disk path=/opt/odoo used=23%
2026-06-08T01:40:01-06:00 SUMMARY status=ok
2026-06-08T01:45:01-06:00 OK health label=production container=odoo-production
2026-06-08T01:45:01-06:00 OK health label=staging container=odoo-staging
2026-06-08T01:45:01-06:00 OK disk path=/opt/odoo used=23%
2026-06-08T01:45:01-06:00 SUMMARY status=ok
2026-06-08T01:50:01-06:00 OK health label=production container=odoo-production
2026-06-08T01:50:01-06:00 OK health label=staging container=odoo-staging
2026-06-08T01:50:01-06:00 OK disk path=/opt/odoo used=23%
2026-06-08T01:50:01-06:00 SUMMARY status=ok
2026-06-08T01:55:02-06:00 OK health label=production container=odoo-production
2026-06-08T01:55:02-06:00 OK health label=staging container=odoo-staging
2026-06-08T01:55:02-06:00 OK disk path=/opt/odoo used=23%
2026-06-08T01:55:02-06:00 SUMMARY status=ok
2026-06-08T02:00:03-06:00 OK health label=production container=odoo-production
2026-06-08T02:00:03-06:00 OK health label=staging container=odoo-staging
2026-06-08T02:00:03-06:00 OK disk path=/opt/odoo used=23%
2026-06-08T02:00:03-06:00 SUMMARY status=ok
2026-06-08T02:05:03-06:00 OK health label=production container=odoo-production
2026-06-08T02:05:03-06:00 OK health label=staging container=odoo-staging
2026-06-08T02:05:03-06:00 OK disk path=/opt/odoo used=23%
2026-06-08T02:05:03-06:00 SUMMARY status=ok
2026-06-08T02:10:02-06:00 OK health label=production container=odoo-production
2026-06-08T02:10:02-06:00 OK health label=staging container=odoo-staging
2026-06-08T02:10:02-06:00 OK disk path=/opt/odoo used=23%
2026-06-08T02:10:02-06:00 SUMMARY status=ok
2026-06-08T02:15:02-06:00 OK health label=production container=odoo-production
2026-06-08T02:15:02-06:00 OK health label=staging container=odoo-staging
2026-06-08T02:15:02-06:00 OK disk path=/opt/odoo used=23%
2026-06-08T02:15:02-06:00 SUMMARY status=ok
2026-06-08T02:20:02-06:00 OK health label=production container=odoo-production
2026-06-08T02:20:02-06:00 OK health label=staging container=odoo-staging
2026-06-08T02:20:02-06:00 OK disk path=/opt/odoo used=23%
2026-06-08T02:20:02-06:00 SUMMARY status=ok
2026-06-08T02:25:03-06:00 OK health label=production container=odoo-production
2026-06-08T02:25:03-06:00 OK health label=staging container=odoo-staging
2026-06-08T02:25:03-06:00 OK disk path=/opt/odoo used=23%
2026-06-08T02:25:03-06:00 SUMMARY status=ok
2026-06-08T02:30:02-06:00 OK health label=production container=odoo-production
2026-06-08T02:30:02-06:00 OK health label=staging container=odoo-staging
2026-06-08T02:30:02-06:00 OK disk path=/opt/odoo used=23%
2026-06-08T02:30:02-06:00 SUMMARY status=ok
2026-06-08T02:35:01-06:00 OK health label=production container=odoo-production
2026-06-08T02:35:01-06:00 OK health label=staging container=odoo-staging
2026-06-08T02:35:01-06:00 OK disk path=/opt/odoo used=23%
2026-06-08T02:35:01-06:00 SUMMARY status=ok
2026-06-08T02:40:01-06:00 OK health label=production container=odoo-production
2026-06-08T02:40:01-06:00 OK health label=staging container=odoo-staging
2026-06-08T02:40:01-06:00 OK disk path=/opt/odoo used=23%
2026-06-08T02:40:01-06:00 SUMMARY status=ok
2026-06-08T02:45:02-06:00 OK health label=production container=odoo-production
2026-06-08T02:45:02-06:00 OK health label=staging container=odoo-staging
2026-06-08T02:45:02-06:00 OK disk path=/opt/odoo used=23%
2026-06-08T02:45:02-06:00 SUMMARY status=ok
2026-06-08T02:50:01-06:00 OK health label=production container=odoo-production
2026-06-08T02:50:01-06:00 OK health label=staging container=odoo-staging
2026-06-08T02:50:01-06:00 OK disk path=/opt/odoo used=23%
2026-06-08T02:50:01-06:00 SUMMARY status=ok
2026-06-08T02:55:02-06:00 OK health label=production container=odoo-production
2026-06-08T02:55:02-06:00 OK health label=staging container=odoo-staging
2026-06-08T02:55:02-06:00 OK disk path=/opt/odoo used=23%
2026-06-08T02:55:02-06:00 SUMMARY status=ok
2026-06-08T03:00:02-06:00 OK health label=production container=odoo-production
2026-06-08T03:00:02-06:00 OK health label=staging container=odoo-staging
2026-06-08T03:00:02-06:00 OK disk path=/opt/odoo used=23%
2026-06-08T03:00:02-06:00 SUMMARY status=ok
2026-06-08T03:05:02-06:00 OK health label=production container=odoo-production
2026-06-08T03:05:02-06:00 OK health label=staging container=odoo-staging
2026-06-08T03:05:02-06:00 OK disk path=/opt/odoo used=23%
2026-06-08T03:05:02-06:00 SUMMARY status=ok
2026-06-08T03:10:01-06:00 OK health label=production container=odoo-production
2026-06-08T03:10:01-06:00 OK health label=staging container=odoo-staging
2026-06-08T03:10:01-06:00 OK disk path=/opt/odoo used=23%
2026-06-08T03:10:01-06:00 SUMMARY status=ok
2026-06-08T03:15:01-06:00 OK health label=production container=odoo-production
2026-06-08T03:15:01-06:00 OK health label=staging container=odoo-staging
2026-06-08T03:15:01-06:00 OK disk path=/opt/odoo used=23%
2026-06-08T03:15:01-06:00 SUMMARY status=ok
2026-06-08T03:20:01-06:00 OK health label=production container=odoo-production
2026-06-08T03:20:01-06:00 OK health label=staging container=odoo-staging
2026-06-08T03:20:01-06:00 OK disk path=/opt/odoo used=23%
2026-06-08T03:20:01-06:00 SUMMARY status=ok
2026-06-08T03:25:02-06:00 OK health label=production container=odoo-production
2026-06-08T03:25:02-06:00 OK health label=staging container=odoo-staging
2026-06-08T03:25:02-06:00 OK disk path=/opt/odoo used=23%
2026-06-08T03:25:02-06:00 SUMMARY status=ok
2026-06-08T03:30:01-06:00 OK health label=production container=odoo-production
2026-06-08T03:30:01-06:00 OK health label=staging container=odoo-staging
2026-06-08T03:30:01-06:00 OK disk path=/opt/odoo used=23%
2026-06-08T03:30:01-06:00 SUMMARY status=ok
2026-06-08T03:35:02-06:00 OK health label=production container=odoo-production
2026-06-08T03:35:02-06:00 OK health label=staging container=odoo-staging
2026-06-08T03:35:02-06:00 OK disk path=/opt/odoo used=23%
2026-06-08T03:35:02-06:00 SUMMARY status=ok
2026-06-08T03:40:01-06:00 OK health label=production container=odoo-production
2026-06-08T03:40:01-06:00 OK health label=staging container=odoo-staging
2026-06-08T03:40:01-06:00 OK disk path=/opt/odoo used=23%
2026-06-08T03:40:01-06:00 SUMMARY status=ok
2026-06-08T03:45:02-06:00 OK health label=production container=odoo-production
2026-06-08T03:45:02-06:00 OK health label=staging container=odoo-staging
2026-06-08T03:45:02-06:00 OK disk path=/opt/odoo used=23%
2026-06-08T03:45:02-06:00 SUMMARY status=ok
2026-06-08T03:50:02-06:00 OK health label=production container=odoo-production
2026-06-08T03:50:02-06:00 OK health label=staging container=odoo-staging
2026-06-08T03:50:02-06:00 OK disk path=/opt/odoo used=23%
2026-06-08T03:50:02-06:00 SUMMARY status=ok
2026-06-08T03:55:02-06:00 OK health label=production container=odoo-production
2026-06-08T03:55:02-06:00 OK health label=staging container=odoo-staging
2026-06-08T03:55:02-06:00 OK disk path=/opt/odoo used=23%
2026-06-08T03:55:02-06:00 SUMMARY status=ok
2026-06-08T04:00:02-06:00 OK health label=production container=odoo-production
2026-06-08T04:00:02-06:00 OK health label=staging container=odoo-staging
2026-06-08T04:00:02-06:00 OK disk path=/opt/odoo used=23%
2026-06-08T04:00:02-06:00 SUMMARY status=ok
2026-06-08T04:05:01-06:00 OK health label=production container=odoo-production
2026-06-08T04:05:01-06:00 OK health label=staging container=odoo-staging
2026-06-08T04:05:01-06:00 OK disk path=/opt/odoo used=23%
2026-06-08T04:05:01-06:00 SUMMARY status=ok
2026-06-08T04:10:01-06:00 OK health label=production container=odoo-production
2026-06-08T04:10:01-06:00 OK health label=staging container=odoo-staging
2026-06-08T04:10:01-06:00 OK disk path=/opt/odoo used=23%
2026-06-08T04:10:01-06:00 SUMMARY status=ok
2026-06-08T04:15:01-06:00 OK health label=production container=odoo-production
2026-06-08T04:15:01-06:00 OK health label=staging container=odoo-staging
2026-06-08T04:15:01-06:00 OK disk path=/opt/odoo used=23%
2026-06-08T04:15:01-06:00 SUMMARY status=ok
2026-06-08T04:20:01-06:00 OK health label=production container=odoo-production
2026-06-08T04:20:01-06:00 OK health label=staging container=odoo-staging
2026-06-08T04:20:01-06:00 OK disk path=/opt/odoo used=23%
2026-06-08T04:20:01-06:00 SUMMARY status=ok
2026-06-08T04:25:02-06:00 OK health label=production container=odoo-production
2026-06-08T04:25:02-06:00 OK health label=staging container=odoo-staging
2026-06-08T04:25:02-06:00 OK disk path=/opt/odoo used=23%
2026-06-08T04:25:02-06:00 SUMMARY status=ok
2026-06-08T04:30:01-06:00 OK health label=production container=odoo-production
2026-06-08T04:30:01-06:00 OK health label=staging container=odoo-staging
2026-06-08T04:30:01-06:00 OK disk path=/opt/odoo used=23%
2026-06-08T04:30:01-06:00 SUMMARY status=ok
2026-06-08T04:35:02-06:00 OK health label=production container=odoo-production
2026-06-08T04:35:02-06:00 OK health label=staging container=odoo-staging
2026-06-08T04:35:02-06:00 OK disk path=/opt/odoo used=23%
2026-06-08T04:35:02-06:00 SUMMARY status=ok
2026-06-08T04:40:02-06:00 OK health label=production container=odoo-production
2026-06-08T04:40:02-06:00 OK health label=staging container=odoo-staging
2026-06-08T04:40:02-06:00 OK disk path=/opt/odoo used=23%
2026-06-08T04:40:02-06:00 SUMMARY status=ok
2026-06-08T04:45:01-06:00 OK health label=production container=odoo-production
2026-06-08T04:45:01-06:00 OK health label=staging container=odoo-staging
2026-06-08T04:45:01-06:00 OK disk path=/opt/odoo used=23%
2026-06-08T04:45:01-06:00 SUMMARY status=ok
2026-06-08T04:50:01-06:00 OK health label=production container=odoo-production
2026-06-08T04:50:01-06:00 OK health label=staging container=odoo-staging
2026-06-08T04:50:01-06:00 OK disk path=/opt/odoo used=23%
2026-06-08T04:50:01-06:00 SUMMARY status=ok
2026-06-08T04:55:01-06:00 OK health label=production container=odoo-production
2026-06-08T04:55:01-06:00 OK health label=staging container=odoo-staging
2026-06-08T04:55:01-06:00 OK disk path=/opt/odoo used=23%
2026-06-08T04:55:01-06:00 SUMMARY status=ok
2026-06-08T05:00:02-06:00 OK health label=production container=odoo-production
2026-06-08T05:00:02-06:00 OK health label=staging container=odoo-staging
2026-06-08T05:00:02-06:00 OK disk path=/opt/odoo used=23%
2026-06-08T05:00:02-06:00 SUMMARY status=ok
2026-06-08T05:05:02-06:00 OK health label=production container=odoo-production
2026-06-08T05:05:02-06:00 OK health label=staging container=odoo-staging
2026-06-08T05:05:02-06:00 OK disk path=/opt/odoo used=23%
2026-06-08T05:05:02-06:00 SUMMARY status=ok
2026-06-08T05:10:02-06:00 OK health label=production container=odoo-production
2026-06-08T05:10:02-06:00 OK health label=staging container=odoo-staging
2026-06-08T05:10:02-06:00 OK disk path=/opt/odoo used=23%
2026-06-08T05:10:02-06:00 SUMMARY status=ok
2026-06-08T05:15:01-06:00 OK health label=production container=odoo-production
2026-06-08T05:15:01-06:00 OK health label=staging container=odoo-staging
2026-06-08T05:15:01-06:00 OK disk path=/opt/odoo used=23%
2026-06-08T05:15:01-06:00 SUMMARY status=ok
2026-06-08T05:20:02-06:00 OK health label=production container=odoo-production
2026-06-08T05:20:02-06:00 OK health label=staging container=odoo-staging
2026-06-08T05:20:02-06:00 OK disk path=/opt/odoo used=23%
2026-06-08T05:20:02-06:00 SUMMARY status=ok
2026-06-08T05:25:02-06:00 OK health label=production container=odoo-production
2026-06-08T05:25:02-06:00 OK health label=staging container=odoo-staging
2026-06-08T05:25:02-06:00 OK disk path=/opt/odoo used=23%
2026-06-08T05:25:02-06:00 SUMMARY status=ok
2026-06-08T05:30:01-06:00 OK health label=production container=odoo-production
2026-06-08T05:30:01-06:00 OK health label=staging container=odoo-staging
2026-06-08T05:30:01-06:00 OK disk path=/opt/odoo used=23%
2026-06-08T05:30:01-06:00 SUMMARY status=ok
2026-06-08T05:35:02-06:00 OK health label=production container=odoo-production
2026-06-08T05:35:02-06:00 OK health label=staging container=odoo-staging
2026-06-08T05:35:02-06:00 OK disk path=/opt/odoo used=23%
2026-06-08T05:35:02-06:00 SUMMARY status=ok
2026-06-08T05:40:03-06:00 OK health label=production container=odoo-production
2026-06-08T05:40:03-06:00 OK health label=staging container=odoo-staging
2026-06-08T05:40:03-06:00 OK disk path=/opt/odoo used=23%
2026-06-08T05:40:03-06:00 SUMMARY status=ok
2026-06-08T05:45:01-06:00 OK health label=production container=odoo-production
2026-06-08T05:45:01-06:00 OK health label=staging container=odoo-staging
2026-06-08T05:45:01-06:00 OK disk path=/opt/odoo used=23%
2026-06-08T05:45:01-06:00 SUMMARY status=ok
2026-06-08T05:50:02-06:00 OK health label=production container=odoo-production
2026-06-08T05:50:02-06:00 OK health label=staging container=odoo-staging
2026-06-08T05:50:02-06:00 OK disk path=/opt/odoo used=23%
2026-06-08T05:50:02-06:00 SUMMARY status=ok
2026-06-08T05:55:02-06:00 OK health label=production container=odoo-production
2026-06-08T05:55:02-06:00 OK health label=staging container=odoo-staging
2026-06-08T05:55:02-06:00 OK disk path=/opt/odoo used=23%
2026-06-08T05:55:02-06:00 SUMMARY status=ok
2026-06-08T06:00:01-06:00 OK health label=production container=odoo-production
2026-06-08T06:00:01-06:00 OK health label=staging container=odoo-staging
2026-06-08T06:00:01-06:00 OK disk path=/opt/odoo used=23%
2026-06-08T06:00:01-06:00 SUMMARY status=ok
2026-06-08T06:05:02-06:00 OK health label=production container=odoo-production
2026-06-08T06:05:02-06:00 OK health label=staging container=odoo-staging
2026-06-08T06:05:02-06:00 OK disk path=/opt/odoo used=23%
2026-06-08T06:05:02-06:00 SUMMARY status=ok
2026-06-08T06:10:01-06:00 OK health label=production container=odoo-production
2026-06-08T06:10:01-06:00 OK health label=staging container=odoo-staging
2026-06-08T06:10:01-06:00 OK disk path=/opt/odoo used=23%
2026-06-08T06:10:01-06:00 SUMMARY status=ok
2026-06-08T06:15:01-06:00 OK health label=production container=odoo-production
2026-06-08T06:15:01-06:00 OK health label=staging container=odoo-staging
2026-06-08T06:15:01-06:00 OK disk path=/opt/odoo used=23%
2026-06-08T06:15:01-06:00 SUMMARY status=ok
2026-06-08T06:20:01-06:00 OK health label=production container=odoo-production
2026-06-08T06:20:01-06:00 OK health label=staging container=odoo-staging
2026-06-08T06:20:01-06:00 OK disk path=/opt/odoo used=23%
2026-06-08T06:20:01-06:00 SUMMARY status=ok
2026-06-08T06:25:01-06:00 OK health label=production container=odoo-production
2026-06-08T06:25:01-06:00 OK health label=staging container=odoo-staging
2026-06-08T06:25:01-06:00 OK disk path=/opt/odoo used=23%
2026-06-08T06:25:01-06:00 SUMMARY status=ok
2026-06-08T06:30:02-06:00 OK health label=production container=odoo-production
2026-06-08T06:30:02-06:00 OK health label=staging container=odoo-staging
2026-06-08T06:30:02-06:00 OK disk path=/opt/odoo used=23%
2026-06-08T06:30:02-06:00 SUMMARY status=ok
2026-06-08T06:35:01-06:00 OK health label=production container=odoo-production
2026-06-08T06:35:01-06:00 OK health label=staging container=odoo-staging
2026-06-08T06:35:01-06:00 OK disk path=/opt/odoo used=23%
2026-06-08T06:35:01-06:00 SUMMARY status=ok
2026-06-08T06:40:03-06:00 OK health label=production container=odoo-production
2026-06-08T06:40:03-06:00 OK health label=staging container=odoo-staging
2026-06-08T06:40:03-06:00 OK disk path=/opt/odoo used=23%
2026-06-08T06:40:03-06:00 SUMMARY status=ok
2026-06-08T06:45:01-06:00 OK health label=production container=odoo-production
2026-06-08T06:45:01-06:00 OK health label=staging container=odoo-staging
2026-06-08T06:45:01-06:00 OK disk path=/opt/odoo used=23%
2026-06-08T06:45:01-06:00 SUMMARY status=ok
2026-06-08T06:50:01-06:00 OK health label=production container=odoo-production
2026-06-08T06:50:01-06:00 OK health label=staging container=odoo-staging
2026-06-08T06:50:01-06:00 OK disk path=/opt/odoo used=23%
2026-06-08T06:50:01-06:00 SUMMARY status=ok
2026-06-08T06:55:02-06:00 OK health label=production container=odoo-production
2026-06-08T06:55:02-06:00 OK health label=staging container=odoo-staging
2026-06-08T06:55:02-06:00 OK disk path=/opt/odoo used=23%
2026-06-08T06:55:02-06:00 SUMMARY status=ok
2026-06-08T07:00:02-06:00 OK health label=production container=odoo-production
2026-06-08T07:00:02-06:00 OK health label=staging container=odoo-staging
2026-06-08T07:00:02-06:00 OK disk path=/opt/odoo used=23%
2026-06-08T07:00:02-06:00 SUMMARY status=ok
2026-06-08T07:05:01-06:00 OK health label=production container=odoo-production
2026-06-08T07:05:01-06:00 OK health label=staging container=odoo-staging
2026-06-08T07:05:01-06:00 OK disk path=/opt/odoo used=23%
2026-06-08T07:05:01-06:00 SUMMARY status=ok
2026-06-08T07:10:01-06:00 OK health label=production container=odoo-production
2026-06-08T07:10:01-06:00 OK health label=staging container=odoo-staging
2026-06-08T07:10:01-06:00 OK disk path=/opt/odoo used=23%
2026-06-08T07:10:01-06:00 SUMMARY status=ok
2026-06-08T07:15:03-06:00 OK health label=production container=odoo-production
2026-06-08T07:15:03-06:00 OK health label=staging container=odoo-staging
2026-06-08T07:15:03-06:00 OK disk path=/opt/odoo used=23%
2026-06-08T07:15:03-06:00 SUMMARY status=ok
2026-06-08T07:20:01-06:00 OK health label=production container=odoo-production
2026-06-08T07:20:01-06:00 OK health label=staging container=odoo-staging
2026-06-08T07:20:01-06:00 OK disk path=/opt/odoo used=23%
2026-06-08T07:20:01-06:00 SUMMARY status=ok
2026-06-08T07:25:01-06:00 OK health label=production container=odoo-production
2026-06-08T07:25:01-06:00 OK health label=staging container=odoo-staging
2026-06-08T07:25:01-06:00 OK disk path=/opt/odoo used=23%
2026-06-08T07:25:01-06:00 SUMMARY status=ok
2026-06-08T07:30:02-06:00 OK health label=production container=odoo-production
2026-06-08T07:30:02-06:00 OK health label=staging container=odoo-staging
2026-06-08T07:30:02-06:00 OK disk path=/opt/odoo used=23%
2026-06-08T07:30:02-06:00 SUMMARY status=ok
2026-06-08T07:35:01-06:00 OK health label=production container=odoo-production
2026-06-08T07:35:01-06:00 OK health label=staging container=odoo-staging
2026-06-08T07:35:01-06:00 OK disk path=/opt/odoo used=23%
2026-06-08T07:35:01-06:00 SUMMARY status=ok
2026-06-08T07:40:01-06:00 OK health label=production container=odoo-production
2026-06-08T07:40:01-06:00 OK health label=staging container=odoo-staging
2026-06-08T07:40:01-06:00 OK disk path=/opt/odoo used=23%
2026-06-08T07:40:01-06:00 SUMMARY status=ok
2026-06-08T07:45:01-06:00 OK health label=production container=odoo-production
2026-06-08T07:45:01-06:00 OK health label=staging container=odoo-staging
2026-06-08T07:45:01-06:00 OK disk path=/opt/odoo used=23%
2026-06-08T07:45:01-06:00 SUMMARY status=ok
2026-06-08T07:50:02-06:00 OK health label=production container=odoo-production
2026-06-08T07:50:02-06:00 OK health label=staging container=odoo-staging
2026-06-08T07:50:02-06:00 OK disk path=/opt/odoo used=23%
2026-06-08T07:50:02-06:00 SUMMARY status=ok
2026-06-08T07:55:01-06:00 OK health label=production container=odoo-production
2026-06-08T07:55:01-06:00 OK health label=staging container=odoo-staging
2026-06-08T07:55:01-06:00 OK disk path=/opt/odoo used=23%
2026-06-08T07:55:01-06:00 SUMMARY status=ok
2026-06-08T08:00:01-06:00 OK health label=production container=odoo-production
2026-06-08T08:00:01-06:00 OK health label=staging container=odoo-staging
2026-06-08T08:00:01-06:00 OK disk path=/opt/odoo used=23%
2026-06-08T08:00:01-06:00 SUMMARY status=ok
2026-06-08T08:05:01-06:00 OK health label=production container=odoo-production
2026-06-08T08:05:01-06:00 OK health label=staging container=odoo-staging
2026-06-08T08:05:01-06:00 OK disk path=/opt/odoo used=23%
2026-06-08T08:05:01-06:00 SUMMARY status=ok
2026-06-08T08:10:01-06:00 OK health label=production container=odoo-production
2026-06-08T08:10:01-06:00 OK health label=staging container=odoo-staging
2026-06-08T08:10:01-06:00 OK disk path=/opt/odoo used=23%
2026-06-08T08:10:01-06:00 SUMMARY status=ok
2026-06-08T08:15:01-06:00 OK health label=production container=odoo-production
2026-06-08T08:15:01-06:00 OK health label=staging container=odoo-staging
2026-06-08T08:15:01-06:00 OK disk path=/opt/odoo used=23%
2026-06-08T08:15:01-06:00 SUMMARY status=ok
2026-06-08T08:20:02-06:00 OK health label=production container=odoo-production
2026-06-08T08:20:02-06:00 OK health label=staging container=odoo-staging
2026-06-08T08:20:02-06:00 OK disk path=/opt/odoo used=23%
2026-06-08T08:20:02-06:00 SUMMARY status=ok
2026-06-08T08:25:02-06:00 OK health label=production container=odoo-production
2026-06-08T08:25:02-06:00 OK health label=staging container=odoo-staging
2026-06-08T08:25:02-06:00 OK disk path=/opt/odoo used=23%
2026-06-08T08:25:02-06:00 SUMMARY status=ok
2026-06-08T08:30:03-06:00 OK health label=production container=odoo-production
2026-06-08T08:30:03-06:00 OK health label=staging container=odoo-staging
2026-06-08T08:30:03-06:00 OK disk path=/opt/odoo used=23%
2026-06-08T08:30:03-06:00 SUMMARY status=ok
2026-06-08T08:35:01-06:00 OK health label=production container=odoo-production
2026-06-08T08:35:01-06:00 OK health label=staging container=odoo-staging
2026-06-08T08:35:01-06:00 OK disk path=/opt/odoo used=23%
2026-06-08T08:35:01-06:00 SUMMARY status=ok
2026-06-08T08:40:02-06:00 OK health label=production container=odoo-production
2026-06-08T08:40:02-06:00 OK health label=staging container=odoo-staging
2026-06-08T08:40:02-06:00 OK disk path=/opt/odoo used=23%
2026-06-08T08:40:02-06:00 SUMMARY status=ok
2026-06-08T08:45:01-06:00 OK health label=production container=odoo-production
2026-06-08T08:45:01-06:00 OK health label=staging container=odoo-staging
2026-06-08T08:45:01-06:00 OK disk path=/opt/odoo used=23%
2026-06-08T08:45:01-06:00 SUMMARY status=ok
2026-06-08T08:50:01-06:00 OK health label=production container=odoo-production
2026-06-08T08:50:01-06:00 OK health label=staging container=odoo-staging
2026-06-08T08:50:01-06:00 OK disk path=/opt/odoo used=23%
2026-06-08T08:50:01-06:00 SUMMARY status=ok
2026-06-08T08:55:02-06:00 OK health label=production container=odoo-production
2026-06-08T08:55:02-06:00 OK health label=staging container=odoo-staging
2026-06-08T08:55:02-06:00 OK disk path=/opt/odoo used=23%
2026-06-08T08:55:02-06:00 SUMMARY status=ok
2026-06-08T09:00:01-06:00 OK health label=production container=odoo-production
2026-06-08T09:00:01-06:00 OK health label=staging container=odoo-staging
2026-06-08T09:00:01-06:00 OK disk path=/opt/odoo used=23%
2026-06-08T09:00:01-06:00 SUMMARY status=ok
2026-06-08T09:05:02-06:00 OK health label=production container=odoo-production
2026-06-08T09:05:02-06:00 OK health label=staging container=odoo-staging
2026-06-08T09:05:02-06:00 OK disk path=/opt/odoo used=23%
2026-06-08T09:05:02-06:00 SUMMARY status=ok
2026-06-08T09:10:02-06:00 OK health label=production container=odoo-production
2026-06-08T09:10:02-06:00 OK health label=staging container=odoo-staging
2026-06-08T09:10:02-06:00 OK disk path=/opt/odoo used=23%
2026-06-08T09:10:02-06:00 SUMMARY status=ok
2026-06-08T09:15:02-06:00 OK health label=production container=odoo-production
2026-06-08T09:15:02-06:00 OK health label=staging container=odoo-staging
2026-06-08T09:15:02-06:00 OK disk path=/opt/odoo used=23%
2026-06-08T09:15:02-06:00 SUMMARY status=ok
2026-06-08T09:20:03-06:00 ERROR container_unhealthy name=odoo-staging health=starting
2026-06-08T09:20:03-06:00 OK health label=production container=odoo-production
2026-06-08T09:20:03-06:00 OK health label=staging container=odoo-staging
2026-06-08T09:20:03-06:00 OK disk path=/opt/odoo used=23%
2026-06-08T09:20:03-06:00 SUMMARY status=fail errors=1
2026-06-08T09:25:02-06:00 OK health label=production container=odoo-production
2026-06-08T09:25:02-06:00 OK health label=staging container=odoo-staging
2026-06-08T09:25:02-06:00 OK disk path=/opt/odoo used=23%
2026-06-08T09:25:02-06:00 SUMMARY status=ok
2026-06-08T09:30:01-06:00 OK health label=production container=odoo-production
2026-06-08T09:30:01-06:00 OK health label=staging container=odoo-staging
2026-06-08T09:30:01-06:00 OK disk path=/opt/odoo used=23%
2026-06-08T09:30:01-06:00 SUMMARY status=ok
2026-06-08T09:35:02-06:00 OK health label=production container=odoo-production
2026-06-08T09:35:02-06:00 OK health label=staging container=odoo-staging
2026-06-08T09:35:02-06:00 OK disk path=/opt/odoo used=23%
2026-06-08T09:35:02-06:00 SUMMARY status=ok
2026-06-08T09:40:03-06:00 OK health label=production container=odoo-production
2026-06-08T09:40:03-06:00 OK health label=staging container=odoo-staging
2026-06-08T09:40:03-06:00 OK disk path=/opt/odoo used=23%
2026-06-08T09:40:03-06:00 SUMMARY status=ok
2026-06-08T09:45:02-06:00 OK health label=production container=odoo-production
2026-06-08T09:45:02-06:00 OK health label=staging container=odoo-staging
2026-06-08T09:45:02-06:00 OK disk path=/opt/odoo used=23%
2026-06-08T09:45:02-06:00 SUMMARY status=ok
2026-06-08T09:50:01-06:00 OK health label=production container=odoo-production
2026-06-08T09:50:01-06:00 OK health label=staging container=odoo-staging
2026-06-08T09:50:01-06:00 OK disk path=/opt/odoo used=23%
2026-06-08T09:50:01-06:00 SUMMARY status=ok
2026-06-08T09:55:01-06:00 OK health label=production container=odoo-production
2026-06-08T09:55:01-06:00 OK health label=staging container=odoo-staging
2026-06-08T09:55:01-06:00 OK disk path=/opt/odoo used=23%
2026-06-08T09:55:01-06:00 SUMMARY status=ok
2026-06-08T10:00:03-06:00 OK health label=production container=odoo-production
2026-06-08T10:00:03-06:00 ERROR health_failed label=staging container=odoo-staging
2026-06-08T10:00:03-06:00 OK disk path=/opt/odoo used=23%
2026-06-08T10:00:03-06:00 SUMMARY status=fail errors=1
2026-06-08T10:05:01-06:00 OK health label=production container=odoo-production
2026-06-08T10:05:01-06:00 OK health label=staging container=odoo-staging
2026-06-08T10:05:01-06:00 OK disk path=/opt/odoo used=23%
2026-06-08T10:05:01-06:00 SUMMARY status=ok
2026-06-08T10:10:01-06:00 OK health label=production container=odoo-production
2026-06-08T10:10:01-06:00 OK health label=staging container=odoo-staging
2026-06-08T10:10:01-06:00 OK disk path=/opt/odoo used=23%
2026-06-08T10:10:01-06:00 SUMMARY status=ok
2026-06-08T10:15:02-06:00 OK health label=production container=odoo-production
2026-06-08T10:15:02-06:00 OK health label=staging container=odoo-staging
2026-06-08T10:15:02-06:00 OK disk path=/opt/odoo used=23%
2026-06-08T10:15:02-06:00 SUMMARY status=ok
2026-06-08T10:20:01-06:00 OK health label=production container=odoo-production
2026-06-08T10:20:01-06:00 OK health label=staging container=odoo-staging
2026-06-08T10:20:01-06:00 OK disk path=/opt/odoo used=23%
2026-06-08T10:20:01-06:00 SUMMARY status=ok
2026-06-08T10:25:03-06:00 OK health label=production container=odoo-production
2026-06-08T10:25:03-06:00 OK health label=staging container=odoo-staging
2026-06-08T10:25:03-06:00 OK disk path=/opt/odoo used=23%
2026-06-08T10:25:03-06:00 SUMMARY status=ok
2026-06-08T10:30:02-06:00 OK health label=production container=odoo-production
2026-06-08T10:30:02-06:00 OK health label=staging container=odoo-staging
2026-06-08T10:30:02-06:00 OK disk path=/opt/odoo used=23%
2026-06-08T10:30:02-06:00 SUMMARY status=ok
2026-06-08T10:35:02-06:00 ERROR container_not_running name=odoo-staging state=exited
2026-06-08T10:35:02-06:00 OK health label=production container=odoo-production
2026-06-08T10:35:02-06:00 ERROR health_failed label=staging container=odoo-staging
2026-06-08T10:35:02-06:00 OK disk path=/opt/odoo used=23%
2026-06-08T10:35:02-06:00 SUMMARY status=fail errors=2
2026-06-08T10:40:02-06:00 ERROR health_failed label=production container=odoo-production
2026-06-08T10:40:02-06:00 OK health label=staging container=odoo-staging
2026-06-08T10:40:02-06:00 OK disk path=/opt/odoo used=23%
2026-06-08T10:40:02-06:00 SUMMARY status=fail errors=1
2026-06-08T10:45:01-06:00 ERROR container_not_running name=odoo-production state=exited
2026-06-08T10:45:01-06:00 ERROR health_failed label=production container=odoo-production
2026-06-08T10:45:01-06:00 OK health label=staging container=odoo-staging
2026-06-08T10:45:01-06:00 OK disk path=/opt/odoo used=23%
2026-06-08T10:45:01-06:00 SUMMARY status=fail errors=2
2026-06-08T10:50:02-06:00 OK health label=production container=odoo-production
2026-06-08T10:50:02-06:00 OK health label=staging container=odoo-staging
2026-06-08T10:50:02-06:00 OK disk path=/opt/odoo used=23%
2026-06-08T10:50:02-06:00 SUMMARY status=ok
2026-06-08T10:55:02-06:00 OK health label=production container=odoo-production
2026-06-08T10:55:02-06:00 OK health label=staging container=odoo-staging
2026-06-08T10:55:02-06:00 OK disk path=/opt/odoo used=23%
2026-06-08T10:55:02-06:00 SUMMARY status=ok
2026-06-08T11:00:01-06:00 OK health label=production container=odoo-production
2026-06-08T11:00:01-06:00 OK health label=staging container=odoo-staging
2026-06-08T11:00:01-06:00 OK disk path=/opt/odoo used=23%
2026-06-08T11:00:01-06:00 SUMMARY status=ok
2026-06-08T11:05:04-06:00 OK health label=production container=odoo-production
2026-06-08T11:05:04-06:00 OK health label=staging container=odoo-staging
2026-06-08T11:05:04-06:00 OK disk path=/opt/odoo used=23%
2026-06-08T11:05:04-06:00 SUMMARY status=ok
2026-06-08T11:10:03-06:00 OK health label=production container=odoo-production
2026-06-08T11:10:03-06:00 OK health label=staging container=odoo-staging
2026-06-08T11:10:03-06:00 OK disk path=/opt/odoo used=23%
2026-06-08T11:10:03-06:00 SUMMARY status=ok
2026-06-08T11:15:02-06:00 OK health label=production container=odoo-production
2026-06-08T11:15:02-06:00 OK health label=staging container=odoo-staging
2026-06-08T11:15:02-06:00 OK disk path=/opt/odoo used=23%
2026-06-08T11:15:02-06:00 SUMMARY status=ok
2026-06-08T11:20:04-06:00 OK health label=production container=odoo-production
2026-06-08T11:20:04-06:00 OK health label=staging container=odoo-staging
2026-06-08T11:20:04-06:00 OK disk path=/opt/odoo used=23%
2026-06-08T11:20:04-06:00 SUMMARY status=ok
2026-06-08T11:25:02-06:00 OK health label=production container=odoo-production
2026-06-08T11:25:02-06:00 OK health label=staging container=odoo-staging
2026-06-08T11:25:02-06:00 OK disk path=/opt/odoo used=23%
2026-06-08T11:25:02-06:00 SUMMARY status=ok
2026-06-08T11:30:02-06:00 OK health label=production container=odoo-production
2026-06-08T11:30:02-06:00 OK health label=staging container=odoo-staging
2026-06-08T11:30:02-06:00 OK disk path=/opt/odoo used=23%
2026-06-08T11:30:02-06:00 SUMMARY status=ok
2026-06-08T11:35:02-06:00 ERROR container_not_running name=odoo-staging state=removing
2026-06-08T11:35:02-06:00 OK health label=production container=odoo-production
2026-06-08T11:35:02-06:00 ERROR health_failed label=staging container=odoo-staging
2026-06-08T11:35:02-06:00 OK disk path=/opt/odoo used=23%
2026-06-08T11:35:02-06:00 SUMMARY status=fail errors=2
2026-06-08T11:40:01-06:00 OK health label=production container=odoo-production
2026-06-08T11:40:01-06:00 OK health label=staging container=odoo-staging
2026-06-08T11:40:01-06:00 OK disk path=/opt/odoo used=23%
2026-06-08T11:40:01-06:00 SUMMARY status=ok
2026-06-08T11:45:03-06:00 OK health label=production container=odoo-production
2026-06-08T11:45:03-06:00 OK health label=staging container=odoo-staging
2026-06-08T11:45:03-06:00 OK disk path=/opt/odoo used=23%
2026-06-08T11:45:03-06:00 SUMMARY status=ok
2026-06-08T11:50:02-06:00 OK health label=production container=odoo-production
2026-06-08T11:50:02-06:00 OK health label=staging container=odoo-staging
2026-06-08T11:50:02-06:00 OK disk path=/opt/odoo used=23%
2026-06-08T11:50:02-06:00 SUMMARY status=ok
2026-06-08T11:55:02-06:00 OK health label=production container=odoo-production
2026-06-08T11:55:02-06:00 OK health label=staging container=odoo-staging
2026-06-08T11:55:02-06:00 OK disk path=/opt/odoo used=23%
2026-06-08T11:55:02-06:00 SUMMARY status=ok
2026-06-08T12:00:01-06:00 OK health label=production container=odoo-production
2026-06-08T12:00:01-06:00 OK health label=staging container=odoo-staging
2026-06-08T12:00:01-06:00 OK disk path=/opt/odoo used=23%
2026-06-08T12:00:01-06:00 SUMMARY status=ok
2026-06-08T12:05:01-06:00 OK health label=production container=odoo-production
2026-06-08T12:05:01-06:00 OK health label=staging container=odoo-staging
2026-06-08T12:05:01-06:00 OK disk path=/opt/odoo used=23%
2026-06-08T12:05:01-06:00 SUMMARY status=ok
2026-06-08T12:10:02-06:00 OK health label=production container=odoo-production
2026-06-08T12:10:02-06:00 OK health label=staging container=odoo-staging
2026-06-08T12:10:02-06:00 OK disk path=/opt/odoo used=23%
2026-06-08T12:10:02-06:00 SUMMARY status=ok
2026-06-08T12:15:02-06:00 OK health label=production container=odoo-production
2026-06-08T12:15:02-06:00 OK health label=staging container=odoo-staging
2026-06-08T12:15:02-06:00 OK disk path=/opt/odoo used=23%
2026-06-08T12:15:02-06:00 SUMMARY status=ok
2026-06-08T12:20:03-06:00 OK health label=production container=odoo-production
2026-06-08T12:20:03-06:00 OK health label=staging container=odoo-staging
2026-06-08T12:20:03-06:00 OK disk path=/opt/odoo used=23%
2026-06-08T12:20:03-06:00 SUMMARY status=ok
2026-06-08T12:25:01-06:00 OK health label=production container=odoo-production
2026-06-08T12:25:01-06:00 OK health label=staging container=odoo-staging
2026-06-08T12:25:01-06:00 OK disk path=/opt/odoo used=23%
2026-06-08T12:25:01-06:00 SUMMARY status=ok
2026-06-08T12:30:02-06:00 OK health label=production container=odoo-production
2026-06-08T12:30:02-06:00 OK health label=staging container=odoo-staging
2026-06-08T12:30:02-06:00 OK disk path=/opt/odoo used=23%
2026-06-08T12:30:02-06:00 SUMMARY status=ok
2026-06-08T12:35:02-06:00 OK health label=production container=odoo-production
2026-06-08T12:35:02-06:00 OK health label=staging container=odoo-staging
2026-06-08T12:35:02-06:00 OK disk path=/opt/odoo used=23%
2026-06-08T12:35:02-06:00 SUMMARY status=ok
2026-06-08T12:40:02-06:00 OK health label=production container=odoo-production
2026-06-08T12:40:02-06:00 OK health label=staging container=odoo-staging
2026-06-08T12:40:02-06:00 OK disk path=/opt/odoo used=23%
2026-06-08T12:40:02-06:00 SUMMARY status=ok
2026-06-08T12:45:02-06:00 OK health label=production container=odoo-production
2026-06-08T12:45:02-06:00 OK health label=staging container=odoo-staging
2026-06-08T12:45:02-06:00 OK disk path=/opt/odoo used=23%
2026-06-08T12:45:02-06:00 SUMMARY status=ok
2026-06-08T12:50:02-06:00 OK health label=production container=odoo-production
2026-06-08T12:50:02-06:00 OK health label=staging container=odoo-staging
2026-06-08T12:50:02-06:00 OK disk path=/opt/odoo used=23%
2026-06-08T12:50:02-06:00 SUMMARY status=ok
2026-06-08T12:55:02-06:00 OK health label=production container=odoo-production
2026-06-08T12:55:02-06:00 OK health label=staging container=odoo-staging
2026-06-08T12:55:02-06:00 OK disk path=/opt/odoo used=23%
2026-06-08T12:55:02-06:00 SUMMARY status=ok
2026-06-08T13:00:02-06:00 OK health label=production container=odoo-production
2026-06-08T13:00:02-06:00 OK health label=staging container=odoo-staging
2026-06-08T13:00:02-06:00 OK disk path=/opt/odoo used=23%
2026-06-08T13:00:02-06:00 SUMMARY status=ok
2026-06-08T13:05:01-06:00 OK health label=production container=odoo-production
2026-06-08T13:05:01-06:00 OK health label=staging container=odoo-staging
2026-06-08T13:05:01-06:00 OK disk path=/opt/odoo used=23%
2026-06-08T13:05:01-06:00 SUMMARY status=ok
2026-06-08T13:10:02-06:00 OK health label=production container=odoo-production
2026-06-08T13:10:02-06:00 OK health label=staging container=odoo-staging
2026-06-08T13:10:02-06:00 OK disk path=/opt/odoo used=23%
2026-06-08T13:10:02-06:00 SUMMARY status=ok
2026-06-08T13:15:02-06:00 OK health label=production container=odoo-production
2026-06-08T13:15:02-06:00 OK health label=staging container=odoo-staging
2026-06-08T13:15:02-06:00 OK disk path=/opt/odoo used=23%
2026-06-08T13:15:02-06:00 SUMMARY status=ok
2026-06-08T13:20:03-06:00 OK health label=production container=odoo-production
2026-06-08T13:20:03-06:00 OK health label=staging container=odoo-staging
2026-06-08T13:20:03-06:00 OK disk path=/opt/odoo used=23%
2026-06-08T13:20:03-06:00 SUMMARY status=ok
2026-06-08T13:25:01-06:00 OK health label=production container=odoo-production
2026-06-08T13:25:01-06:00 OK health label=staging container=odoo-staging
2026-06-08T13:25:01-06:00 OK disk path=/opt/odoo used=23%
2026-06-08T13:25:01-06:00 SUMMARY status=ok
2026-06-08T13:30:02-06:00 OK health label=production container=odoo-production
2026-06-08T13:30:02-06:00 OK health label=staging container=odoo-staging
2026-06-08T13:30:02-06:00 OK disk path=/opt/odoo used=23%
2026-06-08T13:30:02-06:00 SUMMARY status=ok
2026-06-08T13:35:01-06:00 OK health label=production container=odoo-production
2026-06-08T13:35:01-06:00 OK health label=staging container=odoo-staging
2026-06-08T13:35:01-06:00 OK disk path=/opt/odoo used=23%
2026-06-08T13:35:01-06:00 SUMMARY status=ok
2026-06-08T13:40:01-06:00 OK health label=production container=odoo-production
2026-06-08T13:40:01-06:00 OK health label=staging container=odoo-staging
2026-06-08T13:40:01-06:00 OK disk path=/opt/odoo used=23%
2026-06-08T13:40:01-06:00 SUMMARY status=ok
2026-06-08T13:45:02-06:00 OK health label=production container=odoo-production
2026-06-08T13:45:02-06:00 OK health label=staging container=odoo-staging
2026-06-08T13:45:02-06:00 OK disk path=/opt/odoo used=23%
2026-06-08T13:45:02-06:00 SUMMARY status=ok
2026-06-08T13:50:03-06:00 OK health label=production container=odoo-production
2026-06-08T13:50:03-06:00 OK health label=staging container=odoo-staging
2026-06-08T13:50:03-06:00 OK disk path=/opt/odoo used=23%
2026-06-08T13:50:03-06:00 SUMMARY status=ok
2026-06-08T13:55:02-06:00 OK health label=production container=odoo-production
2026-06-08T13:55:02-06:00 OK health label=staging container=odoo-staging
2026-06-08T13:55:02-06:00 OK disk path=/opt/odoo used=23%
2026-06-08T13:55:02-06:00 SUMMARY status=ok
2026-06-08T14:00:01-06:00 OK health label=production container=odoo-production
2026-06-08T14:00:01-06:00 OK health label=staging container=odoo-staging
2026-06-08T14:00:01-06:00 OK disk path=/opt/odoo used=23%
2026-06-08T14:00:01-06:00 SUMMARY status=ok
2026-06-08T14:05:01-06:00 OK health label=production container=odoo-production
2026-06-08T14:05:01-06:00 OK health label=staging container=odoo-staging
2026-06-08T14:05:01-06:00 OK disk path=/opt/odoo used=23%
2026-06-08T14:05:01-06:00 SUMMARY status=ok
2026-06-08T14:10:02-06:00 OK health label=production container=odoo-production
2026-06-08T14:10:02-06:00 OK health label=staging container=odoo-staging
2026-06-08T14:10:02-06:00 OK disk path=/opt/odoo used=23%
2026-06-08T14:10:02-06:00 SUMMARY status=ok
2026-06-08T14:15:02-06:00 OK health label=production container=odoo-production
2026-06-08T14:15:02-06:00 OK health label=staging container=odoo-staging
2026-06-08T14:15:02-06:00 OK disk path=/opt/odoo used=23%
2026-06-08T14:15:02-06:00 SUMMARY status=ok
2026-06-08T14:20:03-06:00 OK health label=production container=odoo-production
2026-06-08T14:20:03-06:00 OK health label=staging container=odoo-staging
2026-06-08T14:20:03-06:00 OK disk path=/opt/odoo used=23%
2026-06-08T14:20:03-06:00 SUMMARY status=ok
2026-06-08T14:25:02-06:00 OK health label=production container=odoo-production
2026-06-08T14:25:02-06:00 OK health label=staging container=odoo-staging
2026-06-08T14:25:02-06:00 OK disk path=/opt/odoo used=23%
2026-06-08T14:25:02-06:00 SUMMARY status=ok
2026-06-08T14:30:02-06:00 OK health label=production container=odoo-production
2026-06-08T14:30:02-06:00 OK health label=staging container=odoo-staging
2026-06-08T14:30:02-06:00 OK disk path=/opt/odoo used=23%
2026-06-08T14:30:02-06:00 SUMMARY status=ok
2026-06-08T14:35:02-06:00 ERROR container_unhealthy name=odoo-staging health=starting
2026-06-08T14:35:02-06:00 OK health label=production container=odoo-production
2026-06-08T14:35:02-06:00 OK health label=staging container=odoo-staging
2026-06-08T14:35:02-06:00 OK disk path=/opt/odoo used=23%
2026-06-08T14:35:02-06:00 SUMMARY status=fail errors=1
2026-06-08T14:40:02-06:00 OK health label=production container=odoo-production
2026-06-08T14:40:02-06:00 OK health label=staging container=odoo-staging
2026-06-08T14:40:02-06:00 OK disk path=/opt/odoo used=23%
2026-06-08T14:40:02-06:00 SUMMARY status=ok
2026-06-08T14:45:02-06:00 OK health label=production container=odoo-production
2026-06-08T14:45:02-06:00 OK health label=staging container=odoo-staging
2026-06-08T14:45:02-06:00 OK disk path=/opt/odoo used=23%
2026-06-08T14:45:02-06:00 SUMMARY status=ok
2026-06-08T14:50:02-06:00 OK health label=production container=odoo-production
2026-06-08T14:50:02-06:00 OK health label=staging container=odoo-staging
2026-06-08T14:50:02-06:00 OK disk path=/opt/odoo used=23%
2026-06-08T14:50:02-06:00 SUMMARY status=ok
2026-06-08T14:55:01-06:00 OK health label=production container=odoo-production
2026-06-08T14:55:01-06:00 OK health label=staging container=odoo-staging
2026-06-08T14:55:01-06:00 OK disk path=/opt/odoo used=23%
2026-06-08T14:55:01-06:00 SUMMARY status=ok
2026-06-08T15:00:02-06:00 OK health label=production container=odoo-production
2026-06-08T15:00:02-06:00 OK health label=staging container=odoo-staging
2026-06-08T15:00:02-06:00 OK disk path=/opt/odoo used=23%
2026-06-08T15:00:02-06:00 SUMMARY status=ok
2026-06-08T15:05:02-06:00 OK health label=production container=odoo-production
2026-06-08T15:05:02-06:00 OK health label=staging container=odoo-staging
2026-06-08T15:05:02-06:00 OK disk path=/opt/odoo used=23%
2026-06-08T15:05:02-06:00 SUMMARY status=ok
2026-06-08T15:10:02-06:00 OK health label=production container=odoo-production
2026-06-08T15:10:02-06:00 OK health label=staging container=odoo-staging
2026-06-08T15:10:02-06:00 OK disk path=/opt/odoo used=23%
2026-06-08T15:10:02-06:00 SUMMARY status=ok
2026-06-08T15:15:02-06:00 OK health label=production container=odoo-production
2026-06-08T15:15:02-06:00 OK health label=staging container=odoo-staging
2026-06-08T15:15:02-06:00 OK disk path=/opt/odoo used=23%
2026-06-08T15:15:02-06:00 SUMMARY status=ok
2026-06-08T15:20:01-06:00 OK health label=production container=odoo-production
2026-06-08T15:20:01-06:00 OK health label=staging container=odoo-staging
2026-06-08T15:20:01-06:00 OK disk path=/opt/odoo used=23%
2026-06-08T15:20:01-06:00 SUMMARY status=ok
2026-06-08T15:25:02-06:00 OK health label=production container=odoo-production
2026-06-08T15:25:02-06:00 OK health label=staging container=odoo-staging
2026-06-08T15:25:02-06:00 OK disk path=/opt/odoo used=23%
2026-06-08T15:25:02-06:00 SUMMARY status=ok
2026-06-08T15:30:04-06:00 OK health label=production container=odoo-production
2026-06-08T15:30:04-06:00 OK health label=staging container=odoo-staging
2026-06-08T15:30:04-06:00 OK disk path=/opt/odoo used=23%
2026-06-08T15:30:04-06:00 SUMMARY status=ok
2026-06-08T15:35:01-06:00 OK health label=production container=odoo-production
2026-06-08T15:35:01-06:00 OK health label=staging container=odoo-staging
2026-06-08T15:35:01-06:00 OK disk path=/opt/odoo used=23%
2026-06-08T15:35:01-06:00 SUMMARY status=ok
2026-06-08T15:40:02-06:00 OK health label=production container=odoo-production
2026-06-08T15:40:02-06:00 OK health label=staging container=odoo-staging
2026-06-08T15:40:02-06:00 OK disk path=/opt/odoo used=23%
2026-06-08T15:40:02-06:00 SUMMARY status=ok
2026-06-08T15:45:02-06:00 OK health label=production container=odoo-production
2026-06-08T15:45:02-06:00 OK health label=staging container=odoo-staging
2026-06-08T15:45:02-06:00 OK disk path=/opt/odoo used=23%
2026-06-08T15:45:02-06:00 SUMMARY status=ok
2026-06-08T15:50:02-06:00 OK health label=production container=odoo-production
2026-06-08T15:50:02-06:00 OK health label=staging container=odoo-staging
2026-06-08T15:50:02-06:00 OK disk path=/opt/odoo used=23%
2026-06-08T15:50:02-06:00 SUMMARY status=ok
2026-06-08T15:55:02-06:00 OK health label=production container=odoo-production
2026-06-08T15:55:02-06:00 OK health label=staging container=odoo-staging
2026-06-08T15:55:02-06:00 OK disk path=/opt/odoo used=23%
2026-06-08T15:55:02-06:00 SUMMARY status=ok
2026-06-08T16:00:01-06:00 OK health label=production container=odoo-production
2026-06-08T16:00:01-06:00 OK health label=staging container=odoo-staging
2026-06-08T16:00:01-06:00 OK disk path=/opt/odoo used=23%
2026-06-08T16:00:01-06:00 SUMMARY status=ok
2026-06-08T16:05:02-06:00 OK health label=production container=odoo-production
2026-06-08T16:05:02-06:00 OK health label=staging container=odoo-staging
2026-06-08T16:05:02-06:00 OK disk path=/opt/odoo used=23%
2026-06-08T16:05:02-06:00 SUMMARY status=ok
2026-06-08T16:10:02-06:00 OK health label=production container=odoo-production
2026-06-08T16:10:02-06:00 OK health label=staging container=odoo-staging
2026-06-08T16:10:02-06:00 OK disk path=/opt/odoo used=23%
2026-06-08T16:10:02-06:00 SUMMARY status=ok
2026-06-08T16:15:02-06:00 OK health label=production container=odoo-production
2026-06-08T16:15:02-06:00 OK health label=staging container=odoo-staging
2026-06-08T16:15:02-06:00 OK disk path=/opt/odoo used=23%
2026-06-08T16:15:02-06:00 SUMMARY status=ok
2026-06-08T16:20:03-06:00 OK health label=production container=odoo-production
2026-06-08T16:20:03-06:00 OK health label=staging container=odoo-staging
2026-06-08T16:20:03-06:00 OK disk path=/opt/odoo used=23%
2026-06-08T16:20:03-06:00 SUMMARY status=ok
2026-06-08T16:25:02-06:00 OK health label=production container=odoo-production
2026-06-08T16:25:02-06:00 OK health label=staging container=odoo-staging
2026-06-08T16:25:02-06:00 OK disk path=/opt/odoo used=23%
2026-06-08T16:25:02-06:00 SUMMARY status=ok
2026-06-08T16:30:01-06:00 OK health label=production container=odoo-production
2026-06-08T16:30:01-06:00 OK health label=staging container=odoo-staging
2026-06-08T16:30:01-06:00 OK disk path=/opt/odoo used=23%
2026-06-08T16:30:01-06:00 SUMMARY status=ok
2026-06-08T16:35:01-06:00 OK health label=production container=odoo-production
2026-06-08T16:35:01-06:00 OK health label=staging container=odoo-staging
2026-06-08T16:35:01-06:00 OK disk path=/opt/odoo used=23%
2026-06-08T16:35:01-06:00 SUMMARY status=ok
2026-06-08T16:40:02-06:00 OK health label=production container=odoo-production
2026-06-08T16:40:02-06:00 OK health label=staging container=odoo-staging
2026-06-08T16:40:02-06:00 OK disk path=/opt/odoo used=23%
2026-06-08T16:40:02-06:00 SUMMARY status=ok
2026-06-08T16:45:01-06:00 ERROR container_not_running name=odoo-staging state=exited
2026-06-08T16:45:01-06:00 OK health label=production container=odoo-production
2026-06-08T16:45:01-06:00 ERROR health_failed label=staging container=odoo-staging
2026-06-08T16:45:01-06:00 OK disk path=/opt/odoo used=23%
2026-06-08T16:45:01-06:00 SUMMARY status=fail errors=2
2026-06-08T16:50:04-06:00 ERROR container_unhealthy name=odoo-staging health=unhealthy
2026-06-08T16:50:04-06:00 OK health label=production container=odoo-production
2026-06-08T16:50:04-06:00 ERROR health_failed label=staging container=odoo-staging
2026-06-08T16:50:04-06:00 OK disk path=/opt/odoo used=23%
2026-06-08T16:50:04-06:00 SUMMARY status=fail errors=2
2026-06-08T16:55:03-06:00 OK health label=production container=odoo-production
2026-06-08T16:55:03-06:00 OK health label=staging container=odoo-staging
2026-06-08T16:55:03-06:00 OK disk path=/opt/odoo used=23%
2026-06-08T16:55:03-06:00 SUMMARY status=ok
2026-06-08T17:00:03-06:00 OK health label=production container=odoo-production
2026-06-08T17:00:03-06:00 OK health label=staging container=odoo-staging
2026-06-08T17:00:03-06:00 OK disk path=/opt/odoo used=23%
2026-06-08T17:00:03-06:00 SUMMARY status=ok
2026-06-08T17:05:02-06:00 OK health label=production container=odoo-production
2026-06-08T17:05:02-06:00 OK health label=staging container=odoo-staging
2026-06-08T17:05:02-06:00 OK disk path=/opt/odoo used=23%
2026-06-08T17:05:02-06:00 SUMMARY status=ok
2026-06-08T17:10:01-06:00 ERROR container_unhealthy name=odoo-staging health=unhealthy
2026-06-08T17:10:01-06:00 OK health label=production container=odoo-production
2026-06-08T17:10:01-06:00 ERROR health_failed label=staging container=odoo-staging
2026-06-08T17:10:01-06:00 OK disk path=/opt/odoo used=23%
2026-06-08T17:10:01-06:00 SUMMARY status=fail errors=2
2026-06-08T17:15:01-06:00 OK health label=production container=odoo-production
2026-06-08T17:15:01-06:00 ERROR health_failed label=staging container=odoo-staging
2026-06-08T17:15:01-06:00 OK disk path=/opt/odoo used=23%
2026-06-08T17:15:01-06:00 SUMMARY status=fail errors=1
2026-06-08T17:20:03-06:00 OK health label=production container=odoo-production
2026-06-08T17:20:03-06:00 OK health label=staging container=odoo-staging
2026-06-08T17:20:03-06:00 OK disk path=/opt/odoo used=23%
2026-06-08T17:20:03-06:00 SUMMARY status=ok
2026-06-08T17:25:03-06:00 ERROR container_unhealthy name=odoo-staging health=starting
2026-06-08T17:25:03-06:00 OK health label=production container=odoo-production
2026-06-08T17:25:03-06:00 OK health label=staging container=odoo-staging
2026-06-08T17:25:03-06:00 OK disk path=/opt/odoo used=23%
2026-06-08T17:25:03-06:00 SUMMARY status=fail errors=1
2026-06-08T17:30:05-06:00 OK health label=production container=odoo-production
2026-06-08T17:30:05-06:00 OK health label=staging container=odoo-staging
2026-06-08T17:30:05-06:00 OK disk path=/opt/odoo used=23%
2026-06-08T17:30:05-06:00 SUMMARY status=ok
2026-06-08T17:35:02-06:00 OK health label=production container=odoo-production
2026-06-08T17:35:02-06:00 OK health label=staging container=odoo-staging
2026-06-08T17:35:02-06:00 OK disk path=/opt/odoo used=23%
2026-06-08T17:35:02-06:00 SUMMARY status=ok
2026-06-08T17:40:02-06:00 OK health label=production container=odoo-production
2026-06-08T17:40:02-06:00 OK health label=staging container=odoo-staging
2026-06-08T17:40:02-06:00 OK disk path=/opt/odoo used=23%
2026-06-08T17:40:02-06:00 SUMMARY status=ok
2026-06-08T17:45:02-06:00 OK health label=production container=odoo-production
2026-06-08T17:45:02-06:00 OK health label=staging container=odoo-staging
2026-06-08T17:45:02-06:00 OK disk path=/opt/odoo used=23%
2026-06-08T17:45:02-06:00 SUMMARY status=ok
2026-06-08T17:50:02-06:00 OK health label=production container=odoo-production
2026-06-08T17:50:02-06:00 OK health label=staging container=odoo-staging
2026-06-08T17:50:02-06:00 OK disk path=/opt/odoo used=23%
2026-06-08T17:50:02-06:00 SUMMARY status=ok
2026-06-08T17:55:02-06:00 OK health label=production container=odoo-production
2026-06-08T17:55:02-06:00 OK health label=staging container=odoo-staging
2026-06-08T17:55:02-06:00 OK disk path=/opt/odoo used=23%
2026-06-08T17:55:02-06:00 SUMMARY status=ok
2026-06-08T18:00:01-06:00 OK health label=production container=odoo-production
2026-06-08T18:00:01-06:00 OK health label=staging container=odoo-staging
2026-06-08T18:00:01-06:00 OK disk path=/opt/odoo used=23%
2026-06-08T18:00:01-06:00 SUMMARY status=ok
2026-06-08T18:05:01-06:00 OK health label=production container=odoo-production
2026-06-08T18:05:01-06:00 OK health label=staging container=odoo-staging
2026-06-08T18:05:01-06:00 OK disk path=/opt/odoo used=23%
2026-06-08T18:05:01-06:00 SUMMARY status=ok
2026-06-08T18:10:01-06:00 OK health label=production container=odoo-production
2026-06-08T18:10:01-06:00 OK health label=staging container=odoo-staging
2026-06-08T18:10:01-06:00 OK disk path=/opt/odoo used=23%
2026-06-08T18:10:01-06:00 SUMMARY status=ok
2026-06-08T18:15:02-06:00 OK health label=production container=odoo-production
2026-06-08T18:15:02-06:00 OK health label=staging container=odoo-staging
2026-06-08T18:15:02-06:00 OK disk path=/opt/odoo used=23%
2026-06-08T18:15:02-06:00 SUMMARY status=ok
2026-06-08T18:20:03-06:00 OK health label=production container=odoo-production
2026-06-08T18:20:03-06:00 OK health label=staging container=odoo-staging
2026-06-08T18:20:03-06:00 OK disk path=/opt/odoo used=23%
2026-06-08T18:20:03-06:00 SUMMARY status=ok
2026-06-08T18:25:01-06:00 OK health label=production container=odoo-production
2026-06-08T18:25:01-06:00 OK health label=staging container=odoo-staging
2026-06-08T18:25:01-06:00 OK disk path=/opt/odoo used=23%
2026-06-08T18:25:01-06:00 SUMMARY status=ok
2026-06-08T18:30:02-06:00 OK health label=production container=odoo-production
2026-06-08T18:30:02-06:00 OK health label=staging container=odoo-staging
2026-06-08T18:30:02-06:00 OK disk path=/opt/odoo used=23%
2026-06-08T18:30:02-06:00 SUMMARY status=ok
2026-06-08T18:35:03-06:00 OK health label=production container=odoo-production
2026-06-08T18:35:03-06:00 OK health label=staging container=odoo-staging
2026-06-08T18:35:03-06:00 OK disk path=/opt/odoo used=23%
2026-06-08T18:35:03-06:00 SUMMARY status=ok
2026-06-08T18:40:01-06:00 OK health label=production container=odoo-production
2026-06-08T18:40:01-06:00 OK health label=staging container=odoo-staging
2026-06-08T18:40:01-06:00 OK disk path=/opt/odoo used=23%
2026-06-08T18:40:01-06:00 SUMMARY status=ok
2026-06-08T18:45:01-06:00 OK health label=production container=odoo-production
2026-06-08T18:45:01-06:00 OK health label=staging container=odoo-staging
2026-06-08T18:45:01-06:00 OK disk path=/opt/odoo used=23%
2026-06-08T18:45:01-06:00 SUMMARY status=ok
2026-06-08T18:50:02-06:00 OK health label=production container=odoo-production
2026-06-08T18:50:02-06:00 OK health label=staging container=odoo-staging
2026-06-08T18:50:02-06:00 OK disk path=/opt/odoo used=23%
2026-06-08T18:50:02-06:00 SUMMARY status=ok
2026-06-08T18:55:02-06:00 OK health label=production container=odoo-production
2026-06-08T18:55:02-06:00 OK health label=staging container=odoo-staging
2026-06-08T18:55:02-06:00 OK disk path=/opt/odoo used=23%
2026-06-08T18:55:02-06:00 SUMMARY status=ok
2026-06-08T19:00:01-06:00 OK health label=production container=odoo-production
2026-06-08T19:00:01-06:00 OK health label=staging container=odoo-staging
2026-06-08T19:00:01-06:00 OK disk path=/opt/odoo used=23%
2026-06-08T19:00:01-06:00 SUMMARY status=ok
2026-06-08T19:05:02-06:00 OK health label=production container=odoo-production
2026-06-08T19:05:02-06:00 OK health label=staging container=odoo-staging
2026-06-08T19:05:02-06:00 OK disk path=/opt/odoo used=23%
2026-06-08T19:05:02-06:00 SUMMARY status=ok
2026-06-08T19:10:01-06:00 OK health label=production container=odoo-production
2026-06-08T19:10:01-06:00 OK health label=staging container=odoo-staging
2026-06-08T19:10:01-06:00 OK disk path=/opt/odoo used=23%
2026-06-08T19:10:01-06:00 SUMMARY status=ok
2026-06-08T19:15:02-06:00 OK health label=production container=odoo-production
2026-06-08T19:15:02-06:00 OK health label=staging container=odoo-staging
2026-06-08T19:15:02-06:00 OK disk path=/opt/odoo used=23%
2026-06-08T19:15:02-06:00 SUMMARY status=ok
2026-06-08T19:20:01-06:00 OK health label=production container=odoo-production
2026-06-08T19:20:01-06:00 OK health label=staging container=odoo-staging
2026-06-08T19:20:01-06:00 OK disk path=/opt/odoo used=23%
2026-06-08T19:20:01-06:00 SUMMARY status=ok
2026-06-08T19:25:01-06:00 OK health label=production container=odoo-production
2026-06-08T19:25:01-06:00 OK health label=staging container=odoo-staging
2026-06-08T19:25:01-06:00 OK disk path=/opt/odoo used=23%
2026-06-08T19:25:01-06:00 SUMMARY status=ok
2026-06-08T19:30:01-06:00 OK health label=production container=odoo-production
2026-06-08T19:30:01-06:00 OK health label=staging container=odoo-staging
2026-06-08T19:30:01-06:00 OK disk path=/opt/odoo used=23%
2026-06-08T19:30:01-06:00 SUMMARY status=ok
2026-06-08T19:35:02-06:00 OK health label=production container=odoo-production
2026-06-08T19:35:02-06:00 OK health label=staging container=odoo-staging
2026-06-08T19:35:02-06:00 OK disk path=/opt/odoo used=23%
2026-06-08T19:35:02-06:00 SUMMARY status=ok
2026-06-08T19:40:03-06:00 OK health label=production container=odoo-production
2026-06-08T19:40:03-06:00 OK health label=staging container=odoo-staging
2026-06-08T19:40:03-06:00 OK disk path=/opt/odoo used=23%
2026-06-08T19:40:03-06:00 SUMMARY status=ok
2026-06-08T19:45:02-06:00 OK health label=production container=odoo-production
2026-06-08T19:45:02-06:00 OK health label=staging container=odoo-staging
2026-06-08T19:45:02-06:00 OK disk path=/opt/odoo used=23%
2026-06-08T19:45:02-06:00 SUMMARY status=ok
2026-06-08T19:50:02-06:00 OK health label=production container=odoo-production
2026-06-08T19:50:02-06:00 OK health label=staging container=odoo-staging
2026-06-08T19:50:02-06:00 OK disk path=/opt/odoo used=23%
2026-06-08T19:50:02-06:00 SUMMARY status=ok
2026-06-08T19:55:02-06:00 OK health label=production container=odoo-production
2026-06-08T19:55:02-06:00 OK health label=staging container=odoo-staging
2026-06-08T19:55:02-06:00 OK disk path=/opt/odoo used=23%
2026-06-08T19:55:02-06:00 SUMMARY status=ok
2026-06-08T20:00:02-06:00 OK health label=production container=odoo-production
2026-06-08T20:00:02-06:00 OK health label=staging container=odoo-staging
2026-06-08T20:00:02-06:00 OK disk path=/opt/odoo used=23%
2026-06-08T20:00:02-06:00 SUMMARY status=ok
2026-06-08T20:05:01-06:00 OK health label=production container=odoo-production
2026-06-08T20:05:01-06:00 OK health label=staging container=odoo-staging
2026-06-08T20:05:01-06:00 OK disk path=/opt/odoo used=23%
2026-06-08T20:05:01-06:00 SUMMARY status=ok
2026-06-08T20:10:02-06:00 ERROR container_unhealthy name=odoo-staging health=starting
2026-06-08T20:10:02-06:00 OK health label=production container=odoo-production
2026-06-08T20:10:02-06:00 OK health label=staging container=odoo-staging
2026-06-08T20:10:02-06:00 OK disk path=/opt/odoo used=23%
2026-06-08T20:10:02-06:00 SUMMARY status=fail errors=1
2026-06-08T20:15:01-06:00 ERROR container_not_running name=odoo-production state=exited
2026-06-08T20:15:01-06:00 ERROR health_failed label=production container=odoo-production
2026-06-08T20:15:01-06:00 OK health label=staging container=odoo-staging
2026-06-08T20:15:01-06:00 OK disk path=/opt/odoo used=23%
2026-06-08T20:15:01-06:00 SUMMARY status=fail errors=2
2026-06-08T20:20:03-06:00 OK health label=production container=odoo-production
2026-06-08T20:20:03-06:00 OK health label=staging container=odoo-staging
2026-06-08T20:20:03-06:00 OK disk path=/opt/odoo used=23%
2026-06-08T20:20:03-06:00 SUMMARY status=ok
2026-06-08T20:25:02-06:00 OK health label=production container=odoo-production
2026-06-08T20:25:02-06:00 OK health label=staging container=odoo-staging
2026-06-08T20:25:02-06:00 OK disk path=/opt/odoo used=23%
2026-06-08T20:25:02-06:00 SUMMARY status=ok
2026-06-08T20:30:02-06:00 ERROR container_not_running name=odoo-staging state=exited
2026-06-08T20:30:02-06:00 OK health label=production container=odoo-production
2026-06-08T20:30:02-06:00 ERROR health_failed label=staging container=odoo-staging
2026-06-08T20:30:02-06:00 OK disk path=/opt/odoo used=23%
2026-06-08T20:30:02-06:00 SUMMARY status=fail errors=2
2026-06-08T20:35:02-06:00 OK health label=production container=odoo-production
2026-06-08T20:35:02-06:00 OK health label=staging container=odoo-staging
2026-06-08T20:35:02-06:00 OK disk path=/opt/odoo used=23%
2026-06-08T20:35:02-06:00 SUMMARY status=ok
2026-06-08T20:40:01-06:00 ERROR container_not_running name=odoo-production state=exited
2026-06-08T20:40:01-06:00 ERROR health_failed label=production container=odoo-production
2026-06-08T20:40:01-06:00 OK health label=staging container=odoo-staging
2026-06-08T20:40:01-06:00 OK disk path=/opt/odoo used=23%
2026-06-08T20:40:01-06:00 SUMMARY status=fail errors=2
2026-06-08T20:45:01-06:00 OK health label=production container=odoo-production
2026-06-08T20:45:01-06:00 OK health label=staging container=odoo-staging
2026-06-08T20:45:01-06:00 OK disk path=/opt/odoo used=23%
2026-06-08T20:45:01-06:00 SUMMARY status=ok
2026-06-08T20:50:01-06:00 OK health label=production container=odoo-production
2026-06-08T20:50:01-06:00 OK health label=staging container=odoo-staging
2026-06-08T20:50:01-06:00 OK disk path=/opt/odoo used=23%
2026-06-08T20:50:01-06:00 SUMMARY status=ok
2026-06-08T20:55:02-06:00 OK health label=production container=odoo-production
2026-06-08T20:55:02-06:00 OK health label=staging container=odoo-staging
2026-06-08T20:55:02-06:00 OK disk path=/opt/odoo used=23%
2026-06-08T20:55:02-06:00 SUMMARY status=ok
2026-06-08T21:00:01-06:00 OK health label=production container=odoo-production
2026-06-08T21:00:01-06:00 OK health label=staging container=odoo-staging
2026-06-08T21:00:01-06:00 OK disk path=/opt/odoo used=23%
2026-06-08T21:00:01-06:00 SUMMARY status=ok
2026-06-08T21:05:02-06:00 OK health label=production container=odoo-production
2026-06-08T21:05:02-06:00 OK health label=staging container=odoo-staging
2026-06-08T21:05:02-06:00 OK disk path=/opt/odoo used=23%
2026-06-08T21:05:02-06:00 SUMMARY status=ok
2026-06-08T21:10:02-06:00 OK health label=production container=odoo-production
2026-06-08T21:10:02-06:00 OK health label=staging container=odoo-staging
2026-06-08T21:10:02-06:00 OK disk path=/opt/odoo used=23%
2026-06-08T21:10:02-06:00 SUMMARY status=ok
2026-06-08T21:15:01-06:00 OK health label=production container=odoo-production
2026-06-08T21:15:01-06:00 OK health label=staging container=odoo-staging
2026-06-08T21:15:01-06:00 OK disk path=/opt/odoo used=23%
2026-06-08T21:15:01-06:00 SUMMARY status=ok
2026-06-08T21:20:02-06:00 OK health label=production container=odoo-production
2026-06-08T21:20:02-06:00 OK health label=staging container=odoo-staging
2026-06-08T21:20:02-06:00 OK disk path=/opt/odoo used=23%
2026-06-08T21:20:02-06:00 SUMMARY status=ok
2026-06-08T21:25:01-06:00 OK health label=production container=odoo-production
2026-06-08T21:25:01-06:00 OK health label=staging container=odoo-staging
2026-06-08T21:25:01-06:00 OK disk path=/opt/odoo used=23%
2026-06-08T21:25:01-06:00 SUMMARY status=ok
2026-06-08T21:30:01-06:00 OK health label=production container=odoo-production
2026-06-08T21:30:01-06:00 OK health label=staging container=odoo-staging
2026-06-08T21:30:01-06:00 OK disk path=/opt/odoo used=23%
2026-06-08T21:30:01-06:00 SUMMARY status=ok
2026-06-08T21:35:02-06:00 OK health label=production container=odoo-production
2026-06-08T21:35:02-06:00 OK health label=staging container=odoo-staging
2026-06-08T21:35:02-06:00 OK disk path=/opt/odoo used=23%
2026-06-08T21:35:02-06:00 SUMMARY status=ok
2026-06-08T21:40:02-06:00 OK health label=production container=odoo-production
2026-06-08T21:40:02-06:00 OK health label=staging container=odoo-staging
2026-06-08T21:40:02-06:00 OK disk path=/opt/odoo used=23%
2026-06-08T21:40:02-06:00 SUMMARY status=ok
2026-06-08T21:45:01-06:00 OK health label=production container=odoo-production
2026-06-08T21:45:01-06:00 OK health label=staging container=odoo-staging
2026-06-08T21:45:01-06:00 OK disk path=/opt/odoo used=23%
2026-06-08T21:45:01-06:00 SUMMARY status=ok
2026-06-08T21:50:01-06:00 OK health label=production container=odoo-production
2026-06-08T21:50:01-06:00 OK health label=staging container=odoo-staging
2026-06-08T21:50:01-06:00 OK disk path=/opt/odoo used=23%
2026-06-08T21:50:01-06:00 SUMMARY status=ok
2026-06-08T21:55:01-06:00 OK health label=production container=odoo-production
2026-06-08T21:55:01-06:00 OK health label=staging container=odoo-staging
2026-06-08T21:55:01-06:00 OK disk path=/opt/odoo used=23%
2026-06-08T21:55:01-06:00 SUMMARY status=ok
2026-06-08T22:00:01-06:00 OK health label=production container=odoo-production
2026-06-08T22:00:01-06:00 OK health label=staging container=odoo-staging
2026-06-08T22:00:01-06:00 OK disk path=/opt/odoo used=23%
2026-06-08T22:00:01-06:00 SUMMARY status=ok
2026-06-08T22:05:01-06:00 OK health label=production container=odoo-production
2026-06-08T22:05:01-06:00 OK health label=staging container=odoo-staging
2026-06-08T22:05:01-06:00 OK disk path=/opt/odoo used=23%
2026-06-08T22:05:01-06:00 SUMMARY status=ok
2026-06-08T22:10:01-06:00 OK health label=production container=odoo-production
2026-06-08T22:10:01-06:00 OK health label=staging container=odoo-staging
2026-06-08T22:10:01-06:00 OK disk path=/opt/odoo used=23%
2026-06-08T22:10:01-06:00 SUMMARY status=ok
2026-06-08T22:15:02-06:00 OK health label=production container=odoo-production
2026-06-08T22:15:02-06:00 OK health label=staging container=odoo-staging
2026-06-08T22:15:02-06:00 OK disk path=/opt/odoo used=23%
2026-06-08T22:15:02-06:00 SUMMARY status=ok
2026-06-08T22:20:02-06:00 OK health label=production container=odoo-production
2026-06-08T22:20:02-06:00 OK health label=staging container=odoo-staging
2026-06-08T22:20:02-06:00 OK disk path=/opt/odoo used=23%
2026-06-08T22:20:02-06:00 SUMMARY status=ok
2026-06-08T22:25:02-06:00 OK health label=production container=odoo-production
2026-06-08T22:25:02-06:00 OK health label=staging container=odoo-staging
2026-06-08T22:25:02-06:00 OK disk path=/opt/odoo used=23%
2026-06-08T22:25:02-06:00 SUMMARY status=ok
2026-06-08T22:30:01-06:00 OK health label=production container=odoo-production
2026-06-08T22:30:01-06:00 OK health label=staging container=odoo-staging
2026-06-08T22:30:01-06:00 OK disk path=/opt/odoo used=23%
2026-06-08T22:30:01-06:00 SUMMARY status=ok
2026-06-08T22:35:01-06:00 OK health label=production container=odoo-production
2026-06-08T22:35:01-06:00 OK health label=staging container=odoo-staging
2026-06-08T22:35:01-06:00 OK disk path=/opt/odoo used=23%
2026-06-08T22:35:01-06:00 SUMMARY status=ok
2026-06-08T22:40:01-06:00 ERROR container_not_running name=odoo-production state=exited
2026-06-08T22:40:01-06:00 ERROR health_failed label=production container=odoo-production
2026-06-08T22:40:01-06:00 OK health label=staging container=odoo-staging
2026-06-08T22:40:01-06:00 OK disk path=/opt/odoo used=23%
2026-06-08T22:40:01-06:00 SUMMARY status=fail errors=2
2026-06-08T22:45:01-06:00 OK health label=production container=odoo-production
2026-06-08T22:45:01-06:00 OK health label=staging container=odoo-staging
2026-06-08T22:45:01-06:00 OK disk path=/opt/odoo used=23%
2026-06-08T22:45:01-06:00 SUMMARY status=ok
2026-06-08T22:50:01-06:00 OK health label=production container=odoo-production
2026-06-08T22:50:01-06:00 OK health label=staging container=odoo-staging
2026-06-08T22:50:01-06:00 OK disk path=/opt/odoo used=23%
2026-06-08T22:50:01-06:00 SUMMARY status=ok
2026-06-08T22:55:01-06:00 OK health label=production container=odoo-production
2026-06-08T22:55:01-06:00 OK health label=staging container=odoo-staging
2026-06-08T22:55:01-06:00 OK disk path=/opt/odoo used=23%
2026-06-08T22:55:01-06:00 SUMMARY status=ok
2026-06-08T23:00:02-06:00 OK health label=production container=odoo-production
2026-06-08T23:00:02-06:00 OK health label=staging container=odoo-staging
2026-06-08T23:00:02-06:00 OK disk path=/opt/odoo used=23%
2026-06-08T23:00:02-06:00 SUMMARY status=ok
2026-06-08T23:05:01-06:00 OK health label=production container=odoo-production
2026-06-08T23:05:01-06:00 OK health label=staging container=odoo-staging
2026-06-08T23:05:01-06:00 OK disk path=/opt/odoo used=23%
2026-06-08T23:05:01-06:00 SUMMARY status=ok
2026-06-08T23:10:01-06:00 OK health label=production container=odoo-production
2026-06-08T23:10:01-06:00 OK health label=staging container=odoo-staging
2026-06-08T23:10:01-06:00 OK disk path=/opt/odoo used=23%
2026-06-08T23:10:01-06:00 SUMMARY status=ok
2026-06-08T23:15:01-06:00 OK health label=production container=odoo-production
2026-06-08T23:15:01-06:00 OK health label=staging container=odoo-staging
2026-06-08T23:15:01-06:00 OK disk path=/opt/odoo used=23%
2026-06-08T23:15:01-06:00 SUMMARY status=ok
2026-06-08T23:20:02-06:00 OK health label=production container=odoo-production
2026-06-08T23:20:02-06:00 OK health label=staging container=odoo-staging
2026-06-08T23:20:02-06:00 OK disk path=/opt/odoo used=23%
2026-06-08T23:20:02-06:00 SUMMARY status=ok
2026-06-08T23:25:01-06:00 OK health label=production container=odoo-production
2026-06-08T23:25:01-06:00 OK health label=staging container=odoo-staging
2026-06-08T23:25:01-06:00 OK disk path=/opt/odoo used=23%
2026-06-08T23:25:01-06:00 SUMMARY status=ok
2026-06-08T23:30:01-06:00 OK health label=production container=odoo-production
2026-06-08T23:30:01-06:00 OK health label=staging container=odoo-staging
2026-06-08T23:30:01-06:00 OK disk path=/opt/odoo used=23%
2026-06-08T23:30:01-06:00 SUMMARY status=ok
2026-06-08T23:35:01-06:00 OK health label=production container=odoo-production
2026-06-08T23:35:01-06:00 OK health label=staging container=odoo-staging
2026-06-08T23:35:01-06:00 OK disk path=/opt/odoo used=23%
2026-06-08T23:35:01-06:00 SUMMARY status=ok
2026-06-08T23:40:02-06:00 OK health label=production container=odoo-production
2026-06-08T23:40:02-06:00 OK health label=staging container=odoo-staging
2026-06-08T23:40:02-06:00 OK disk path=/opt/odoo used=23%
2026-06-08T23:40:02-06:00 SUMMARY status=ok
2026-06-08T23:45:01-06:00 OK health label=production container=odoo-production
2026-06-08T23:45:01-06:00 OK health label=staging container=odoo-staging
2026-06-08T23:45:01-06:00 OK disk path=/opt/odoo used=23%
2026-06-08T23:45:01-06:00 SUMMARY status=ok
2026-06-08T23:50:01-06:00 OK health label=production container=odoo-production
2026-06-08T23:50:01-06:00 OK health label=staging container=odoo-staging
2026-06-08T23:50:01-06:00 OK disk path=/opt/odoo used=23%
2026-06-08T23:50:01-06:00 SUMMARY status=ok
2026-06-08T23:55:02-06:00 OK health label=production container=odoo-production
2026-06-08T23:55:02-06:00 OK health label=staging container=odoo-staging
2026-06-08T23:55:02-06:00 OK disk path=/opt/odoo used=23%
2026-06-08T23:55:02-06:00 SUMMARY status=ok
2026-06-09T00:00:04-06:00 OK health label=production container=odoo-production
2026-06-09T00:00:04-06:00 OK health label=staging container=odoo-staging
2026-06-09T00:00:04-06:00 OK disk path=/opt/odoo used=23%
2026-06-09T00:00:04-06:00 SUMMARY status=ok
2026-06-09T00:05:02-06:00 OK health label=production container=odoo-production
2026-06-09T00:05:02-06:00 OK health label=staging container=odoo-staging
2026-06-09T00:05:02-06:00 OK disk path=/opt/odoo used=23%
2026-06-09T00:05:02-06:00 SUMMARY status=ok
2026-06-09T00:10:01-06:00 OK health label=production container=odoo-production
2026-06-09T00:10:01-06:00 OK health label=staging container=odoo-staging
2026-06-09T00:10:01-06:00 OK disk path=/opt/odoo used=23%
2026-06-09T00:10:01-06:00 SUMMARY status=ok
2026-06-09T00:15:02-06:00 OK health label=production container=odoo-production
2026-06-09T00:15:02-06:00 OK health label=staging container=odoo-staging
2026-06-09T00:15:02-06:00 OK disk path=/opt/odoo used=23%
2026-06-09T00:15:02-06:00 SUMMARY status=ok
2026-06-09T00:20:01-06:00 OK health label=production container=odoo-production
2026-06-09T00:20:01-06:00 OK health label=staging container=odoo-staging
2026-06-09T00:20:01-06:00 OK disk path=/opt/odoo used=23%
2026-06-09T00:20:01-06:00 SUMMARY status=ok
2026-06-09T00:25:02-06:00 OK health label=production container=odoo-production
2026-06-09T00:25:02-06:00 OK health label=staging container=odoo-staging
2026-06-09T00:25:02-06:00 OK disk path=/opt/odoo used=23%
2026-06-09T00:25:02-06:00 SUMMARY status=ok
2026-06-09T00:30:01-06:00 OK health label=production container=odoo-production
2026-06-09T00:30:01-06:00 OK health label=staging container=odoo-staging
2026-06-09T00:30:01-06:00 OK disk path=/opt/odoo used=23%
2026-06-09T00:30:01-06:00 SUMMARY status=ok
2026-06-09T00:35:02-06:00 OK health label=production container=odoo-production
2026-06-09T00:35:02-06:00 OK health label=staging container=odoo-staging
2026-06-09T00:35:02-06:00 OK disk path=/opt/odoo used=23%
2026-06-09T00:35:02-06:00 SUMMARY status=ok
2026-06-09T00:40:01-06:00 OK health label=production container=odoo-production
2026-06-09T00:40:01-06:00 OK health label=staging container=odoo-staging
2026-06-09T00:40:01-06:00 OK disk path=/opt/odoo used=23%
2026-06-09T00:40:01-06:00 SUMMARY status=ok
2026-06-09T00:45:02-06:00 OK health label=production container=odoo-production
2026-06-09T00:45:02-06:00 OK health label=staging container=odoo-staging
2026-06-09T00:45:02-06:00 OK disk path=/opt/odoo used=23%
2026-06-09T00:45:02-06:00 SUMMARY status=ok
2026-06-09T00:50:02-06:00 OK health label=production container=odoo-production
2026-06-09T00:50:02-06:00 OK health label=staging container=odoo-staging
2026-06-09T00:50:02-06:00 OK disk path=/opt/odoo used=23%
2026-06-09T00:50:02-06:00 SUMMARY status=ok
2026-06-09T00:55:01-06:00 OK health label=production container=odoo-production
2026-06-09T00:55:01-06:00 OK health label=staging container=odoo-staging
2026-06-09T00:55:01-06:00 OK disk path=/opt/odoo used=23%
2026-06-09T00:55:01-06:00 SUMMARY status=ok
2026-06-09T01:00:01-06:00 OK health label=production container=odoo-production
2026-06-09T01:00:01-06:00 OK health label=staging container=odoo-staging
2026-06-09T01:00:01-06:00 OK disk path=/opt/odoo used=23%
2026-06-09T01:00:01-06:00 SUMMARY status=ok
2026-06-09T01:05:01-06:00 OK health label=production container=odoo-production
2026-06-09T01:05:01-06:00 OK health label=staging container=odoo-staging
2026-06-09T01:05:01-06:00 OK disk path=/opt/odoo used=23%
2026-06-09T01:05:01-06:00 SUMMARY status=ok
2026-06-09T01:10:02-06:00 OK health label=production container=odoo-production
2026-06-09T01:10:02-06:00 OK health label=staging container=odoo-staging
2026-06-09T01:10:02-06:00 OK disk path=/opt/odoo used=23%
2026-06-09T01:10:02-06:00 SUMMARY status=ok
2026-06-09T01:15:01-06:00 OK health label=production container=odoo-production
2026-06-09T01:15:01-06:00 OK health label=staging container=odoo-staging
2026-06-09T01:15:01-06:00 OK disk path=/opt/odoo used=23%
2026-06-09T01:15:01-06:00 SUMMARY status=ok
2026-06-09T01:20:03-06:00 OK health label=production container=odoo-production
2026-06-09T01:20:03-06:00 OK health label=staging container=odoo-staging
2026-06-09T01:20:03-06:00 OK disk path=/opt/odoo used=23%
2026-06-09T01:20:03-06:00 SUMMARY status=ok
2026-06-09T01:25:02-06:00 OK health label=production container=odoo-production
2026-06-09T01:25:02-06:00 OK health label=staging container=odoo-staging
2026-06-09T01:25:02-06:00 OK disk path=/opt/odoo used=23%
2026-06-09T01:25:02-06:00 SUMMARY status=ok
2026-06-09T01:30:01-06:00 OK health label=production container=odoo-production
2026-06-09T01:30:01-06:00 OK health label=staging container=odoo-staging
2026-06-09T01:30:01-06:00 OK disk path=/opt/odoo used=23%
2026-06-09T01:30:01-06:00 SUMMARY status=ok
2026-06-09T01:35:02-06:00 OK health label=production container=odoo-production
2026-06-09T01:35:02-06:00 OK health label=staging container=odoo-staging
2026-06-09T01:35:02-06:00 OK disk path=/opt/odoo used=23%
2026-06-09T01:35:02-06:00 SUMMARY status=ok
2026-06-09T01:40:01-06:00 OK health label=production container=odoo-production
2026-06-09T01:40:01-06:00 OK health label=staging container=odoo-staging
2026-06-09T01:40:01-06:00 OK disk path=/opt/odoo used=23%
2026-06-09T01:40:01-06:00 SUMMARY status=ok
2026-06-09T01:45:01-06:00 OK health label=production container=odoo-production
2026-06-09T01:45:01-06:00 OK health label=staging container=odoo-staging
2026-06-09T01:45:01-06:00 OK disk path=/opt/odoo used=23%
2026-06-09T01:45:01-06:00 SUMMARY status=ok
2026-06-09T01:50:01-06:00 OK health label=production container=odoo-production
2026-06-09T01:50:01-06:00 OK health label=staging container=odoo-staging
2026-06-09T01:50:01-06:00 OK disk path=/opt/odoo used=23%
2026-06-09T01:50:01-06:00 SUMMARY status=ok
2026-06-09T01:55:01-06:00 OK health label=production container=odoo-production
2026-06-09T01:55:01-06:00 OK health label=staging container=odoo-staging
2026-06-09T01:55:01-06:00 OK disk path=/opt/odoo used=23%
2026-06-09T01:55:01-06:00 SUMMARY status=ok
2026-06-09T02:00:01-06:00 OK health label=production container=odoo-production
2026-06-09T02:00:01-06:00 OK health label=staging container=odoo-staging
2026-06-09T02:00:01-06:00 OK disk path=/opt/odoo used=23%
2026-06-09T02:00:01-06:00 SUMMARY status=ok
2026-06-09T02:05:02-06:00 OK health label=production container=odoo-production
2026-06-09T02:05:02-06:00 OK health label=staging container=odoo-staging
2026-06-09T02:05:02-06:00 OK disk path=/opt/odoo used=24%
2026-06-09T02:05:02-06:00 SUMMARY status=ok
2026-06-09T02:10:02-06:00 OK health label=production container=odoo-production
2026-06-09T02:10:02-06:00 OK health label=staging container=odoo-staging
2026-06-09T02:10:02-06:00 OK disk path=/opt/odoo used=23%
2026-06-09T02:10:02-06:00 SUMMARY status=ok
2026-06-09T02:15:01-06:00 OK health label=production container=odoo-production
2026-06-09T02:15:01-06:00 OK health label=staging container=odoo-staging
2026-06-09T02:15:01-06:00 OK disk path=/opt/odoo used=23%
2026-06-09T02:15:01-06:00 SUMMARY status=ok
2026-06-09T02:20:01-06:00 OK health label=production container=odoo-production
2026-06-09T02:20:01-06:00 OK health label=staging container=odoo-staging
2026-06-09T02:20:01-06:00 OK disk path=/opt/odoo used=23%
2026-06-09T02:20:01-06:00 SUMMARY status=ok
2026-06-09T02:25:01-06:00 OK health label=production container=odoo-production
2026-06-09T02:25:01-06:00 OK health label=staging container=odoo-staging
2026-06-09T02:25:01-06:00 OK disk path=/opt/odoo used=23%
2026-06-09T02:25:01-06:00 SUMMARY status=ok
2026-06-09T02:30:02-06:00 OK health label=production container=odoo-production
2026-06-09T02:30:02-06:00 OK health label=staging container=odoo-staging
2026-06-09T02:30:02-06:00 OK disk path=/opt/odoo used=23%
2026-06-09T02:30:02-06:00 SUMMARY status=ok
2026-06-09T02:35:02-06:00 OK health label=production container=odoo-production
2026-06-09T02:35:02-06:00 OK health label=staging container=odoo-staging
2026-06-09T02:35:02-06:00 OK disk path=/opt/odoo used=23%
2026-06-09T02:35:02-06:00 SUMMARY status=ok
2026-06-09T02:40:01-06:00 OK health label=production container=odoo-production
2026-06-09T02:40:01-06:00 OK health label=staging container=odoo-staging
2026-06-09T02:40:01-06:00 OK disk path=/opt/odoo used=23%
2026-06-09T02:40:01-06:00 SUMMARY status=ok
2026-06-09T02:45:02-06:00 OK health label=production container=odoo-production
2026-06-09T02:45:02-06:00 OK health label=staging container=odoo-staging
2026-06-09T02:45:02-06:00 OK disk path=/opt/odoo used=23%
2026-06-09T02:45:02-06:00 SUMMARY status=ok
2026-06-09T02:50:02-06:00 OK health label=production container=odoo-production
2026-06-09T02:50:02-06:00 OK health label=staging container=odoo-staging
2026-06-09T02:50:02-06:00 OK disk path=/opt/odoo used=23%
2026-06-09T02:50:02-06:00 SUMMARY status=ok
2026-06-09T02:55:01-06:00 OK health label=production container=odoo-production
2026-06-09T02:55:01-06:00 OK health label=staging container=odoo-staging
2026-06-09T02:55:01-06:00 OK disk path=/opt/odoo used=23%
2026-06-09T02:55:01-06:00 SUMMARY status=ok
2026-06-09T03:00:01-06:00 OK health label=production container=odoo-production
2026-06-09T03:00:01-06:00 OK health label=staging container=odoo-staging
2026-06-09T03:00:01-06:00 OK disk path=/opt/odoo used=23%
2026-06-09T03:00:01-06:00 SUMMARY status=ok
2026-06-09T03:05:02-06:00 OK health label=production container=odoo-production
2026-06-09T03:05:02-06:00 OK health label=staging container=odoo-staging
2026-06-09T03:05:02-06:00 OK disk path=/opt/odoo used=23%
2026-06-09T03:05:02-06:00 SUMMARY status=ok
2026-06-09T03:10:01-06:00 OK health label=production container=odoo-production
2026-06-09T03:10:01-06:00 OK health label=staging container=odoo-staging
2026-06-09T03:10:01-06:00 OK disk path=/opt/odoo used=23%
2026-06-09T03:10:01-06:00 SUMMARY status=ok
2026-06-09T03:15:01-06:00 OK health label=production container=odoo-production
2026-06-09T03:15:01-06:00 OK health label=staging container=odoo-staging
2026-06-09T03:15:01-06:00 OK disk path=/opt/odoo used=23%
2026-06-09T03:15:01-06:00 SUMMARY status=ok
2026-06-09T03:20:01-06:00 OK health label=production container=odoo-production
2026-06-09T03:20:01-06:00 OK health label=staging container=odoo-staging
2026-06-09T03:20:01-06:00 OK disk path=/opt/odoo used=23%
2026-06-09T03:20:01-06:00 SUMMARY status=ok
2026-06-09T03:25:01-06:00 OK health label=production container=odoo-production
2026-06-09T03:25:01-06:00 OK health label=staging container=odoo-staging
2026-06-09T03:25:01-06:00 OK disk path=/opt/odoo used=23%
2026-06-09T03:25:01-06:00 SUMMARY status=ok
2026-06-09T03:30:01-06:00 OK health label=production container=odoo-production
2026-06-09T03:30:01-06:00 OK health label=staging container=odoo-staging
2026-06-09T03:30:01-06:00 OK disk path=/opt/odoo used=23%
2026-06-09T03:30:01-06:00 SUMMARY status=ok
2026-06-09T03:35:01-06:00 OK health label=production container=odoo-production
2026-06-09T03:35:01-06:00 OK health label=staging container=odoo-staging
2026-06-09T03:35:01-06:00 OK disk path=/opt/odoo used=23%
2026-06-09T03:35:01-06:00 SUMMARY status=ok
2026-06-09T03:40:02-06:00 OK health label=production container=odoo-production
2026-06-09T03:40:02-06:00 OK health label=staging container=odoo-staging
2026-06-09T03:40:02-06:00 OK disk path=/opt/odoo used=23%
2026-06-09T03:40:02-06:00 SUMMARY status=ok
2026-06-09T03:45:01-06:00 OK health label=production container=odoo-production
2026-06-09T03:45:01-06:00 OK health label=staging container=odoo-staging
2026-06-09T03:45:01-06:00 OK disk path=/opt/odoo used=23%
2026-06-09T03:45:01-06:00 SUMMARY status=ok
2026-06-09T03:50:01-06:00 OK health label=production container=odoo-production
2026-06-09T03:50:01-06:00 OK health label=staging container=odoo-staging
2026-06-09T03:50:01-06:00 OK disk path=/opt/odoo used=23%
2026-06-09T03:50:01-06:00 SUMMARY status=ok
2026-06-09T03:55:01-06:00 OK health label=production container=odoo-production
2026-06-09T03:55:01-06:00 OK health label=staging container=odoo-staging
2026-06-09T03:55:01-06:00 OK disk path=/opt/odoo used=23%
2026-06-09T03:55:01-06:00 SUMMARY status=ok
2026-06-09T04:00:01-06:00 OK health label=production container=odoo-production
2026-06-09T04:00:01-06:00 OK health label=staging container=odoo-staging
2026-06-09T04:00:01-06:00 OK disk path=/opt/odoo used=23%
2026-06-09T04:00:01-06:00 SUMMARY status=ok
2026-06-09T04:05:01-06:00 OK health label=production container=odoo-production
2026-06-09T04:05:01-06:00 OK health label=staging container=odoo-staging
2026-06-09T04:05:01-06:00 OK disk path=/opt/odoo used=23%
2026-06-09T04:05:01-06:00 SUMMARY status=ok
2026-06-09T04:10:01-06:00 OK health label=production container=odoo-production
2026-06-09T04:10:01-06:00 OK health label=staging container=odoo-staging
2026-06-09T04:10:01-06:00 OK disk path=/opt/odoo used=23%
2026-06-09T04:10:01-06:00 SUMMARY status=ok
2026-06-09T04:15:01-06:00 OK health label=production container=odoo-production
2026-06-09T04:15:01-06:00 OK health label=staging container=odoo-staging
2026-06-09T04:15:01-06:00 OK disk path=/opt/odoo used=23%
2026-06-09T04:15:01-06:00 SUMMARY status=ok
2026-06-09T04:20:02-06:00 OK health label=production container=odoo-production
2026-06-09T04:20:02-06:00 OK health label=staging container=odoo-staging
2026-06-09T04:20:02-06:00 OK disk path=/opt/odoo used=23%
2026-06-09T04:20:02-06:00 SUMMARY status=ok
2026-06-09T04:25:02-06:00 OK health label=production container=odoo-production
2026-06-09T04:25:02-06:00 OK health label=staging container=odoo-staging
2026-06-09T04:25:02-06:00 OK disk path=/opt/odoo used=23%
2026-06-09T04:25:02-06:00 SUMMARY status=ok
2026-06-09T04:30:01-06:00 OK health label=production container=odoo-production
2026-06-09T04:30:01-06:00 OK health label=staging container=odoo-staging
2026-06-09T04:30:01-06:00 OK disk path=/opt/odoo used=23%
2026-06-09T04:30:01-06:00 SUMMARY status=ok
2026-06-09T04:35:01-06:00 OK health label=production container=odoo-production
2026-06-09T04:35:01-06:00 OK health label=staging container=odoo-staging
2026-06-09T04:35:01-06:00 OK disk path=/opt/odoo used=23%
2026-06-09T04:35:01-06:00 SUMMARY status=ok
2026-06-09T04:40:01-06:00 OK health label=production container=odoo-production
2026-06-09T04:40:01-06:00 OK health label=staging container=odoo-staging
2026-06-09T04:40:01-06:00 OK disk path=/opt/odoo used=23%
2026-06-09T04:40:01-06:00 SUMMARY status=ok
2026-06-09T04:45:01-06:00 OK health label=production container=odoo-production
2026-06-09T04:45:01-06:00 OK health label=staging container=odoo-staging
2026-06-09T04:45:01-06:00 OK disk path=/opt/odoo used=23%
2026-06-09T04:45:01-06:00 SUMMARY status=ok
2026-06-09T04:50:02-06:00 OK health label=production container=odoo-production
2026-06-09T04:50:02-06:00 OK health label=staging container=odoo-staging
2026-06-09T04:50:02-06:00 OK disk path=/opt/odoo used=23%
2026-06-09T04:50:02-06:00 SUMMARY status=ok
2026-06-09T04:55:02-06:00 OK health label=production container=odoo-production
2026-06-09T04:55:02-06:00 OK health label=staging container=odoo-staging
2026-06-09T04:55:02-06:00 OK disk path=/opt/odoo used=23%
2026-06-09T04:55:02-06:00 SUMMARY status=ok
2026-06-09T05:00:01-06:00 OK health label=production container=odoo-production
2026-06-09T05:00:01-06:00 OK health label=staging container=odoo-staging
2026-06-09T05:00:01-06:00 OK disk path=/opt/odoo used=23%
2026-06-09T05:00:01-06:00 SUMMARY status=ok
2026-06-09T05:05:01-06:00 OK health label=production container=odoo-production
2026-06-09T05:05:01-06:00 OK health label=staging container=odoo-staging
2026-06-09T05:05:01-06:00 OK disk path=/opt/odoo used=23%
2026-06-09T05:05:01-06:00 SUMMARY status=ok
2026-06-09T05:10:02-06:00 OK health label=production container=odoo-production
2026-06-09T05:10:02-06:00 OK health label=staging container=odoo-staging
2026-06-09T05:10:02-06:00 OK disk path=/opt/odoo used=23%
2026-06-09T05:10:02-06:00 SUMMARY status=ok
2026-06-09T05:15:01-06:00 OK health label=production container=odoo-production
2026-06-09T05:15:01-06:00 OK health label=staging container=odoo-staging
2026-06-09T05:15:01-06:00 OK disk path=/opt/odoo used=23%
2026-06-09T05:15:01-06:00 SUMMARY status=ok
2026-06-09T05:20:02-06:00 OK health label=production container=odoo-production
2026-06-09T05:20:02-06:00 OK health label=staging container=odoo-staging
2026-06-09T05:20:02-06:00 OK disk path=/opt/odoo used=23%
2026-06-09T05:20:02-06:00 SUMMARY status=ok
2026-06-09T05:25:01-06:00 OK health label=production container=odoo-production
2026-06-09T05:25:01-06:00 OK health label=staging container=odoo-staging
2026-06-09T05:25:01-06:00 OK disk path=/opt/odoo used=23%
2026-06-09T05:25:01-06:00 SUMMARY status=ok
2026-06-09T05:30:01-06:00 OK health label=production container=odoo-production
2026-06-09T05:30:01-06:00 OK health label=staging container=odoo-staging
2026-06-09T05:30:01-06:00 OK disk path=/opt/odoo used=23%
2026-06-09T05:30:01-06:00 SUMMARY status=ok
2026-06-09T05:35:01-06:00 OK health label=production container=odoo-production
2026-06-09T05:35:01-06:00 OK health label=staging container=odoo-staging
2026-06-09T05:35:01-06:00 OK disk path=/opt/odoo used=23%
2026-06-09T05:35:01-06:00 SUMMARY status=ok
2026-06-09T05:40:01-06:00 OK health label=production container=odoo-production
2026-06-09T05:40:01-06:00 OK health label=staging container=odoo-staging
2026-06-09T05:40:01-06:00 OK disk path=/opt/odoo used=23%
2026-06-09T05:40:01-06:00 SUMMARY status=ok
2026-06-09T05:45:01-06:00 OK health label=production container=odoo-production
2026-06-09T05:45:01-06:00 OK health label=staging container=odoo-staging
2026-06-09T05:45:01-06:00 OK disk path=/opt/odoo used=23%
2026-06-09T05:45:01-06:00 SUMMARY status=ok
2026-06-09T05:50:01-06:00 OK health label=production container=odoo-production
2026-06-09T05:50:01-06:00 OK health label=staging container=odoo-staging
2026-06-09T05:50:01-06:00 OK disk path=/opt/odoo used=23%
2026-06-09T05:50:01-06:00 SUMMARY status=ok
2026-06-09T05:55:01-06:00 OK health label=production container=odoo-production
2026-06-09T05:55:01-06:00 OK health label=staging container=odoo-staging
2026-06-09T05:55:01-06:00 OK disk path=/opt/odoo used=23%
2026-06-09T05:55:01-06:00 SUMMARY status=ok
2026-06-09T06:00:02-06:00 OK health label=production container=odoo-production
2026-06-09T06:00:02-06:00 OK health label=staging container=odoo-staging
2026-06-09T06:00:02-06:00 OK disk path=/opt/odoo used=23%
2026-06-09T06:00:02-06:00 SUMMARY status=ok
2026-06-09T06:05:02-06:00 OK health label=production container=odoo-production
2026-06-09T06:05:02-06:00 OK health label=staging container=odoo-staging
2026-06-09T06:05:02-06:00 OK disk path=/opt/odoo used=23%
2026-06-09T06:05:02-06:00 SUMMARY status=ok
2026-06-09T06:10:01-06:00 OK health label=production container=odoo-production
2026-06-09T06:10:01-06:00 OK health label=staging container=odoo-staging
2026-06-09T06:10:01-06:00 OK disk path=/opt/odoo used=23%
2026-06-09T06:10:01-06:00 SUMMARY status=ok
2026-06-09T06:15:01-06:00 OK health label=production container=odoo-production
2026-06-09T06:15:01-06:00 OK health label=staging container=odoo-staging
2026-06-09T06:15:01-06:00 OK disk path=/opt/odoo used=23%
2026-06-09T06:15:01-06:00 SUMMARY status=ok
2026-06-09T06:20:02-06:00 OK health label=production container=odoo-production
2026-06-09T06:20:02-06:00 OK health label=staging container=odoo-staging
2026-06-09T06:20:02-06:00 OK disk path=/opt/odoo used=23%
2026-06-09T06:20:02-06:00 SUMMARY status=ok
2026-06-09T06:25:01-06:00 OK health label=production container=odoo-production
2026-06-09T06:25:01-06:00 OK health label=staging container=odoo-staging
2026-06-09T06:25:01-06:00 OK disk path=/opt/odoo used=23%
2026-06-09T06:25:01-06:00 SUMMARY status=ok
2026-06-09T06:30:01-06:00 OK health label=production container=odoo-production
2026-06-09T06:30:01-06:00 OK health label=staging container=odoo-staging
2026-06-09T06:30:01-06:00 OK disk path=/opt/odoo used=23%
2026-06-09T06:30:01-06:00 SUMMARY status=ok
2026-06-09T06:35:02-06:00 OK health label=production container=odoo-production
2026-06-09T06:35:02-06:00 OK health label=staging container=odoo-staging
2026-06-09T06:35:02-06:00 OK disk path=/opt/odoo used=23%
2026-06-09T06:35:02-06:00 SUMMARY status=ok
2026-06-09T06:40:02-06:00 OK health label=production container=odoo-production
2026-06-09T06:40:02-06:00 OK health label=staging container=odoo-staging
2026-06-09T06:40:02-06:00 OK disk path=/opt/odoo used=23%
2026-06-09T06:40:02-06:00 SUMMARY status=ok
2026-06-09T06:45:01-06:00 OK health label=production container=odoo-production
2026-06-09T06:45:01-06:00 OK health label=staging container=odoo-staging
2026-06-09T06:45:01-06:00 OK disk path=/opt/odoo used=23%
2026-06-09T06:45:01-06:00 SUMMARY status=ok
2026-06-09T06:50:01-06:00 OK health label=production container=odoo-production
2026-06-09T06:50:01-06:00 OK health label=staging container=odoo-staging
2026-06-09T06:50:01-06:00 OK disk path=/opt/odoo used=23%
2026-06-09T06:50:01-06:00 SUMMARY status=ok
2026-06-09T06:55:02-06:00 OK health label=production container=odoo-production
2026-06-09T06:55:02-06:00 OK health label=staging container=odoo-staging
2026-06-09T06:55:02-06:00 OK disk path=/opt/odoo used=23%
2026-06-09T06:55:02-06:00 SUMMARY status=ok
2026-06-09T07:00:02-06:00 OK health label=production container=odoo-production
2026-06-09T07:00:02-06:00 OK health label=staging container=odoo-staging
2026-06-09T07:00:02-06:00 OK disk path=/opt/odoo used=23%
2026-06-09T07:00:02-06:00 SUMMARY status=ok
2026-06-09T07:05:01-06:00 OK health label=production container=odoo-production
2026-06-09T07:05:01-06:00 OK health label=staging container=odoo-staging
2026-06-09T07:05:01-06:00 OK disk path=/opt/odoo used=23%
2026-06-09T07:05:01-06:00 SUMMARY status=ok
2026-06-09T07:10:01-06:00 OK health label=production container=odoo-production
2026-06-09T07:10:01-06:00 OK health label=staging container=odoo-staging
2026-06-09T07:10:01-06:00 OK disk path=/opt/odoo used=23%
2026-06-09T07:10:01-06:00 SUMMARY status=ok
2026-06-09T07:15:01-06:00 OK health label=production container=odoo-production
2026-06-09T07:15:01-06:00 OK health label=staging container=odoo-staging
2026-06-09T07:15:01-06:00 OK disk path=/opt/odoo used=23%
2026-06-09T07:15:01-06:00 SUMMARY status=ok
2026-06-09T07:20:03-06:00 OK health label=production container=odoo-production
2026-06-09T07:20:03-06:00 OK health label=staging container=odoo-staging
2026-06-09T07:20:03-06:00 OK disk path=/opt/odoo used=23%
2026-06-09T07:20:03-06:00 SUMMARY status=ok
2026-06-09T07:25:01-06:00 OK health label=production container=odoo-production
2026-06-09T07:25:01-06:00 OK health label=staging container=odoo-staging
2026-06-09T07:25:01-06:00 OK disk path=/opt/odoo used=23%
2026-06-09T07:25:01-06:00 SUMMARY status=ok
2026-06-09T07:30:01-06:00 OK health label=production container=odoo-production
2026-06-09T07:30:01-06:00 OK health label=staging container=odoo-staging
2026-06-09T07:30:01-06:00 OK disk path=/opt/odoo used=23%
2026-06-09T07:30:01-06:00 SUMMARY status=ok
2026-06-09T07:35:02-06:00 OK health label=production container=odoo-production
2026-06-09T07:35:02-06:00 OK health label=staging container=odoo-staging
2026-06-09T07:35:02-06:00 OK disk path=/opt/odoo used=23%
2026-06-09T07:35:02-06:00 SUMMARY status=ok
2026-06-09T07:40:01-06:00 OK health label=production container=odoo-production
2026-06-09T07:40:01-06:00 OK health label=staging container=odoo-staging
2026-06-09T07:40:01-06:00 OK disk path=/opt/odoo used=23%
2026-06-09T07:40:01-06:00 SUMMARY status=ok
2026-06-09T07:45:02-06:00 OK health label=production container=odoo-production
2026-06-09T07:45:02-06:00 OK health label=staging container=odoo-staging
2026-06-09T07:45:02-06:00 OK disk path=/opt/odoo used=23%
2026-06-09T07:45:02-06:00 SUMMARY status=ok
2026-06-09T07:50:01-06:00 OK health label=production container=odoo-production
2026-06-09T07:50:01-06:00 OK health label=staging container=odoo-staging
2026-06-09T07:50:01-06:00 OK disk path=/opt/odoo used=23%
2026-06-09T07:50:01-06:00 SUMMARY status=ok
2026-06-09T07:55:01-06:00 OK health label=production container=odoo-production
2026-06-09T07:55:01-06:00 OK health label=staging container=odoo-staging
2026-06-09T07:55:01-06:00 OK disk path=/opt/odoo used=23%
2026-06-09T07:55:01-06:00 SUMMARY status=ok
2026-06-09T08:00:01-06:00 OK health label=production container=odoo-production
2026-06-09T08:00:01-06:00 OK health label=staging container=odoo-staging
2026-06-09T08:00:01-06:00 OK disk path=/opt/odoo used=23%
2026-06-09T08:00:01-06:00 SUMMARY status=ok
2026-06-09T08:05:01-06:00 OK health label=production container=odoo-production
2026-06-09T08:05:01-06:00 OK health label=staging container=odoo-staging
2026-06-09T08:05:01-06:00 OK disk path=/opt/odoo used=23%
2026-06-09T08:05:01-06:00 SUMMARY status=ok
2026-06-09T08:10:02-06:00 OK health label=production container=odoo-production
2026-06-09T08:10:02-06:00 OK health label=staging container=odoo-staging
2026-06-09T08:10:02-06:00 OK disk path=/opt/odoo used=23%
2026-06-09T08:10:02-06:00 SUMMARY status=ok
2026-06-09T08:15:01-06:00 OK health label=production container=odoo-production
2026-06-09T08:15:01-06:00 OK health label=staging container=odoo-staging
2026-06-09T08:15:01-06:00 OK disk path=/opt/odoo used=23%
2026-06-09T08:15:01-06:00 SUMMARY status=ok
2026-06-09T08:20:01-06:00 OK health label=production container=odoo-production
2026-06-09T08:20:01-06:00 OK health label=staging container=odoo-staging
2026-06-09T08:20:01-06:00 OK disk path=/opt/odoo used=23%
2026-06-09T08:20:01-06:00 SUMMARY status=ok
2026-06-09T08:25:01-06:00 OK health label=production container=odoo-production
2026-06-09T08:25:01-06:00 OK health label=staging container=odoo-staging
2026-06-09T08:25:01-06:00 OK disk path=/opt/odoo used=23%
2026-06-09T08:25:01-06:00 SUMMARY status=ok
2026-06-09T08:30:01-06:00 OK health label=production container=odoo-production
2026-06-09T08:30:01-06:00 OK health label=staging container=odoo-staging
2026-06-09T08:30:01-06:00 OK disk path=/opt/odoo used=23%
2026-06-09T08:30:01-06:00 SUMMARY status=ok
2026-06-09T08:35:01-06:00 OK health label=production container=odoo-production
2026-06-09T08:35:01-06:00 OK health label=staging container=odoo-staging
2026-06-09T08:35:01-06:00 OK disk path=/opt/odoo used=23%
2026-06-09T08:35:01-06:00 SUMMARY status=ok
2026-06-09T08:40:01-06:00 OK health label=production container=odoo-production
2026-06-09T08:40:01-06:00 OK health label=staging container=odoo-staging
2026-06-09T08:40:01-06:00 OK disk path=/opt/odoo used=23%
2026-06-09T08:40:01-06:00 SUMMARY status=ok
2026-06-09T08:45:01-06:00 OK health label=production container=odoo-production
2026-06-09T08:45:01-06:00 OK health label=staging container=odoo-staging
2026-06-09T08:45:01-06:00 OK disk path=/opt/odoo used=23%
2026-06-09T08:45:01-06:00 SUMMARY status=ok
2026-06-09T08:50:02-06:00 OK health label=production container=odoo-production
2026-06-09T08:50:02-06:00 OK health label=staging container=odoo-staging
2026-06-09T08:50:02-06:00 OK disk path=/opt/odoo used=23%
2026-06-09T08:50:02-06:00 SUMMARY status=ok
2026-06-09T08:55:01-06:00 OK health label=production container=odoo-production
2026-06-09T08:55:01-06:00 OK health label=staging container=odoo-staging
2026-06-09T08:55:01-06:00 OK disk path=/opt/odoo used=23%
2026-06-09T08:55:01-06:00 SUMMARY status=ok
2026-06-09T09:00:01-06:00 OK health label=production container=odoo-production
2026-06-09T09:00:01-06:00 OK health label=staging container=odoo-staging
2026-06-09T09:00:01-06:00 OK disk path=/opt/odoo used=23%
2026-06-09T09:00:01-06:00 SUMMARY status=ok
2026-06-09T09:05:02-06:00 OK health label=production container=odoo-production
2026-06-09T09:05:02-06:00 OK health label=staging container=odoo-staging
2026-06-09T09:05:02-06:00 OK disk path=/opt/odoo used=23%
2026-06-09T09:05:02-06:00 SUMMARY status=ok
2026-06-09T09:10:01-06:00 OK health label=production container=odoo-production
2026-06-09T09:10:01-06:00 OK health label=staging container=odoo-staging
2026-06-09T09:10:01-06:00 OK disk path=/opt/odoo used=23%
2026-06-09T09:10:01-06:00 SUMMARY status=ok
2026-06-09T09:15:02-06:00 ERROR container_unhealthy name=odoo-staging health=starting
2026-06-09T09:15:02-06:00 OK health label=production container=odoo-production
2026-06-09T09:15:02-06:00 ERROR health_failed label=staging container=odoo-staging
2026-06-09T09:15:02-06:00 OK disk path=/opt/odoo used=23%
2026-06-09T09:15:02-06:00 SUMMARY status=fail errors=2
2026-06-09T09:20:03-06:00 OK health label=production container=odoo-production
2026-06-09T09:20:03-06:00 ERROR health_failed label=staging container=odoo-staging
2026-06-09T09:20:03-06:00 OK disk path=/opt/odoo used=24%
2026-06-09T09:20:03-06:00 SUMMARY status=fail errors=1
2026-06-09T09:25:02-06:00 OK health label=production container=odoo-production
2026-06-09T09:25:02-06:00 OK health label=staging container=odoo-staging
2026-06-09T09:25:02-06:00 OK disk path=/opt/odoo used=24%
2026-06-09T09:25:02-06:00 SUMMARY status=ok
2026-06-09T09:30:02-06:00 OK health label=production container=odoo-production
2026-06-09T09:30:02-06:00 OK health label=staging container=odoo-staging
2026-06-09T09:30:02-06:00 OK disk path=/opt/odoo used=24%
2026-06-09T09:30:02-06:00 SUMMARY status=ok
2026-06-09T09:35:02-06:00 OK health label=production container=odoo-production
2026-06-09T09:35:02-06:00 OK health label=staging container=odoo-staging
2026-06-09T09:35:02-06:00 OK disk path=/opt/odoo used=24%
2026-06-09T09:35:02-06:00 SUMMARY status=ok
2026-06-09T09:40:01-06:00 OK health label=production container=odoo-production
2026-06-09T09:40:01-06:00 OK health label=staging container=odoo-staging
2026-06-09T09:40:01-06:00 OK disk path=/opt/odoo used=24%
2026-06-09T09:40:01-06:00 SUMMARY status=ok
2026-06-09T09:45:01-06:00 OK health label=production container=odoo-production
2026-06-09T09:45:01-06:00 OK health label=staging container=odoo-staging
2026-06-09T09:45:01-06:00 OK disk path=/opt/odoo used=24%
2026-06-09T09:45:01-06:00 SUMMARY status=ok
2026-06-09T09:50:01-06:00 OK health label=production container=odoo-production
2026-06-09T09:50:01-06:00 OK health label=staging container=odoo-staging
2026-06-09T09:50:01-06:00 OK disk path=/opt/odoo used=24%
2026-06-09T09:50:01-06:00 SUMMARY status=ok
2026-06-09T09:55:01-06:00 OK health label=production container=odoo-production
2026-06-09T09:55:01-06:00 OK health label=staging container=odoo-staging
2026-06-09T09:55:01-06:00 OK disk path=/opt/odoo used=24%
2026-06-09T09:55:01-06:00 SUMMARY status=ok
2026-06-09T10:00:01-06:00 OK health label=production container=odoo-production
2026-06-09T10:00:01-06:00 OK health label=staging container=odoo-staging
2026-06-09T10:00:01-06:00 OK disk path=/opt/odoo used=24%
2026-06-09T10:00:01-06:00 SUMMARY status=ok
2026-06-09T10:05:02-06:00 OK health label=production container=odoo-production
2026-06-09T10:05:02-06:00 OK health label=staging container=odoo-staging
2026-06-09T10:05:02-06:00 OK disk path=/opt/odoo used=24%
2026-06-09T10:05:02-06:00 SUMMARY status=ok
2026-06-09T10:10:01-06:00 OK health label=production container=odoo-production
2026-06-09T10:10:01-06:00 OK health label=staging container=odoo-staging
2026-06-09T10:10:01-06:00 OK disk path=/opt/odoo used=24%
2026-06-09T10:10:01-06:00 SUMMARY status=ok
2026-06-09T10:15:01-06:00 OK health label=production container=odoo-production
2026-06-09T10:15:01-06:00 OK health label=staging container=odoo-staging
2026-06-09T10:15:01-06:00 OK disk path=/opt/odoo used=24%
2026-06-09T10:15:01-06:00 SUMMARY status=ok
2026-06-09T10:20:01-06:00 ERROR container_not_running name=odoo-staging state=removing
2026-06-09T10:20:01-06:00 OK health label=production container=odoo-production
2026-06-09T10:20:01-06:00 ERROR health_failed label=staging container=odoo-staging
2026-06-09T10:20:01-06:00 OK disk path=/opt/odoo used=24%
2026-06-09T10:20:01-06:00 SUMMARY status=fail errors=2
2026-06-09T10:25:01-06:00 ERROR container_not_running name=odoo-production state=exited
2026-06-09T10:25:01-06:00 ERROR health_failed label=production container=odoo-production
2026-06-09T10:25:01-06:00 OK health label=staging container=odoo-staging
2026-06-09T10:25:01-06:00 OK disk path=/opt/odoo used=24%
2026-06-09T10:25:01-06:00 SUMMARY status=fail errors=2
2026-06-09T10:30:02-06:00 OK health label=production container=odoo-production
2026-06-09T10:30:02-06:00 OK health label=staging container=odoo-staging
2026-06-09T10:30:02-06:00 OK disk path=/opt/odoo used=24%
2026-06-09T10:30:02-06:00 SUMMARY status=ok
2026-06-09T10:35:01-06:00 OK health label=production container=odoo-production
2026-06-09T10:35:01-06:00 OK health label=staging container=odoo-staging
2026-06-09T10:35:01-06:00 OK disk path=/opt/odoo used=24%
2026-06-09T10:35:01-06:00 SUMMARY status=ok
2026-06-09T10:40:02-06:00 OK health label=production container=odoo-production
2026-06-09T10:40:02-06:00 OK health label=staging container=odoo-staging
2026-06-09T10:40:02-06:00 OK disk path=/opt/odoo used=24%
2026-06-09T10:40:02-06:00 SUMMARY status=ok
2026-06-09T10:45:01-06:00 OK health label=production container=odoo-production
2026-06-09T10:45:01-06:00 OK health label=staging container=odoo-staging
2026-06-09T10:45:01-06:00 OK disk path=/opt/odoo used=24%
2026-06-09T10:45:01-06:00 SUMMARY status=ok
2026-06-09T10:50:01-06:00 OK health label=production container=odoo-production
2026-06-09T10:50:01-06:00 OK health label=staging container=odoo-staging
2026-06-09T10:50:01-06:00 OK disk path=/opt/odoo used=24%
2026-06-09T10:50:01-06:00 SUMMARY status=ok
2026-06-09T10:55:01-06:00 OK health label=production container=odoo-production
2026-06-09T10:55:01-06:00 OK health label=staging container=odoo-staging
2026-06-09T10:55:01-06:00 OK disk path=/opt/odoo used=24%
2026-06-09T10:55:01-06:00 SUMMARY status=ok
2026-06-09T11:00:01-06:00 OK health label=production container=odoo-production
2026-06-09T11:00:01-06:00 OK health label=staging container=odoo-staging
2026-06-09T11:00:01-06:00 OK disk path=/opt/odoo used=24%
2026-06-09T11:00:01-06:00 SUMMARY status=ok
2026-06-09T11:05:02-06:00 OK health label=production container=odoo-production
2026-06-09T11:05:02-06:00 OK health label=staging container=odoo-staging
2026-06-09T11:05:02-06:00 OK disk path=/opt/odoo used=24%
2026-06-09T11:05:02-06:00 SUMMARY status=ok
2026-06-09T11:10:01-06:00 OK health label=production container=odoo-production
2026-06-09T11:10:01-06:00 OK health label=staging container=odoo-staging
2026-06-09T11:10:01-06:00 OK disk path=/opt/odoo used=24%
2026-06-09T11:10:01-06:00 SUMMARY status=ok
2026-06-09T11:15:01-06:00 OK health label=production container=odoo-production
2026-06-09T11:15:01-06:00 OK health label=staging container=odoo-staging
2026-06-09T11:15:01-06:00 OK disk path=/opt/odoo used=24%
2026-06-09T11:15:01-06:00 SUMMARY status=ok
2026-06-09T11:20:01-06:00 OK health label=production container=odoo-production
2026-06-09T11:20:01-06:00 OK health label=staging container=odoo-staging
2026-06-09T11:20:01-06:00 OK disk path=/opt/odoo used=24%
2026-06-09T11:20:01-06:00 SUMMARY status=ok
2026-06-09T11:25:01-06:00 OK health label=production container=odoo-production
2026-06-09T11:25:01-06:00 OK health label=staging container=odoo-staging
2026-06-09T11:25:01-06:00 OK disk path=/opt/odoo used=24%
2026-06-09T11:25:01-06:00 SUMMARY status=ok
2026-06-09T11:30:01-06:00 OK health label=production container=odoo-production
2026-06-09T11:30:01-06:00 OK health label=staging container=odoo-staging
2026-06-09T11:30:01-06:00 OK disk path=/opt/odoo used=24%
2026-06-09T11:30:01-06:00 SUMMARY status=ok
2026-06-09T11:35:01-06:00 OK health label=production container=odoo-production
2026-06-09T11:35:01-06:00 OK health label=staging container=odoo-staging
2026-06-09T11:35:01-06:00 OK disk path=/opt/odoo used=24%
2026-06-09T11:35:01-06:00 SUMMARY status=ok
2026-06-09T11:40:02-06:00 OK health label=production container=odoo-production
2026-06-09T11:40:02-06:00 OK health label=staging container=odoo-staging
2026-06-09T11:40:02-06:00 OK disk path=/opt/odoo used=24%
2026-06-09T11:40:02-06:00 SUMMARY status=ok
2026-06-09T11:45:02-06:00 OK health label=production container=odoo-production
2026-06-09T11:45:02-06:00 OK health label=staging container=odoo-staging
2026-06-09T11:45:02-06:00 OK disk path=/opt/odoo used=24%
2026-06-09T11:45:02-06:00 SUMMARY status=ok
2026-06-09T11:50:01-06:00 OK health label=production container=odoo-production
2026-06-09T11:50:01-06:00 OK health label=staging container=odoo-staging
2026-06-09T11:50:01-06:00 OK disk path=/opt/odoo used=24%
2026-06-09T11:50:01-06:00 SUMMARY status=ok
2026-06-09T11:55:01-06:00 OK health label=production container=odoo-production
2026-06-09T11:55:01-06:00 OK health label=staging container=odoo-staging
2026-06-09T11:55:01-06:00 OK disk path=/opt/odoo used=24%
2026-06-09T11:55:01-06:00 SUMMARY status=ok
2026-06-09T12:00:02-06:00 OK health label=production container=odoo-production
2026-06-09T12:00:02-06:00 OK health label=staging container=odoo-staging
2026-06-09T12:00:02-06:00 OK disk path=/opt/odoo used=24%
2026-06-09T12:00:02-06:00 SUMMARY status=ok
2026-06-09T12:05:02-06:00 ERROR container_unhealthy name=odoo-staging health=starting
2026-06-09T12:05:02-06:00 OK health label=production container=odoo-production
2026-06-09T12:05:02-06:00 OK health label=staging container=odoo-staging
2026-06-09T12:05:02-06:00 OK disk path=/opt/odoo used=24%
2026-06-09T12:05:02-06:00 SUMMARY status=fail errors=1
2026-06-09T12:10:01-06:00 OK health label=production container=odoo-production
2026-06-09T12:10:01-06:00 OK health label=staging container=odoo-staging
2026-06-09T12:10:01-06:00 OK disk path=/opt/odoo used=24%
2026-06-09T12:10:01-06:00 SUMMARY status=ok
2026-06-09T12:15:02-06:00 OK health label=production container=odoo-production
2026-06-09T12:15:02-06:00 OK health label=staging container=odoo-staging
2026-06-09T12:15:02-06:00 OK disk path=/opt/odoo used=24%
2026-06-09T12:15:02-06:00 SUMMARY status=ok
2026-06-09T12:20:03-06:00 OK health label=production container=odoo-production
2026-06-09T12:20:03-06:00 OK health label=staging container=odoo-staging
2026-06-09T12:20:03-06:00 OK disk path=/opt/odoo used=24%
2026-06-09T12:20:03-06:00 SUMMARY status=ok
2026-06-09T12:25:01-06:00 OK health label=production container=odoo-production
2026-06-09T12:25:01-06:00 OK health label=staging container=odoo-staging
2026-06-09T12:25:01-06:00 OK disk path=/opt/odoo used=24%
2026-06-09T12:25:01-06:00 SUMMARY status=ok
2026-06-09T12:30:01-06:00 OK health label=production container=odoo-production
2026-06-09T12:30:01-06:00 OK health label=staging container=odoo-staging
2026-06-09T12:30:01-06:00 OK disk path=/opt/odoo used=24%
2026-06-09T12:30:01-06:00 SUMMARY status=ok
2026-06-09T12:35:01-06:00 OK health label=production container=odoo-production
2026-06-09T12:35:01-06:00 OK health label=staging container=odoo-staging
2026-06-09T12:35:01-06:00 OK disk path=/opt/odoo used=24%
2026-06-09T12:35:01-06:00 SUMMARY status=ok
2026-06-09T12:40:01-06:00 OK health label=production container=odoo-production
2026-06-09T12:40:01-06:00 OK health label=staging container=odoo-staging
2026-06-09T12:40:01-06:00 OK disk path=/opt/odoo used=24%
2026-06-09T12:40:01-06:00 SUMMARY status=ok
2026-06-09T12:45:01-06:00 ERROR container_not_running name=odoo-staging state=exited
2026-06-09T12:45:01-06:00 OK health label=production container=odoo-production
2026-06-09T12:45:01-06:00 ERROR health_failed label=staging container=odoo-staging
2026-06-09T12:45:01-06:00 OK disk path=/opt/odoo used=24%
2026-06-09T12:45:01-06:00 SUMMARY status=fail errors=2
2026-06-09T12:50:02-06:00 ERROR container_not_running name=odoo-staging-db state=created
2026-06-09T12:50:02-06:00 OK health label=production container=odoo-production
2026-06-09T12:50:02-06:00 ERROR health_failed label=staging container=odoo-staging
2026-06-09T12:50:02-06:00 OK disk path=/opt/odoo used=24%
2026-06-09T12:50:02-06:00 SUMMARY status=fail errors=2
2026-06-09T12:55:01-06:00 OK health label=production container=odoo-production
2026-06-09T12:55:01-06:00 OK health label=staging container=odoo-staging
2026-06-09T12:55:01-06:00 OK disk path=/opt/odoo used=24%
2026-06-09T12:55:01-06:00 SUMMARY status=ok
2026-06-09T13:00:01-06:00 OK health label=production container=odoo-production
2026-06-09T13:00:01-06:00 OK health label=staging container=odoo-staging
2026-06-09T13:00:01-06:00 OK disk path=/opt/odoo used=24%
2026-06-09T13:00:01-06:00 SUMMARY status=ok
2026-06-09T13:05:02-06:00 OK health label=production container=odoo-production
2026-06-09T13:05:02-06:00 OK health label=staging container=odoo-staging
2026-06-09T13:05:02-06:00 OK disk path=/opt/odoo used=24%
2026-06-09T13:05:02-06:00 SUMMARY status=ok
2026-06-09T13:10:02-06:00 OK health label=production container=odoo-production
2026-06-09T13:10:02-06:00 OK health label=staging container=odoo-staging
2026-06-09T13:10:02-06:00 OK disk path=/opt/odoo used=24%
2026-06-09T13:10:02-06:00 SUMMARY status=ok
2026-06-09T13:15:01-06:00 OK health label=production container=odoo-production
2026-06-09T13:15:01-06:00 OK health label=staging container=odoo-staging
2026-06-09T13:15:01-06:00 OK disk path=/opt/odoo used=24%
2026-06-09T13:15:01-06:00 SUMMARY status=ok
2026-06-09T13:20:01-06:00 OK health label=production container=odoo-production
2026-06-09T13:20:01-06:00 OK health label=staging container=odoo-staging
2026-06-09T13:20:01-06:00 OK disk path=/opt/odoo used=24%
2026-06-09T13:20:01-06:00 SUMMARY status=ok
2026-06-09T13:25:01-06:00 OK health label=production container=odoo-production
2026-06-09T13:25:01-06:00 OK health label=staging container=odoo-staging
2026-06-09T13:25:01-06:00 OK disk path=/opt/odoo used=24%
2026-06-09T13:25:01-06:00 SUMMARY status=ok
2026-06-09T13:30:03-06:00 OK health label=production container=odoo-production
2026-06-09T13:30:03-06:00 OK health label=staging container=odoo-staging
2026-06-09T13:30:03-06:00 OK disk path=/opt/odoo used=24%
2026-06-09T13:30:03-06:00 SUMMARY status=ok
2026-06-09T13:35:01-06:00 OK health label=production container=odoo-production
2026-06-09T13:35:01-06:00 OK health label=staging container=odoo-staging
2026-06-09T13:35:01-06:00 OK disk path=/opt/odoo used=24%
2026-06-09T13:35:01-06:00 SUMMARY status=ok
2026-06-09T13:40:02-06:00 OK health label=production container=odoo-production
2026-06-09T13:40:02-06:00 OK health label=staging container=odoo-staging
2026-06-09T13:40:02-06:00 OK disk path=/opt/odoo used=24%
2026-06-09T13:40:02-06:00 SUMMARY status=ok
2026-06-09T13:45:01-06:00 OK health label=production container=odoo-production
2026-06-09T13:45:01-06:00 OK health label=staging container=odoo-staging
2026-06-09T13:45:01-06:00 OK disk path=/opt/odoo used=24%
2026-06-09T13:45:01-06:00 SUMMARY status=ok
2026-06-09T13:50:02-06:00 OK health label=production container=odoo-production
2026-06-09T13:50:02-06:00 OK health label=staging container=odoo-staging
2026-06-09T13:50:02-06:00 OK disk path=/opt/odoo used=24%
2026-06-09T13:50:02-06:00 SUMMARY status=ok
2026-06-09T13:55:02-06:00 OK health label=production container=odoo-production
2026-06-09T13:55:02-06:00 OK health label=staging container=odoo-staging
2026-06-09T13:55:02-06:00 OK disk path=/opt/odoo used=24%
2026-06-09T13:55:02-06:00 SUMMARY status=ok
2026-06-09T14:00:01-06:00 ERROR container_not_running name=odoo-staging state=exited
2026-06-09T14:00:01-06:00 OK health label=production container=odoo-production
2026-06-09T14:00:01-06:00 ERROR health_failed label=staging container=odoo-staging
2026-06-09T14:00:01-06:00 OK disk path=/opt/odoo used=24%
2026-06-09T14:00:01-06:00 SUMMARY status=fail errors=2
2026-06-09T14:05:01-06:00 OK health label=production container=odoo-production
2026-06-09T14:05:01-06:00 OK health label=staging container=odoo-staging
2026-06-09T14:05:01-06:00 OK disk path=/opt/odoo used=24%
2026-06-09T14:05:01-06:00 SUMMARY status=ok
2026-06-09T14:10:01-06:00 OK health label=production container=odoo-production
2026-06-09T14:10:01-06:00 OK health label=staging container=odoo-staging
2026-06-09T14:10:01-06:00 OK disk path=/opt/odoo used=24%
2026-06-09T14:10:01-06:00 SUMMARY status=ok
2026-06-09T14:15:01-06:00 OK health label=production container=odoo-production
2026-06-09T14:15:01-06:00 OK health label=staging container=odoo-staging
2026-06-09T14:15:01-06:00 OK disk path=/opt/odoo used=24%
2026-06-09T14:15:01-06:00 SUMMARY status=ok
2026-06-09T14:20:04-06:00 OK health label=production container=odoo-production
2026-06-09T14:20:04-06:00 OK health label=staging container=odoo-staging
2026-06-09T14:20:04-06:00 OK disk path=/opt/odoo used=24%
2026-06-09T14:20:04-06:00 SUMMARY status=ok
2026-06-09T14:25:03-06:00 OK health label=production container=odoo-production
2026-06-09T14:25:03-06:00 ERROR health_failed label=staging container=odoo-staging
2026-06-09T14:25:03-06:00 OK disk path=/opt/odoo used=24%
2026-06-09T14:25:03-06:00 SUMMARY status=fail errors=1
2026-06-09T14:30:01-06:00 OK health label=production container=odoo-production
2026-06-09T14:30:01-06:00 OK health label=staging container=odoo-staging
2026-06-09T14:30:01-06:00 OK disk path=/opt/odoo used=24%
2026-06-09T14:30:01-06:00 SUMMARY status=ok
2026-06-09T14:35:01-06:00 OK health label=production container=odoo-production
2026-06-09T14:35:01-06:00 OK health label=staging container=odoo-staging
2026-06-09T14:35:01-06:00 OK disk path=/opt/odoo used=24%
2026-06-09T14:35:01-06:00 SUMMARY status=ok
2026-06-09T14:40:01-06:00 OK health label=production container=odoo-production
2026-06-09T14:40:01-06:00 OK health label=staging container=odoo-staging
2026-06-09T14:40:01-06:00 OK disk path=/opt/odoo used=24%
2026-06-09T14:40:01-06:00 SUMMARY status=ok
